observation_date,BAMLC0A0CM
2015-01-01,1.220
2015-01-02,1.230
2015-01-03,1.240
2015-01-04,1.250
2015-01-05,1.250
2015-01-06,1.260
2015-01-07,1.260
2015-01-08,1.260
2015-01-09,1.270
2015-01-10,1.270
2015-01-11,1.270
2015-01-12,1.270
2015-01-13,1.270
2015-01-14,1.270
2015-01-15,1.270
2015-01-16,1.270
2015-01-17,1.270
2015-01-18,1.270
2015-01-19,1.270
2015-01-20,1.270
2015-01-21,1.280
2015-01-22,1.280
2015-01-23,1.280
2015-01-24,1.290
2015-01-25,1.290
2015-01-26,1.300
2015-01-27,1.300
2015-01-28,1.310
2015-01-29,1.310
2015-01-30,1.320
2015-01-31,1.330
2015-02-01,1.330
2015-02-02,1.340
2015-02-03,1.340
2015-02-04,1.350
2015-02-05,1.350
2015-02-06,1.360
2015-02-07,1.360
2015-02-08,1.360
2015-02-09,1.360
2015-02-10,1.360
2015-02-11,1.360
2015-02-12,1.360
2015-02-13,1.350
2015-02-14,1.340
2015-02-15,1.340
2015-02-16,1.330
2015-02-17,1.310
2015-02-18,1.300
2015-02-19,1.290
2015-02-20,1.270
2015-02-21,1.260
2015-02-22,1.240
2015-02-23,1.230
2015-02-24,1.210
2015-02-25,1.190
2015-02-26,1.170
2015-02-27,1.160
2015-02-28,1.140
2015-03-01,1.120
2015-03-02,1.110
2015-03-03,1.090
2015-03-04,1.080
2015-03-05,1.070
2015-03-06,1.060
2015-03-07,1.050
2015-03-08,1.040
2015-03-09,1.030
2015-03-10,1.030
2015-03-11,1.020
2015-03-12,1.020
2015-03-13,1.020
2015-03-14,1.020
2015-03-15,1.020
2015-03-16,1.020
2015-03-17,1.020
2015-03-18,1.020
2015-03-19,1.030
2015-03-20,1.030
2015-03-21,1.040
2015-03-22,1.040
2015-03-23,1.050
2015-03-24,1.050
2015-03-25,1.050
2015-03-26,1.060
2015-03-27,1.060
2015-03-28,1.060
2015-03-29,1.070
2015-03-30,1.070
2015-03-31,1.070
2015-04-01,1.070
2015-04-02,1.070
2015-04-03,1.060
2015-04-04,1.060
2015-04-05,1.060
2015-04-06,1.060
2015-04-07,1.050
2015-04-08,1.050
2015-04-09,1.050
2015-04-10,1.040
2015-04-11,1.040
2015-04-12,1.040
2015-04-13,1.040
2015-04-14,1.030
2015-04-15,1.030
2015-04-16,1.030
2015-04-17,1.040
2015-04-18,1.040
2015-04-19,1.040
2015-04-20,1.050
2015-04-21,1.050
2015-04-22,1.060
2015-04-23,1.070
2015-04-24,1.080
2015-04-25,1.090
2015-04-26,1.100
2015-04-27,1.110
2015-04-28,1.130
2015-04-29,1.140
2015-04-30,1.150
2015-05-01,1.170
2015-05-02,1.180
2015-05-03,1.190
2015-05-04,1.210
2015-05-05,1.220
2015-05-06,1.230
2015-05-07,1.250
2015-05-08,1.260
2015-05-09,1.270
2015-05-10,1.280
2015-05-11,1.280
2015-05-12,1.290
2015-05-13,1.290
2015-05-14,1.300
2015-05-15,1.300
2015-05-16,1.300
2015-05-17,1.300
2015-05-18,1.300
2015-05-19,1.290
2015-05-20,1.290
2015-05-21,1.280
2015-05-22,1.280
2015-05-23,1.270
2015-05-24,1.260
2015-05-25,1.260
2015-05-26,1.250
2015-05-27,1.240
2015-05-28,1.240
2015-05-29,1.230
2015-05-30,1.230
2015-05-31,1.220
2015-06-01,1.220
2015-06-02,1.210
2015-06-03,1.210
2015-06-04,1.210
2015-06-05,1.210
2015-06-06,1.210
2015-06-07,1.210
2015-06-08,1.210
2015-06-09,1.220
2015-06-10,1.220
2015-06-11,1.220
2015-06-12,1.230
2015-06-13,1.230
2015-06-14,1.240
2015-06-15,1.240
2015-06-16,1.250
2015-06-17,1.250
2015-06-18,1.260
2015-06-19,1.260
2015-06-20,1.270
2015-06-21,1.270
2015-06-22,1.270
2015-06-23,1.270
2015-06-24,1.270
2015-06-25,1.270
2015-06-26,1.260
2015-06-27,1.260
2015-06-28,1.260
2015-06-29,1.250
2015-06-30,1.240
2015-07-01,1.230
2015-07-02,1.220
2015-07-03,1.210
2015-07-04,1.200
2015-07-05,1.190
2015-07-06,1.180
2015-07-07,1.170
2015-07-08,1.160
2015-07-09,1.150
2015-07-10,1.130
2015-07-11,1.120
2015-07-12,1.110
2015-07-13,1.100
2015-07-14,1.100
2015-07-15,1.090
2015-07-16,1.080
2015-07-17,1.080
2015-07-18,1.070
2015-07-19,1.070
2015-07-20,1.070
2015-07-21,1.070
2015-07-22,1.070
2015-07-23,1.070
2015-07-24,1.070
2015-07-25,1.080
2015-07-26,1.080
2015-07-27,1.080
2015-07-28,1.090
2015-07-29,1.090
2015-07-30,1.100
2015-07-31,1.100
2015-08-01,1.110
2015-08-02,1.110
2015-08-03,1.120
2015-08-04,1.120
2015-08-05,1.120
2015-08-06,1.120
2015-08-07,1.120
2015-08-08,1.120
2015-08-09,1.120
2015-08-10,1.120
2015-08-11,1.120
2015-08-12,1.110
2015-08-13,1.110
2015-08-14,1.100
2015-08-15,1.100
2015-08-16,1.090
2015-08-17,1.080
2015-08-18,1.070
2015-08-19,1.070
2015-08-20,1.060
2015-08-21,1.050
2015-08-22,1.050
2015-08-23,1.040
2015-08-24,1.030
2015-08-25,1.030
2015-08-26,1.020
2015-08-27,1.020
2015-08-28,1.020
2015-08-29,1.020
2015-08-30,1.020
2015-08-31,1.020
2015-09-01,1.030
2015-09-02,1.030
2015-09-03,1.040
2015-09-04,1.050
2015-09-05,1.060
2015-09-06,1.070
2015-09-07,1.080
2015-09-08,1.090
2015-09-09,1.100
2015-09-10,1.120
2015-09-11,1.130
2015-09-12,1.140
2015-09-13,1.160
2015-09-14,1.170
2015-09-15,1.180
2015-09-16,1.200
2015-09-17,1.210
2015-09-18,1.220
2015-09-19,1.230
2015-09-20,1.240
2015-09-21,1.250
2015-09-22,1.260
2015-09-23,1.260
2015-09-24,1.270
2015-09-25,1.270
2015-09-26,1.270
2015-09-27,1.270
2015-09-28,1.270
2015-09-29,1.270
2015-09-30,1.270
2015-10-01,1.270
2015-10-02,1.270
2015-10-03,1.270
2015-10-04,1.270
2015-10-05,1.260
2015-10-06,1.260
2015-10-07,1.260
2015-10-08,1.260
2015-10-09,1.250
2015-10-10,1.250
2015-10-11,1.250
2015-10-12,1.250
2015-10-13,1.260
2015-10-14,1.260
2015-10-15,1.260
2015-10-16,1.260
2015-10-17,1.270
2015-10-18,1.270
2015-10-19,1.280
2015-10-20,1.280
2015-10-21,1.290
2015-10-22,1.290
2015-10-23,1.300
2015-10-24,1.310
2015-10-25,1.310
2015-10-26,1.320
2015-10-27,1.320
2015-10-28,1.320
2015-10-29,1.330
2015-10-30,1.330
2015-10-31,1.330
2015-11-01,1.330
2015-11-02,1.330
2015-11-03,1.320
2015-11-04,1.320
2015-11-05,1.310
2015-11-06,1.300
2015-11-07,1.290
2015-11-08,1.280
2015-11-09,1.270
2015-11-10,1.260
2015-11-11,1.240
2015-11-12,1.230
2015-11-13,1.210
2015-11-14,1.200
2015-11-15,1.180
2015-11-16,1.160
2015-11-17,1.150
2015-11-18,1.130
2015-11-19,1.110
2015-11-20,1.100
2015-11-21,1.080
2015-11-22,1.060
2015-11-23,1.050
2015-11-24,1.040
2015-11-25,1.030
2015-11-26,1.020
2015-11-27,1.010
2015-11-28,1.000
2015-11-29,0.990
2015-11-30,0.990
2015-12-01,0.990
2015-12-02,0.980
2015-12-03,0.980
2015-12-04,0.980
2015-12-05,0.990
2015-12-06,0.990
2015-12-07,0.990
2015-12-08,0.990
2015-12-09,1.000
2015-12-10,1.000
2015-12-11,1.010
2015-12-12,1.010
2015-12-13,1.020
2015-12-14,1.020
2015-12-15,1.030
2015-12-16,1.030
2015-12-17,1.030
2015-12-18,1.040
2015-12-19,1.040
2015-12-20,1.040
2015-12-21,1.040
2015-12-22,1.040
2015-12-23,1.040
2015-12-24,1.040
2015-12-25,1.040
2015-12-26,1.040
2015-12-27,1.040
2015-12-28,1.030
2015-12-29,1.030
2015-12-30,1.030
2015-12-31,1.030
2016-01-01,2.290
2016-01-02,2.390
2016-01-03,2.290
2016-01-04,2.080
2016-01-05,1.950
2016-01-06,2.030
2016-01-07,2.250
2016-01-08,2.400
2016-01-09,2.360
2016-01-10,2.160
2016-01-11,1.990
2016-01-12,2.010
2016-01-13,2.200
2016-01-14,2.390
2016-01-15,2.410
2016-01-16,2.240
2016-01-17,2.040
2016-01-18,2.000
2016-01-19,2.160
2016-01-20,2.370
2016-01-21,2.450
2016-01-22,2.320
2016-01-23,2.110
2016-01-24,2.010
2016-01-25,2.120
2016-01-26,2.330
2016-01-27,2.460
2016-01-28,2.390
2016-01-29,2.180
2016-01-30,2.030
2016-01-31,2.080
2016-02-01,2.280
2016-02-02,2.450
2016-02-03,2.440
2016-02-04,2.250
2016-02-05,2.060
2016-02-06,2.050
2016-02-07,2.220
2016-02-08,2.420
2016-02-09,2.460
2016-02-10,2.310
2016-02-11,2.100
2016-02-12,2.020
2016-02-13,2.160
2016-02-14,2.370
2016-02-15,2.460
2016-02-16,2.360
2016-02-17,2.140
2016-02-18,2.010
2016-02-19,2.090
2016-02-20,2.300
2016-02-21,2.440
2016-02-22,2.390
2016-02-23,2.180
2016-02-24,2.010
2016-02-25,2.030
2016-02-26,2.220
2016-02-27,2.400
2016-02-28,2.400
2016-02-29,2.230
2016-03-01,2.020
2016-03-02,1.980
2016-03-03,2.130
2016-03-04,2.340
2016-03-05,2.400
2016-03-06,2.270
2016-03-07,2.050
2016-03-08,1.950
2016-03-09,2.060
2016-03-10,2.270
2016-03-11,2.390
2016-03-12,2.310
2016-03-13,2.090
2016-03-14,1.940
2016-03-15,1.990
2016-03-16,2.200
2016-03-17,2.360
2016-03-18,2.340
2016-03-19,2.140
2016-03-20,1.960
2016-03-21,1.950
2016-03-22,2.130
2016-03-23,2.320
2016-03-24,2.360
2016-03-25,2.210
2016-03-26,2.000
2016-03-27,1.930
2016-03-28,2.070
2016-03-29,2.280
2016-03-30,2.380
2016-03-31,2.270
2016-04-01,0.980
2016-04-02,0.970
2016-04-03,0.970
2016-04-04,0.960
2016-04-05,0.960
2016-04-06,0.950
2016-04-07,0.950
2016-04-08,0.950
2016-04-09,0.960
2016-04-10,0.960
2016-04-11,0.970
2016-04-12,0.970
2016-04-13,0.980
2016-04-14,0.990
2016-04-15,1.000
2016-04-16,1.010
2016-04-17,1.020
2016-04-18,1.030
2016-04-19,1.040
2016-04-20,1.060
2016-04-21,1.070
2016-04-22,1.080
2016-04-23,1.090
2016-04-24,1.100
2016-04-25,1.110
2016-04-26,1.120
2016-04-27,1.130
2016-04-28,1.140
2016-04-29,1.150
2016-04-30,1.150
2016-05-01,1.160
2016-05-02,1.160
2016-05-03,1.160
2016-05-04,1.160
2016-05-05,1.160
2016-05-06,1.160
2016-05-07,1.160
2016-05-08,1.160
2016-05-09,1.160
2016-05-10,1.160
2016-05-11,1.160
2016-05-12,1.160
2016-05-13,1.160
2016-05-14,1.150
2016-05-15,1.150
2016-05-16,1.150
2016-05-17,1.160
2016-05-18,1.160
2016-05-19,1.160
2016-05-20,1.160
2016-05-21,1.170
2016-05-22,1.170
2016-05-23,1.180
2016-05-24,1.190
2016-05-25,1.190
2016-05-26,1.200
2016-05-27,1.210
2016-05-28,1.220
2016-05-29,1.230
2016-05-30,1.240
2016-05-31,1.250
2016-06-01,1.260
2016-06-02,1.270
2016-06-03,1.280
2016-06-04,1.290
2016-06-05,1.300
2016-06-06,1.310
2016-06-07,1.310
2016-06-08,1.320
2016-06-09,1.320
2016-06-10,1.320
2016-06-11,1.320
2016-06-12,1.320
2016-06-13,1.320
2016-06-14,1.320
2016-06-15,1.320
2016-06-16,1.310
2016-06-17,1.300
2016-06-18,1.300
2016-06-19,1.290
2016-06-20,1.280
2016-06-21,1.270
2016-06-22,1.260
2016-06-23,1.250
2016-06-24,1.240
2016-06-25,1.230
2016-06-26,1.220
2016-06-27,1.210
2016-06-28,1.200
2016-06-29,1.190
2016-06-30,1.180
2016-07-01,1.180
2016-07-02,1.170
2016-07-03,1.170
2016-07-04,1.160
2016-07-05,1.160
2016-07-06,1.160
2016-07-07,1.160
2016-07-08,1.160
2016-07-09,1.160
2016-07-10,1.160
2016-07-11,1.170
2016-07-12,1.170
2016-07-13,1.170
2016-07-14,1.180
2016-07-15,1.180
2016-07-16,1.190
2016-07-17,1.190
2016-07-18,1.190
2016-07-19,1.200
2016-07-20,1.200
2016-07-21,1.200
2016-07-22,1.200
2016-07-23,1.200
2016-07-24,1.200
2016-07-25,1.200
2016-07-26,1.200
2016-07-27,1.190
2016-07-28,1.190
2016-07-29,1.180
2016-07-30,1.170
2016-07-31,1.160
2016-08-01,1.150
2016-08-02,1.140
2016-08-03,1.130
2016-08-04,1.120
2016-08-05,1.110
2016-08-06,1.100
2016-08-07,1.090
2016-08-08,1.080
2016-08-09,1.070
2016-08-10,1.060
2016-08-11,1.050
2016-08-12,1.040
2016-08-13,1.030
2016-08-14,1.030
2016-08-15,1.020
2016-08-16,1.020
2016-08-17,1.020
2016-08-18,1.020
2016-08-19,1.020
2016-08-20,1.020
2016-08-21,1.020
2016-08-22,1.020
2016-08-23,1.030
2016-08-24,1.030
2016-08-25,1.040
2016-08-26,1.050
2016-08-27,1.050
2016-08-28,1.060
2016-08-29,1.070
2016-08-30,1.080
2016-08-31,1.090
2016-09-01,1.090
2016-09-02,1.100
2016-09-03,1.110
2016-09-04,1.110
2016-09-05,1.120
2016-09-06,1.120
2016-09-07,1.130
2016-09-08,1.130
2016-09-09,1.130
2016-09-10,1.130
2016-09-11,1.130
2016-09-12,1.130
2016-09-13,1.130
2016-09-14,1.130
2016-09-15,1.120
2016-09-16,1.120
2016-09-17,1.120
2016-09-18,1.110
2016-09-19,1.110
2016-09-20,1.110
2016-09-21,1.110
2016-09-22,1.100
2016-09-23,1.100
2016-09-24,1.100
2016-09-25,1.100
2016-09-26,1.110
2016-09-27,1.110
2016-09-28,1.110
2016-09-29,1.120
2016-09-30,1.120
2016-10-01,1.130
2016-10-02,1.140
2016-10-03,1.150
2016-10-04,1.160
2016-10-05,1.170
2016-10-06,1.180
2016-10-07,1.200
2016-10-08,1.210
2016-10-09,1.230
2016-10-10,1.240
2016-10-11,1.250
2016-10-12,1.270
2016-10-13,1.280
2016-10-14,1.290
2016-10-15,1.310
2016-10-16,1.320
2016-10-17,1.330
2016-10-18,1.340
2016-10-19,1.350
2016-10-20,1.350
2016-10-21,1.360
2016-10-22,1.360
2016-10-23,1.360
2016-10-24,1.360
2016-10-25,1.360
2016-10-26,1.360
2016-10-27,1.360
2016-10-28,1.350
2016-10-29,1.350
2016-10-30,1.340
2016-10-31,1.330
2016-11-01,1.320
2016-11-02,1.310
2016-11-03,1.300
2016-11-04,1.300
2016-11-05,1.290
2016-11-06,1.280
2016-11-07,1.270
2016-11-08,1.260
2016-11-09,1.250
2016-11-10,1.240
2016-11-11,1.230
2016-11-12,1.230
2016-11-13,1.220
2016-11-14,1.210
2016-11-15,1.210
2016-11-16,1.210
2016-11-17,1.200
2016-11-18,1.200
2016-11-19,1.200
2016-11-20,1.200
2016-11-21,1.200
2016-11-22,1.190
2016-11-23,1.190
2016-11-24,1.190
2016-11-25,1.190
2016-11-26,1.190
2016-11-27,1.190
2016-11-28,1.190
2016-11-29,1.180
2016-11-30,1.180
2016-12-01,1.170
2016-12-02,1.170
2016-12-03,1.160
2016-12-04,1.150
2016-12-05,1.150
2016-12-06,1.140
2016-12-07,1.130
2016-12-08,1.110
2016-12-09,1.100
2016-12-10,1.090
2016-12-11,1.080
2016-12-12,1.060
2016-12-13,1.050
2016-12-14,1.030
2016-12-15,1.020
2016-12-16,1.010
2016-12-17,0.990
2016-12-18,0.980
2016-12-19,0.970
2016-12-20,0.960
2016-12-21,0.950
2016-12-22,0.940
2016-12-23,0.930
2016-12-24,0.930
2016-12-25,0.920
2016-12-26,0.920
2016-12-27,0.920
2016-12-28,0.920
2016-12-29,0.930
2016-12-30,0.930
2016-12-31,0.940
2017-01-01,0.950
2017-01-02,0.950
2017-01-03,0.970
2017-01-04,0.980
2017-01-05,0.990
2017-01-06,1.000
2017-01-07,1.020
2017-01-08,1.030
2017-01-09,1.040
2017-01-10,1.060
2017-01-11,1.070
2017-01-12,1.090
2017-01-13,1.100
2017-01-14,1.110
2017-01-15,1.130
2017-01-16,1.140
2017-01-17,1.150
2017-01-18,1.160
2017-01-19,1.170
2017-01-20,1.180
2017-01-21,1.180
2017-01-22,1.190
2017-01-23,1.190
2017-01-24,1.200
2017-01-25,1.200
2017-01-26,1.210
2017-01-27,1.210
2017-01-28,1.210
2017-01-29,1.210
2017-01-30,1.210
2017-01-31,1.220
2017-02-01,1.220
2017-02-02,1.220
2017-02-03,1.220
2017-02-04,1.230
2017-02-05,1.230
2017-02-06,1.240
2017-02-07,1.240
2017-02-08,1.250
2017-02-09,1.250
2017-02-10,1.260
2017-02-11,1.270
2017-02-12,1.280
2017-02-13,1.280
2017-02-14,1.290
2017-02-15,1.300
2017-02-16,1.310
2017-02-17,1.320
2017-02-18,1.330
2017-02-19,1.340
2017-02-20,1.350
2017-02-21,1.360
2017-02-22,1.370
2017-02-23,1.370
2017-02-24,1.380
2017-02-25,1.380
2017-02-26,1.390
2017-02-27,1.390
2017-02-28,1.390
2017-03-01,1.390
2017-03-02,1.390
2017-03-03,1.380
2017-03-04,1.370
2017-03-05,1.370
2017-03-06,1.360
2017-03-07,1.350
2017-03-08,1.340
2017-03-09,1.320
2017-03-10,1.310
2017-03-11,1.290
2017-03-12,1.280
2017-03-13,1.260
2017-03-14,1.240
2017-03-15,1.230
2017-03-16,1.210
2017-03-17,1.190
2017-03-18,1.180
2017-03-19,1.160
2017-03-20,1.150
2017-03-21,1.130
2017-03-22,1.120
2017-03-23,1.110
2017-03-24,1.100
2017-03-25,1.090
2017-03-26,1.080
2017-03-27,1.070
2017-03-28,1.070
2017-03-29,1.060
2017-03-30,1.060
2017-03-31,1.060
2017-04-01,1.060
2017-04-02,1.060
2017-04-03,1.060
2017-04-04,1.060
2017-04-05,1.060
2017-04-06,1.060
2017-04-07,1.060
2017-04-08,1.070
2017-04-09,1.070
2017-04-10,1.070
2017-04-11,1.070
2017-04-12,1.070
2017-04-13,1.070
2017-04-14,1.070
2017-04-15,1.070
2017-04-16,1.070
2017-04-17,1.070
2017-04-18,1.060
2017-04-19,1.060
2017-04-20,1.060
2017-04-21,1.050
2017-04-22,1.050
2017-04-23,1.040
2017-04-24,1.030
2017-04-25,1.030
2017-04-26,1.020
2017-04-27,1.020
2017-04-28,1.010
2017-04-29,1.010
2017-04-30,1.000
2017-05-01,1.000
2017-05-02,1.000
2017-05-03,1.000
2017-05-04,1.000
2017-05-05,1.000
2017-05-06,1.000
2017-05-07,1.010
2017-05-08,1.010
2017-05-09,1.020
2017-05-10,1.030
2017-05-11,1.040
2017-05-12,1.050
2017-05-13,1.060
2017-05-14,1.070
2017-05-15,1.090
2017-05-16,1.100
2017-05-17,1.120
2017-05-18,1.130
2017-05-19,1.140
2017-05-20,1.160
2017-05-21,1.170
2017-05-22,1.190
2017-05-23,1.200
2017-05-24,1.210
2017-05-25,1.220
2017-05-26,1.240
2017-05-27,1.240
2017-05-28,1.250
2017-05-29,1.260
2017-05-30,1.270
2017-05-31,1.270
2017-06-01,1.270
2017-06-02,1.270
2017-06-03,1.270
2017-06-04,1.270
2017-06-05,1.270
2017-06-06,1.270
2017-06-07,1.260
2017-06-08,1.260
2017-06-09,1.260
2017-06-10,1.250
2017-06-11,1.250
2017-06-12,1.240
2017-06-13,1.230
2017-06-14,1.230
2017-06-15,1.230
2017-06-16,1.220
2017-06-17,1.220
2017-06-18,1.220
2017-06-19,1.210
2017-06-20,1.210
2017-06-21,1.210
2017-06-22,1.210
2017-06-23,1.220
2017-06-24,1.220
2017-06-25,1.220
2017-06-26,1.230
2017-06-27,1.230
2017-06-28,1.240
2017-06-29,1.240
2017-06-30,1.250
2017-07-01,1.250
2017-07-02,1.260
2017-07-03,1.270
2017-07-04,1.270
2017-07-05,1.280
2017-07-06,1.280
2017-07-07,1.280
2017-07-08,1.290
2017-07-09,1.290
2017-07-10,1.290
2017-07-11,1.290
2017-07-12,1.290
2017-07-13,1.280
2017-07-14,1.280
2017-07-15,1.280
2017-07-16,1.270
2017-07-17,1.260
2017-07-18,1.250
2017-07-19,1.240
2017-07-20,1.230
2017-07-21,1.220
2017-07-22,1.210
2017-07-23,1.200
2017-07-24,1.190
2017-07-25,1.180
2017-07-26,1.170
2017-07-27,1.150
2017-07-28,1.140
2017-07-29,1.130
2017-07-30,1.130
2017-07-31,1.120
2017-08-01,1.110
2017-08-02,1.100
2017-08-03,1.100
2017-08-04,1.100
2017-08-05,1.090
2017-08-06,1.090
2017-08-07,1.090
2017-08-08,1.090
2017-08-09,1.090
2017-08-10,1.100
2017-08-11,1.100
2017-08-12,1.100
2017-08-13,1.110
2017-08-14,1.110
2017-08-15,1.120
2017-08-16,1.120
2017-08-17,1.120
2017-08-18,1.130
2017-08-19,1.130
2017-08-20,1.140
2017-08-21,1.140
2017-08-22,1.140
2017-08-23,1.140
2017-08-24,1.140
2017-08-25,1.140
2017-08-26,1.140
2017-08-27,1.130
2017-08-28,1.130
2017-08-29,1.120
2017-08-30,1.120
2017-08-31,1.110
2017-09-01,1.100
2017-09-02,1.090
2017-09-03,1.080
2017-09-04,1.080
2017-09-05,1.070
2017-09-06,1.060
2017-09-07,1.050
2017-09-08,1.040
2017-09-09,1.030
2017-09-10,1.030
2017-09-11,1.020
2017-09-12,1.020
2017-09-13,1.010
2017-09-14,1.010
2017-09-15,1.010
2017-09-16,1.010
2017-09-17,1.010
2017-09-18,1.010
2017-09-19,1.020
2017-09-20,1.020
2017-09-21,1.030
2017-09-22,1.040
2017-09-23,1.050
2017-09-24,1.060
2017-09-25,1.070
2017-09-26,1.080
2017-09-27,1.090
2017-09-28,1.100
2017-09-29,1.120
2017-09-30,1.130
2017-10-01,1.140
2017-10-02,1.150
2017-10-03,1.160
2017-10-04,1.170
2017-10-05,1.180
2017-10-06,1.190
2017-10-07,1.200
2017-10-08,1.210
2017-10-09,1.220
2017-10-10,1.220
2017-10-11,1.230
2017-10-12,1.230
2017-10-13,1.230
2017-10-14,1.230
2017-10-15,1.230
2017-10-16,1.230
2017-10-17,1.230
2017-10-18,1.230
2017-10-19,1.230
2017-10-20,1.230
2017-10-21,1.230
2017-10-22,1.230
2017-10-23,1.230
2017-10-24,1.220
2017-10-25,1.220
2017-10-26,1.220
2017-10-27,1.230
2017-10-28,1.230
2017-10-29,1.230
2017-10-30,1.230
2017-10-31,1.240
2017-11-01,1.240
2017-11-02,1.250
2017-11-03,1.260
2017-11-04,1.260
2017-11-05,1.270
2017-11-06,1.280
2017-11-07,1.290
2017-11-08,1.300
2017-11-09,1.300
2017-11-10,1.310
2017-11-11,1.320
2017-11-12,1.330
2017-11-13,1.340
2017-11-14,1.340
2017-11-15,1.350
2017-11-16,1.350
2017-11-17,1.360
2017-11-18,1.360
2017-11-19,1.360
2017-11-20,1.360
2017-11-21,1.350
2017-11-22,1.350
2017-11-23,1.340
2017-11-24,1.330
2017-11-25,1.330
2017-11-26,1.310
2017-11-27,1.300
2017-11-28,1.290
2017-11-29,1.280
2017-11-30,1.260
2017-12-01,1.250
2017-12-02,1.230
2017-12-03,1.210
2017-12-04,1.200
2017-12-05,1.180
2017-12-06,1.160
2017-12-07,1.150
2017-12-08,1.130
2017-12-09,1.120
2017-12-10,1.110
2017-12-11,1.090
2017-12-12,1.080
2017-12-13,1.070
2017-12-14,1.060
2017-12-15,1.050
2017-12-16,1.050
2017-12-17,1.040
2017-12-18,1.040
2017-12-19,1.030
2017-12-20,1.030
2017-12-21,1.030
2017-12-22,1.030
2017-12-23,1.030
2017-12-24,1.030
2017-12-25,1.030
2017-12-26,1.030
2017-12-27,1.030
2017-12-28,1.030
2017-12-29,1.040
2017-12-30,1.040
2017-12-31,1.040
2018-01-01,1.040
2018-01-02,1.040
2018-01-03,1.040
2018-01-04,1.040
2018-01-05,1.040
2018-01-06,1.030
2018-01-07,1.030
2018-01-08,1.030
2018-01-09,1.020
2018-01-10,1.020
2018-01-11,1.020
2018-01-12,1.010
2018-01-13,1.010
2018-01-14,1.000
2018-01-15,1.000
2018-01-16,0.990
2018-01-17,0.990
2018-01-18,0.990
2018-01-19,0.990
2018-01-20,0.990
2018-01-21,0.990
2018-01-22,0.990
2018-01-23,0.990
2018-01-24,1.000
2018-01-25,1.000
2018-01-26,1.010
2018-01-27,1.020
2018-01-28,1.030
2018-01-29,1.040
2018-01-30,1.050
2018-01-31,1.070
2018-02-01,1.080
2018-02-02,1.100
2018-02-03,1.120
2018-02-04,1.130
2018-02-05,1.150
2018-02-06,1.170
2018-02-07,1.190
2018-02-08,1.210
2018-02-09,1.220
2018-02-10,1.240
2018-02-11,1.260
2018-02-12,1.270
2018-02-13,1.290
2018-02-14,1.300
2018-02-15,1.310
2018-02-16,1.330
2018-02-17,1.330
2018-02-18,1.340
2018-02-19,1.350
2018-02-20,1.350
2018-02-21,1.360
2018-02-22,1.360
2018-02-23,1.360
2018-02-24,1.360
2018-02-25,1.360
2018-02-26,1.350
2018-02-27,1.350
2018-02-28,1.350
2018-03-01,1.340
2018-03-02,1.340
2018-03-03,1.330
2018-03-04,1.320
2018-03-05,1.320
2018-03-06,1.310
2018-03-07,1.300
2018-03-08,1.300
2018-03-09,1.290
2018-03-10,1.290
2018-03-11,1.290
2018-03-12,1.280
2018-03-13,1.280
2018-03-14,1.280
2018-03-15,1.280
2018-03-16,1.270
2018-03-17,1.270
2018-03-18,1.270
2018-03-19,1.270
2018-03-20,1.270
2018-03-21,1.280
2018-03-22,1.280
2018-03-23,1.280
2018-03-24,1.280
2018-03-25,1.270
2018-03-26,1.270
2018-03-27,1.270
2018-03-28,1.270
2018-03-29,1.260
2018-03-30,1.260
2018-03-31,1.250
2018-04-01,1.250
2018-04-02,1.240
2018-04-03,1.230
2018-04-04,1.220
2018-04-05,1.210
2018-04-06,1.190
2018-04-07,1.180
2018-04-08,1.170
2018-04-09,1.150
2018-04-10,1.140
2018-04-11,1.120
2018-04-12,1.110
2018-04-13,1.090
2018-04-14,1.070
2018-04-15,1.060
2018-04-16,1.050
2018-04-17,1.030
2018-04-18,1.020
2018-04-19,1.010
2018-04-20,1.000
2018-04-21,0.990
2018-04-22,0.980
2018-04-23,0.970
2018-04-24,0.970
2018-04-25,0.960
2018-04-26,0.960
2018-04-27,0.960
2018-04-28,0.960
2018-04-29,0.970
2018-04-30,0.970
2018-05-01,0.980
2018-05-02,0.980
2018-05-03,0.990
2018-05-04,1.000
2018-05-05,1.010
2018-05-06,1.020
2018-05-07,1.030
2018-05-08,1.040
2018-05-09,1.050
2018-05-10,1.060
2018-05-11,1.070
2018-05-12,1.080
2018-05-13,1.080
2018-05-14,1.090
2018-05-15,1.100
2018-05-16,1.100
2018-05-17,1.110
2018-05-18,1.110
2018-05-19,1.120
2018-05-20,1.120
2018-05-21,1.120
2018-05-22,1.120
2018-05-23,1.120
2018-05-24,1.120
2018-05-25,1.120
2018-05-26,1.120
2018-05-27,1.120
2018-05-28,1.120
2018-05-29,1.120
2018-05-30,1.120
2018-05-31,1.120
2018-06-01,1.120
2018-06-02,1.120
2018-06-03,1.120
2018-06-04,1.120
2018-06-05,1.120
2018-06-06,1.130
2018-06-07,1.130
2018-06-08,1.140
2018-06-09,1.140
2018-06-10,1.150
2018-06-11,1.160
2018-06-12,1.170
2018-06-13,1.180
2018-06-14,1.190
2018-06-15,1.200
2018-06-16,1.210
2018-06-17,1.230
2018-06-18,1.240
2018-06-19,1.250
2018-06-20,1.260
2018-06-21,1.270
2018-06-22,1.280
2018-06-23,1.290
2018-06-24,1.300
2018-06-25,1.310
2018-06-26,1.310
2018-06-27,1.320
2018-06-28,1.320
2018-06-29,1.320
2018-06-30,1.320
2018-07-01,1.320
2018-07-02,1.320
2018-07-03,1.320
2018-07-04,1.310
2018-07-05,1.310
2018-07-06,1.300
2018-07-07,1.290
2018-07-08,1.290
2018-07-09,1.280
2018-07-10,1.270
2018-07-11,1.260
2018-07-12,1.250
2018-07-13,1.240
2018-07-14,1.230
2018-07-15,1.220
2018-07-16,1.210
2018-07-17,1.210
2018-07-18,1.200
2018-07-19,1.190
2018-07-20,1.190
2018-07-21,1.180
2018-07-22,1.180
2018-07-23,1.180
2018-07-24,1.180
2018-07-25,1.180
2018-07-26,1.180
2018-07-27,1.180
2018-07-28,1.190
2018-07-29,1.190
2018-07-30,1.190
2018-07-31,1.200
2018-08-01,1.200
2018-08-02,1.210
2018-08-03,1.210
2018-08-04,1.210
2018-08-05,1.220
2018-08-06,1.220
2018-08-07,1.220
2018-08-08,1.230
2018-08-09,1.230
2018-08-10,1.230
2018-08-11,1.220
2018-08-12,1.220
2018-08-13,1.220
2018-08-14,1.210
2018-08-15,1.210
2018-08-16,1.200
2018-08-17,1.190
2018-08-18,1.180
2018-08-19,1.170
2018-08-20,1.160
2018-08-21,1.150
2018-08-22,1.140
2018-08-23,1.130
2018-08-24,1.120
2018-08-25,1.110
2018-08-26,1.100
2018-08-27,1.090
2018-08-28,1.080
2018-08-29,1.070
2018-08-30,1.060
2018-08-31,1.050
2018-09-01,1.040
2018-09-02,1.040
2018-09-03,1.030
2018-09-04,1.030
2018-09-05,1.030
2018-09-06,1.030
2018-09-07,1.030
2018-09-08,1.030
2018-09-09,1.040
2018-09-10,1.040
2018-09-11,1.040
2018-09-12,1.050
2018-09-13,1.060
2018-09-14,1.060
2018-09-15,1.070
2018-09-16,1.080
2018-09-17,1.080
2018-09-18,1.090
2018-09-19,1.090
2018-09-20,1.100
2018-09-21,1.100
2018-09-22,1.110
2018-09-23,1.110
2018-09-24,1.110
2018-09-25,1.120
2018-09-26,1.120
2018-09-27,1.120
2018-09-28,1.120
2018-09-29,1.110
2018-09-30,1.110
2018-10-01,1.110
2018-10-02,1.110
2018-10-03,1.100
2018-10-04,1.100
2018-10-05,1.090
2018-10-06,1.090
2018-10-07,1.080
2018-10-08,1.080
2018-10-09,1.080
2018-10-10,1.070
2018-10-11,1.070
2018-10-12,1.070
2018-10-13,1.070
2018-10-14,1.070
2018-10-15,1.070
2018-10-16,1.080
2018-10-17,1.080
2018-10-18,1.090
2018-10-19,1.090
2018-10-20,1.100
2018-10-21,1.110
2018-10-22,1.120
2018-10-23,1.130
2018-10-24,1.150
2018-10-25,1.160
2018-10-26,1.170
2018-10-27,1.190
2018-10-28,1.200
2018-10-29,1.220
2018-10-30,1.230
2018-10-31,1.250
2018-11-01,1.260
2018-11-02,1.270
2018-11-03,1.290
2018-11-04,1.300
2018-11-05,1.310
2018-11-06,1.320
2018-11-07,1.320
2018-11-08,1.330
2018-11-09,1.340
2018-11-10,1.340
2018-11-11,1.340
2018-11-12,1.340
2018-11-13,1.340
2018-11-14,1.340
2018-11-15,1.340
2018-11-16,1.330
2018-11-17,1.330
2018-11-18,1.320
2018-11-19,1.320
2018-11-20,1.310
2018-11-21,1.310
2018-11-22,1.300
2018-11-23,1.290
2018-11-24,1.280
2018-11-25,1.280
2018-11-26,1.270
2018-11-27,1.270
2018-11-28,1.260
2018-11-29,1.260
2018-11-30,1.250
2018-12-01,1.250
2018-12-02,1.250
2018-12-03,1.240
2018-12-04,1.240
2018-12-05,1.240
2018-12-06,1.240
2018-12-07,1.240
2018-12-08,1.240
2018-12-09,1.240
2018-12-10,1.240
2018-12-11,1.250
2018-12-12,1.250
2018-12-13,1.250
2018-12-14,1.250
2018-12-15,1.240
2018-12-16,1.240
2018-12-17,1.240
2018-12-18,1.240
2018-12-19,1.230
2018-12-20,1.230
2018-12-21,1.220
2018-12-22,1.210
2018-12-23,1.200
2018-12-24,1.190
2018-12-25,1.180
2018-12-26,1.170
2018-12-27,1.150
2018-12-28,1.140
2018-12-29,1.120
2018-12-30,1.110
2018-12-31,1.090
2019-01-01,1.070
2019-01-02,1.060
2019-01-03,1.040
2019-01-04,1.030
2019-01-05,1.010
2019-01-06,1.000
2019-01-07,0.990
2019-01-08,0.970
2019-01-09,0.960
2019-01-10,0.950
2019-01-11,0.950
2019-01-12,0.940
2019-01-13,0.930
2019-01-14,0.930
2019-01-15,0.930
2019-01-16,0.930
2019-01-17,0.930
2019-01-18,0.930
2019-01-19,0.940
2019-01-20,0.950
2019-01-21,0.950
2019-01-22,0.960
2019-01-23,0.970
2019-01-24,0.980
2019-01-25,0.990
2019-01-26,1.000
2019-01-27,1.010
2019-01-28,1.030
2019-01-29,1.040
2019-01-30,1.050
2019-01-31,1.060
2019-02-01,1.070
2019-02-02,1.080
2019-02-03,1.090
2019-02-04,1.100
2019-02-05,1.110
2019-02-06,1.110
2019-02-07,1.120
2019-02-08,1.120
2019-02-09,1.130
2019-02-10,1.130
2019-02-11,1.140
2019-02-12,1.140
2019-02-13,1.140
2019-02-14,1.140
2019-02-15,1.150
2019-02-16,1.150
2019-02-17,1.150
2019-02-18,1.150
2019-02-19,1.160
2019-02-20,1.160
2019-02-21,1.170
2019-02-22,1.170
2019-02-23,1.180
2019-02-24,1.180
2019-02-25,1.190
2019-02-26,1.200
2019-02-27,1.210
2019-02-28,1.220
2019-03-01,1.230
2019-03-02,1.240
2019-03-03,1.250
2019-03-04,1.260
2019-03-05,1.280
2019-03-06,1.290
2019-03-07,1.300
2019-03-08,1.310
2019-03-09,1.330
2019-03-10,1.340
2019-03-11,1.350
2019-03-12,1.360
2019-03-13,1.370
2019-03-14,1.380
2019-03-15,1.390
2019-03-16,1.390
2019-03-17,1.400
2019-03-18,1.400
2019-03-19,1.400
2019-03-20,1.400
2019-03-21,1.400
2019-03-22,1.400
2019-03-23,1.390
2019-03-24,1.390
2019-03-25,1.380
2019-03-26,1.370
2019-03-27,1.360
2019-03-28,1.350
2019-03-29,1.330
2019-03-30,1.320
2019-03-31,1.300
2019-04-01,1.290
2019-04-02,1.270
2019-04-03,1.260
2019-04-04,1.240
2019-04-05,1.230
2019-04-06,1.220
2019-04-07,1.200
2019-04-08,1.190
2019-04-09,1.180
2019-04-10,1.160
2019-04-11,1.150
2019-04-12,1.150
2019-04-13,1.140
2019-04-14,1.130
2019-04-15,1.120
2019-04-16,1.120
2019-04-17,1.120
2019-04-18,1.110
2019-04-19,1.110
2019-04-20,1.110
2019-04-21,1.110
2019-04-22,1.110
2019-04-23,1.110
2019-04-24,1.110
2019-04-25,1.110
2019-04-26,1.110
2019-04-27,1.110
2019-04-28,1.110
2019-04-29,1.100
2019-04-30,1.100
2019-05-01,1.100
2019-05-02,1.100
2019-05-03,1.090
2019-05-04,1.090
2019-05-05,1.080
2019-05-06,1.080
2019-05-07,1.070
2019-05-08,1.060
2019-05-09,1.050
2019-05-10,1.050
2019-05-11,1.040
2019-05-12,1.030
2019-05-13,1.020
2019-05-14,1.010
2019-05-15,1.000
2019-05-16,1.000
2019-05-17,0.990
2019-05-18,0.990
2019-05-19,0.980
2019-05-20,0.980
2019-05-21,0.970
2019-05-22,0.970
2019-05-23,0.970
2019-05-24,0.980
2019-05-25,0.980
2019-05-26,0.980
2019-05-27,0.990
2019-05-28,1.000
2019-05-29,1.010
2019-05-30,1.020
2019-05-31,1.030
2019-06-01,1.040
2019-06-02,1.050
2019-06-03,1.060
2019-06-04,1.080
2019-06-05,1.090
2019-06-06,1.110
2019-06-07,1.120
2019-06-08,1.140
2019-06-09,1.150
2019-06-10,1.160
2019-06-11,1.180
2019-06-12,1.190
2019-06-13,1.200
2019-06-14,1.210
2019-06-15,1.220
2019-06-16,1.220
2019-06-17,1.230
2019-06-18,1.240
2019-06-19,1.240
2019-06-20,1.240
2019-06-21,1.240
2019-06-22,1.240
2019-06-23,1.240
2019-06-24,1.240
2019-06-25,1.240
2019-06-26,1.230
2019-06-27,1.230
2019-06-28,1.230
2019-06-29,1.220
2019-06-30,1.220
2019-07-01,1.220
2019-07-02,1.210
2019-07-03,1.210
2019-07-04,1.210
2019-07-05,1.210
2019-07-06,1.210
2019-07-07,1.210
2019-07-08,1.210
2019-07-09,1.210
2019-07-10,1.210
2019-07-11,1.210
2019-07-12,1.220
2019-07-13,1.220
2019-07-14,1.230
2019-07-15,1.240
2019-07-16,1.240
2019-07-17,1.250
2019-07-18,1.260
2019-07-19,1.260
2019-07-20,1.270
2019-07-21,1.280
2019-07-22,1.280
2019-07-23,1.290
2019-07-24,1.300
2019-07-25,1.300
2019-07-26,1.300
2019-07-27,1.300
2019-07-28,1.310
2019-07-29,1.310
2019-07-30,1.300
2019-07-31,1.300
2019-08-01,1.300
2019-08-02,1.290
2019-08-03,1.290
2019-08-04,1.280
2019-08-05,1.270
2019-08-06,1.260
2019-08-07,1.250
2019-08-08,1.240
2019-08-09,1.230
2019-08-10,1.220
2019-08-11,1.210
2019-08-12,1.200
2019-08-13,1.180
2019-08-14,1.170
2019-08-15,1.160
2019-08-16,1.150
2019-08-17,1.150
2019-08-18,1.140
2019-08-19,1.130
2019-08-20,1.130
2019-08-21,1.120
2019-08-22,1.120
2019-08-23,1.110
2019-08-24,1.110
2019-08-25,1.110
2019-08-26,1.110
2019-08-27,1.120
2019-08-28,1.120
2019-08-29,1.120
2019-08-30,1.130
2019-08-31,1.130
2019-09-01,1.130
2019-09-02,1.140
2019-09-03,1.140
2019-09-04,1.150
2019-09-05,1.150
2019-09-06,1.150
2019-09-07,1.160
2019-09-08,1.160
2019-09-09,1.160
2019-09-10,1.160
2019-09-11,1.160
2019-09-12,1.160
2019-09-13,1.150
2019-09-14,1.150
2019-09-15,1.140
2019-09-16,1.140
2019-09-17,1.130
2019-09-18,1.120
2019-09-19,1.110
2019-09-20,1.100
2019-09-21,1.090
2019-09-22,1.080
2019-09-23,1.070
2019-09-24,1.060
2019-09-25,1.050
2019-09-26,1.040
2019-09-27,1.040
2019-09-28,1.030
2019-09-29,1.020
2019-09-30,1.020
2019-10-01,1.010
2019-10-02,1.010
2019-10-03,1.000
2019-10-04,1.000
2019-10-05,1.000
2019-10-06,1.010
2019-10-07,1.010
2019-10-08,1.010
2019-10-09,1.020
2019-10-10,1.030
2019-10-11,1.030
2019-10-12,1.040
2019-10-13,1.050
2019-10-14,1.060
2019-10-15,1.070
2019-10-16,1.080
2019-10-17,1.090
2019-10-18,1.100
2019-10-19,1.120
2019-10-20,1.130
2019-10-21,1.140
2019-10-22,1.150
2019-10-23,1.150
2019-10-24,1.160
2019-10-25,1.170
2019-10-26,1.180
2019-10-27,1.180
2019-10-28,1.180
2019-10-29,1.190
2019-10-30,1.190
2019-10-31,1.190
2019-11-01,1.190
2019-11-02,1.190
2019-11-03,1.190
2019-11-04,1.190
2019-11-05,1.190
2019-11-06,1.190
2019-11-07,1.190
2019-11-08,1.190
2019-11-09,1.190
2019-11-10,1.180
2019-11-11,1.180
2019-11-12,1.190
2019-11-13,1.190
2019-11-14,1.190
2019-11-15,1.190
2019-11-16,1.200
2019-11-17,1.200
2019-11-18,1.210
2019-11-19,1.210
2019-11-20,1.220
2019-11-21,1.230
2019-11-22,1.240
2019-11-23,1.250
2019-11-24,1.260
2019-11-25,1.270
2019-11-26,1.280
2019-11-27,1.290
2019-11-28,1.310
2019-11-29,1.320
2019-11-30,1.330
2019-12-01,1.340
2019-12-02,1.340
2019-12-03,1.350
2019-12-04,1.360
2019-12-05,1.360
2019-12-06,1.370
2019-12-07,1.370
2019-12-08,1.370
2019-12-09,1.370
2019-12-10,1.370
2019-12-11,1.360
2019-12-12,1.360
2019-12-13,1.350
2019-12-14,1.340
2019-12-15,1.330
2019-12-16,1.320
2019-12-17,1.310
2019-12-18,1.300
2019-12-19,1.290
2019-12-20,1.270
2019-12-21,1.260
2019-12-22,1.240
2019-12-23,1.230
2019-12-24,1.210
2019-12-25,1.200
2019-12-26,1.180
2019-12-27,1.170
2019-12-28,1.160
2019-12-29,1.150
2019-12-30,1.140
2019-12-31,1.130
2020-01-01,1.120
2020-01-02,1.110
2020-01-03,1.100
2020-01-04,1.100
2020-01-05,1.090
2020-01-06,1.090
2020-01-07,1.080
2020-01-08,1.080
2020-01-09,1.080
2020-01-10,1.080
2020-01-11,1.080
2020-01-12,1.080
2020-01-13,1.080
2020-01-14,1.080
2020-01-15,1.080
2020-01-16,1.080
2020-01-17,1.070
2020-01-18,1.070
2020-01-19,1.070
2020-01-20,1.070
2020-01-21,1.060
2020-01-22,1.060
2020-01-23,1.050
2020-01-24,1.050
2020-01-25,1.040
2020-01-26,1.030
2020-01-27,1.030
2020-01-28,1.020
2020-01-29,1.010
2020-01-30,1.000
2020-01-31,1.000
2020-02-01,0.990
2020-02-02,0.980
2020-02-03,0.970
2020-02-04,0.970
2020-02-05,0.960
2020-02-06,0.960
2020-02-07,0.950
2020-02-08,0.950
2020-02-09,0.950
2020-02-10,0.950
2020-02-11,0.950
2020-02-12,0.960
2020-02-13,0.960
2020-02-14,0.970
2020-02-15,0.980
2020-02-16,0.990
2020-02-17,1.000
2020-02-18,1.010
2020-02-19,1.030
2020-02-20,1.040
2020-02-21,1.060
2020-02-22,1.080
2020-02-23,1.090
2020-02-24,1.110
2020-02-25,1.130
2020-02-26,1.150
2020-02-27,1.170
2020-02-28,1.180
2020-02-29,1.200
2020-03-01,3.010
2020-03-02,2.920
2020-03-03,2.790
2020-03-04,2.620
2020-03-05,2.430
2020-03-06,2.260
2020-03-07,2.110
2020-03-08,2.000
2020-03-09,1.950
2020-03-10,1.960
2020-03-11,2.030
2020-03-12,2.160
2020-03-13,2.320
2020-03-14,2.500
2020-03-15,2.690
2020-03-16,2.860
2020-03-17,2.990
2020-03-18,3.070
2020-03-19,3.090
2020-03-20,3.040
2020-03-21,2.950
2020-03-22,2.800
2020-03-23,2.630
2020-03-24,2.440
2020-03-25,2.260
2020-03-26,2.120
2020-03-27,2.020
2020-03-28,1.970
2020-03-29,1.990
2020-03-30,2.060
2020-03-31,2.190
2020-04-01,2.350
2020-04-02,2.530
2020-04-03,2.710
2020-04-04,2.870
2020-04-05,2.990
2020-04-06,3.060
2020-04-07,3.060
2020-04-08,3.010
2020-04-09,2.900
2020-04-10,2.750
2020-04-11,2.560
2020-04-12,2.380
2020-04-13,2.200
2020-04-14,2.060
2020-04-15,1.960
2020-04-16,1.920
2020-04-17,1.940
2020-04-18,2.020
2020-04-19,2.160
2020-04-20,2.320
2020-04-21,2.500
2020-04-22,2.680
2020-04-23,2.830
2020-04-24,2.950
2020-04-25,3.000
2020-04-26,3.000
2020-04-27,2.940
2020-04-28,2.820
2020-04-29,2.660
2020-04-30,2.480
2020-05-01,2.290
2020-05-02,2.120
2020-05-03,1.990
2020-05-04,1.900
2020-05-05,1.870
2020-05-06,1.910
2020-05-07,2.000
2020-05-08,2.140
2020-05-09,2.310
2020-05-10,2.500
2020-05-11,2.680
2020-05-12,2.830
2020-05-13,2.940
2020-05-14,2.990
2020-05-15,2.980
2020-05-16,2.910
2020-05-17,2.790
2020-05-18,2.630
2020-05-19,2.450
2020-05-20,2.270
2020-05-21,2.110
2020-05-22,1.980
2020-05-23,1.910
2020-05-24,1.890
2020-05-25,1.940
2020-05-26,2.040
2020-05-27,2.190
2020-05-28,2.370
2020-05-29,2.560
2020-05-30,2.740
2020-05-31,2.890
2020-06-01,2.990
2020-06-02,3.040
2020-06-03,3.020
2020-06-04,2.950
2020-06-05,2.820
2020-06-06,2.660
2020-06-07,2.480
2020-06-08,2.300
2020-06-09,2.140
2020-06-10,2.030
2020-06-11,1.960
2020-06-12,1.950
2020-06-13,2.010
2020-06-14,2.120
2020-06-15,2.280
2020-06-16,2.460
2020-06-17,2.640
2020-06-18,2.820
2020-06-19,2.960
2020-06-20,3.050
2020-06-21,3.090
2020-06-22,3.060
2020-06-23,2.980
2020-06-24,2.840
2020-06-25,2.670
2020-06-26,2.490
2020-06-27,2.310
2020-06-28,2.150
2020-06-29,2.040
2020-06-30,1.980
2020-07-01,1.160
2020-07-02,1.170
2020-07-03,1.190
2020-07-04,1.200
2020-07-05,1.210
2020-07-06,1.230
2020-07-07,1.240
2020-07-08,1.250
2020-07-09,1.260
2020-07-10,1.270
2020-07-11,1.280
2020-07-12,1.290
2020-07-13,1.300
2020-07-14,1.300
2020-07-15,1.310
2020-07-16,1.310
2020-07-17,1.310
2020-07-18,1.310
2020-07-19,1.310
2020-07-20,1.310
2020-07-21,1.310
2020-07-22,1.300
2020-07-23,1.300
2020-07-24,1.290
2020-07-25,1.290
2020-07-26,1.280
2020-07-27,1.270
2020-07-28,1.260
2020-07-29,1.250
2020-07-30,1.240
2020-07-31,1.240
2020-08-01,1.230
2020-08-02,1.220
2020-08-03,1.220
2020-08-04,1.210
2020-08-05,1.210
2020-08-06,1.200
2020-08-07,1.200
2020-08-08,1.200
2020-08-09,1.200
2020-08-10,1.200
2020-08-11,1.200
2020-08-12,1.200
2020-08-13,1.200
2020-08-14,1.210
2020-08-15,1.210
2020-08-16,1.210
2020-08-17,1.220
2020-08-18,1.220
2020-08-19,1.230
2020-08-20,1.230
2020-08-21,1.240
2020-08-22,1.240
2020-08-23,1.240
2020-08-24,1.250
2020-08-25,1.250
2020-08-26,1.250
2020-08-27,1.250
2020-08-28,1.250
2020-08-29,1.240
2020-08-30,1.240
2020-08-31,1.230
2020-09-01,1.230
2020-09-02,1.220
2020-09-03,1.210
2020-09-04,1.200
2020-09-05,1.190
2020-09-06,1.180
2020-09-07,1.170
2020-09-08,1.160
2020-09-09,1.150
2020-09-10,1.140
2020-09-11,1.130
2020-09-12,1.110
2020-09-13,1.100
2020-09-14,1.090
2020-09-15,1.080
2020-09-16,1.080
2020-09-17,1.070
2020-09-18,1.060
2020-09-19,1.060
2020-09-20,1.050
2020-09-21,1.050
2020-09-22,1.050
2020-09-23,1.050
2020-09-24,1.050
2020-09-25,1.050
2020-09-26,1.050
2020-09-27,1.060
2020-09-28,1.060
2020-09-29,1.070
2020-09-30,1.070
2020-10-01,1.080
2020-10-02,1.080
2020-10-03,1.090
2020-10-04,1.090
2020-10-05,1.100
2020-10-06,1.100
2020-10-07,1.110
2020-10-08,1.110
2020-10-09,1.110
2020-10-10,1.120
2020-10-11,1.120
2020-10-12,1.120
2020-10-13,1.120
2020-10-14,1.110
2020-10-15,1.110
2020-10-16,1.110
2020-10-17,1.100
2020-10-18,1.100
2020-10-19,1.090
2020-10-20,1.090
2020-10-21,1.080
2020-10-22,1.070
2020-10-23,1.070
2020-10-24,1.060
2020-10-25,1.060
2020-10-26,1.050
2020-10-27,1.050
2020-10-28,1.040
2020-10-29,1.040
2020-10-30,1.040
2020-10-31,1.040
2020-11-01,1.040
2020-11-02,1.040
2020-11-03,1.050
2020-11-04,1.050
2020-11-05,1.060
2020-11-06,1.070
2020-11-07,1.080
2020-11-08,1.090
2020-11-09,1.100
2020-11-10,1.110
2020-11-11,1.120
2020-11-12,1.140
2020-11-13,1.150
2020-11-14,1.170
2020-11-15,1.180
2020-11-16,1.190
2020-11-17,1.210
2020-11-18,1.220
2020-11-19,1.240
2020-11-20,1.250
2020-11-21,1.260
2020-11-22,1.270
2020-11-23,1.280
2020-11-24,1.290
2020-11-25,1.300
2020-11-26,1.300
2020-11-27,1.310
2020-11-28,1.310
2020-11-29,1.310
2020-11-30,1.310
2020-12-01,1.310
2020-12-02,1.310
2020-12-03,1.310
2020-12-04,1.310
2020-12-05,1.300
2020-12-06,1.300
2020-12-07,1.290
2020-12-08,1.290
2020-12-09,1.290
2020-12-10,1.280
2020-12-11,1.280
2020-12-12,1.270
2020-12-13,1.270
2020-12-14,1.270
2020-12-15,1.260
2020-12-16,1.260
2020-12-17,1.260
2020-12-18,1.260
2020-12-19,1.260
2020-12-20,1.260
2020-12-21,1.270
2020-12-22,1.270
2020-12-23,1.270
2020-12-24,1.270
2020-12-25,1.280
2020-12-26,1.280
2020-12-27,1.280
2020-12-28,1.290
2020-12-29,1.290
2020-12-30,1.290
2020-12-31,1.290
2021-01-01,1.290
2021-01-02,1.290
2021-01-03,1.290
2021-01-04,1.290
2021-01-05,1.280
2021-01-06,1.280
2021-01-07,1.270
2021-01-08,1.260
2021-01-09,1.260
2021-01-10,1.240
2021-01-11,1.230
2021-01-12,1.220
2021-01-13,1.210
2021-01-14,1.190
2021-01-15,1.180
2021-01-16,1.160
2021-01-17,1.140
2021-01-18,1.130
2021-01-19,1.110
2021-01-20,1.090
2021-01-21,1.070
2021-01-22,1.060
2021-01-23,1.040
2021-01-24,1.030
2021-01-25,1.010
2021-01-26,1.000
2021-01-27,0.990
2021-01-28,0.980
2021-01-29,0.970
2021-01-30,0.960
2021-01-31,0.960
2021-02-01,0.950
2021-02-02,0.950
2021-02-03,0.950
2021-02-04,0.950
2021-02-05,0.950
2021-02-06,0.960
2021-02-07,0.960
2021-02-08,0.970
2021-02-09,0.970
2021-02-10,0.980
2021-02-11,0.990
2021-02-12,0.990
2021-02-13,1.000
2021-02-14,1.010
2021-02-15,1.020
2021-02-16,1.030
2021-02-17,1.030
2021-02-18,1.040
2021-02-19,1.050
2021-02-20,1.050
2021-02-21,1.060
2021-02-22,1.060
2021-02-23,1.070
2021-02-24,1.070
2021-02-25,1.070
2021-02-26,1.080
2021-02-27,1.080
2021-02-28,1.080
2021-03-01,1.080
2021-03-02,1.080
2021-03-03,1.080
2021-03-04,1.090
2021-03-05,1.090
2021-03-06,1.090
2021-03-07,1.090
2021-03-08,1.090
2021-03-09,1.100
2021-03-10,1.100
2021-03-11,1.110
2021-03-12,1.110
2021-03-13,1.120
2021-03-14,1.130
2021-03-15,1.140
2021-03-16,1.150
2021-03-17,1.160
2021-03-18,1.170
2021-03-19,1.190
2021-03-20,1.200
2021-03-21,1.220
2021-03-22,1.230
2021-03-23,1.250
2021-03-24,1.260
2021-03-25,1.280
2021-03-26,1.290
2021-03-27,1.310
2021-03-28,1.320
2021-03-29,1.340
2021-03-30,1.350
2021-03-31,1.360
2021-04-01,1.370
2021-04-02,1.380
2021-04-03,1.390
2021-04-04,1.400
2021-04-05,1.400
2021-04-06,1.400
2021-04-07,1.400
2021-04-08,1.400
2021-04-09,1.400
2021-04-10,1.400
2021-04-11,1.390
2021-04-12,1.390
2021-04-13,1.380
2021-04-14,1.370
2021-04-15,1.360
2021-04-16,1.350
2021-04-17,1.330
2021-04-18,1.320
2021-04-19,1.310
2021-04-20,1.300
2021-04-21,1.280
2021-04-22,1.270
2021-04-23,1.260
2021-04-24,1.250
2021-04-25,1.240
2021-04-26,1.230
2021-04-27,1.220
2021-04-28,1.210
2021-04-29,1.200
2021-04-30,1.190
2021-05-01,1.190
2021-05-02,1.180
2021-05-03,1.180
2021-05-04,1.170
2021-05-05,1.170
2021-05-06,1.170
2021-05-07,1.170
2021-05-08,1.160
2021-05-09,1.160
2021-05-10,1.160
2021-05-11,1.160
2021-05-12,1.160
2021-05-13,1.160
2021-05-14,1.160
2021-05-15,1.150
2021-05-16,1.150
2021-05-17,1.140
2021-05-18,1.140
2021-05-19,1.130
2021-05-20,1.130
2021-05-21,1.120
2021-05-22,1.110
2021-05-23,1.100
2021-05-24,1.090
2021-05-25,1.080
2021-05-26,1.070
2021-05-27,1.060
2021-05-28,1.050
2021-05-29,1.040
2021-05-30,1.030
2021-05-31,1.020
2021-06-01,1.010
2021-06-02,1.000
2021-06-03,0.990
2021-06-04,0.980
2021-06-05,0.970
2021-06-06,0.970
2021-06-07,0.960
2021-06-08,0.960
2021-06-09,0.960
2021-06-10,0.960
2021-06-11,0.960
2021-06-12,0.960
2021-06-13,0.970
2021-06-14,0.970
2021-06-15,0.980
2021-06-16,0.990
2021-06-17,1.000
2021-06-18,1.010
2021-06-19,1.020
2021-06-20,1.030
2021-06-21,1.050
2021-06-22,1.060
2021-06-23,1.070
2021-06-24,1.090
2021-06-25,1.100
2021-06-26,1.110
2021-06-27,1.130
2021-06-28,1.140
2021-06-29,1.150
2021-06-30,1.160
2021-07-01,1.170
2021-07-02,1.180
2021-07-03,1.180
2021-07-04,1.190
2021-07-05,1.200
2021-07-06,1.200
2021-07-07,1.200
2021-07-08,1.200
2021-07-09,1.210
2021-07-10,1.210
2021-07-11,1.200
2021-07-12,1.200
2021-07-13,1.200
2021-07-14,1.200
2021-07-15,1.200
2021-07-16,1.190
2021-07-17,1.190
2021-07-18,1.190
2021-07-19,1.190
2021-07-20,1.190
2021-07-21,1.190
2021-07-22,1.190
2021-07-23,1.190
2021-07-24,1.190
2021-07-25,1.190
2021-07-26,1.200
2021-07-27,1.200
2021-07-28,1.210
2021-07-29,1.210
2021-07-30,1.220
2021-07-31,1.230
2021-08-01,1.230
2021-08-02,1.240
2021-08-03,1.250
2021-08-04,1.260
2021-08-05,1.270
2021-08-06,1.280
2021-08-07,1.280
2021-08-08,1.290
2021-08-09,1.300
2021-08-10,1.300
2021-08-11,1.310
2021-08-12,1.310
2021-08-13,1.320
2021-08-14,1.320
2021-08-15,1.320
2021-08-16,1.320
2021-08-17,1.310
2021-08-18,1.310
2021-08-19,1.310
2021-08-20,1.300
2021-08-21,1.290
2021-08-22,1.290
2021-08-23,1.280
2021-08-24,1.270
2021-08-25,1.260
2021-08-26,1.250
2021-08-27,1.230
2021-08-28,1.220
2021-08-29,1.210
2021-08-30,1.200
2021-08-31,1.190
2021-09-01,1.180
2021-09-02,1.170
2021-09-03,1.170
2021-09-04,1.160
2021-09-05,1.150
2021-09-06,1.150
2021-09-07,1.140
2021-09-08,1.140
2021-09-09,1.140
2021-09-10,1.140
2021-09-11,1.140
2021-09-12,1.140
2021-09-13,1.140
2021-09-14,1.140
2021-09-15,1.150
2021-09-16,1.150
2021-09-17,1.150
2021-09-18,1.160
2021-09-19,1.160
2021-09-20,1.170
2021-09-21,1.170
2021-09-22,1.170
2021-09-23,1.180
2021-09-24,1.180
2021-09-25,1.180
2021-09-26,1.180
2021-09-27,1.180
2021-09-28,1.180
2021-09-29,1.170
2021-09-30,1.170
2021-10-01,1.170
2021-10-02,1.160
2021-10-03,1.150
2021-10-04,1.140
2021-10-05,1.140
2021-10-06,1.130
2021-10-07,1.120
2021-10-08,1.110
2021-10-09,1.100
2021-10-10,1.080
2021-10-11,1.070
2021-10-12,1.060
2021-10-13,1.050
2021-10-14,1.040
2021-10-15,1.040
2021-10-16,1.030
2021-10-17,1.020
2021-10-18,1.020
2021-10-19,1.010
2021-10-20,1.010
2021-10-21,1.010
2021-10-22,1.010
2021-10-23,1.010
2021-10-24,1.010
2021-10-25,1.010
2021-10-26,1.020
2021-10-27,1.020
2021-10-28,1.030
2021-10-29,1.040
2021-10-30,1.050
2021-10-31,1.050
2021-11-01,1.060
2021-11-02,1.070
2021-11-03,1.080
2021-11-04,1.090
2021-11-05,1.100
2021-11-06,1.110
2021-11-07,1.120
2021-11-08,1.120
2021-11-09,1.130
2021-11-10,1.140
2021-11-11,1.140
2021-11-12,1.150
2021-11-13,1.150
2021-11-14,1.150
2021-11-15,1.160
2021-11-16,1.160
2021-11-17,1.160
2021-11-18,1.160
2021-11-19,1.150
2021-11-20,1.150
2021-11-21,1.150
2021-11-22,1.150
2021-11-23,1.150
2021-11-24,1.150
2021-11-25,1.140
2021-11-26,1.140
2021-11-27,1.140
2021-11-28,1.140
2021-11-29,1.140
2021-11-30,1.150
2021-12-01,1.150
2021-12-02,1.150
2021-12-03,1.160
2021-12-04,1.160
2021-12-05,1.170
2021-12-06,1.180
2021-12-07,1.190
2021-12-08,1.200
2021-12-09,1.210
2021-12-10,1.220
2021-12-11,1.230
2021-12-12,1.250
2021-12-13,1.260
2021-12-14,1.270
2021-12-15,1.280
2021-12-16,1.300
2021-12-17,1.310
2021-12-18,1.320
2021-12-19,1.330
2021-12-20,1.340
2021-12-21,1.350
2021-12-22,1.360
2021-12-23,1.360
2021-12-24,1.370
2021-12-25,1.370
2021-12-26,1.370
2021-12-27,1.370
2021-12-28,1.370
2021-12-29,1.370
2021-12-30,1.360
2021-12-31,1.360
2022-01-01,1.320
2022-01-02,1.320
2022-01-03,1.320
2022-01-04,1.320
2022-01-05,1.320
2022-01-06,1.320
2022-01-07,1.330
2022-01-08,1.330
2022-01-09,1.340
2022-01-10,1.350
2022-01-11,1.360
2022-01-12,1.370
2022-01-13,1.380
2022-01-14,1.400
2022-01-15,1.410
2022-01-16,1.430
2022-01-17,1.440
2022-01-18,1.460
2022-01-19,1.470
2022-01-20,1.490
2022-01-21,1.500
2022-01-22,1.520
2022-01-23,1.530
2022-01-24,1.540
2022-01-25,1.560
2022-01-26,1.570
2022-01-27,1.580
2022-01-28,1.590
2022-01-29,1.600
2022-01-30,1.600
2022-01-31,1.610
2022-02-01,1.610
2022-02-02,1.610
2022-02-03,1.620
2022-02-04,1.610
2022-02-05,1.610
2022-02-06,1.610
2022-02-07,1.600
2022-02-08,1.590
2022-02-09,1.580
2022-02-10,1.570
2022-02-11,1.560
2022-02-12,1.550
2022-02-13,1.530
2022-02-14,1.520
2022-02-15,1.500
2022-02-16,1.480
2022-02-17,1.470
2022-02-18,1.450
2022-02-19,1.430
2022-02-20,1.410
2022-02-21,1.390
2022-02-22,1.370
2022-02-23,1.360
2022-02-24,1.340
2022-02-25,1.320
2022-02-26,1.310
2022-02-27,1.290
2022-02-28,1.280
2022-03-01,1.270
2022-03-02,1.260
2022-03-03,1.250
2022-03-04,1.240
2022-03-05,1.240
2022-03-06,1.230
2022-03-07,1.230
2022-03-08,1.230
2022-03-09,1.230
2022-03-10,1.240
2022-03-11,1.240
2022-03-12,1.250
2022-03-13,1.260
2022-03-14,1.270
2022-03-15,1.280
2022-03-16,1.300
2022-03-17,1.310
2022-03-18,1.330
2022-03-19,1.350
2022-03-20,1.370
2022-03-21,1.390
2022-03-22,1.410
2022-03-23,1.430
2022-03-24,1.450
2022-03-25,1.470
2022-03-26,1.490
2022-03-27,1.500
2022-03-28,1.520
2022-03-29,1.540
2022-03-30,1.560
2022-03-31,1.580
2022-04-01,1.590
2022-04-02,1.600
2022-04-03,1.620
2022-04-04,1.630
2022-04-05,1.640
2022-04-06,1.640
2022-04-07,1.650
2022-04-08,1.650
2022-04-09,1.660
2022-04-10,1.660
2022-04-11,1.650
2022-04-12,1.650
2022-04-13,1.640
2022-04-14,1.640
2022-04-15,1.630
2022-04-16,1.620
2022-04-17,1.610
2022-04-18,1.590
2022-04-19,1.580
2022-04-20,1.560
2022-04-21,1.550
2022-04-22,1.530
2022-04-23,1.510
2022-04-24,1.490
2022-04-25,1.480
2022-04-26,1.460
2022-04-27,1.440
2022-04-28,1.420
2022-04-29,1.400
2022-04-30,1.390
2022-05-01,1.370
2022-05-02,1.350
2022-05-03,1.340
2022-05-04,1.330
2022-05-05,1.310
2022-05-06,1.300
2022-05-07,1.290
2022-05-08,1.290
2022-05-09,1.280
2022-05-10,1.280
2022-05-11,1.270
2022-05-12,1.270
2022-05-13,1.270
2022-05-14,1.280
2022-05-15,1.280
2022-05-16,1.290
2022-05-17,1.290
2022-05-18,1.300
2022-05-19,1.310
2022-05-20,1.320
2022-05-21,1.330
2022-05-22,1.350
2022-05-23,1.360
2022-05-24,1.370
2022-05-25,1.390
2022-05-26,1.400
2022-05-27,1.420
2022-05-28,1.430
2022-05-29,1.450
2022-05-30,1.460
2022-05-31,1.480
2022-06-01,1.490
2022-06-02,1.510
2022-06-03,1.520
2022-06-04,1.530
2022-06-05,1.540
2022-06-06,1.550
2022-06-07,1.550
2022-06-08,1.560
2022-06-09,1.560
2022-06-10,1.570
2022-06-11,1.570
2022-06-12,1.570
2022-06-13,1.570
2022-06-14,1.570
2022-06-15,1.560
2022-06-16,1.560
2022-06-17,1.550
2022-06-18,1.540
2022-06-19,1.530
2022-06-20,1.520
2022-06-21,1.510
2022-06-22,1.500
2022-06-23,1.490
2022-06-24,1.470
2022-06-25,1.460
2022-06-26,1.450
2022-06-27,1.430
2022-06-28,1.420
2022-06-29,1.410
2022-06-30,1.390
2022-07-01,1.380
2022-07-02,1.370
2022-07-03,1.360
2022-07-04,1.350
2022-07-05,1.340
2022-07-06,1.330
2022-07-07,1.330
2022-07-08,1.320
2022-07-09,1.320
2022-07-10,1.320
2022-07-11,1.320
2022-07-12,1.320
2022-07-13,1.320
2022-07-14,1.330
2022-07-15,1.330
2022-07-16,1.340
2022-07-17,1.350
2022-07-18,1.360
2022-07-19,1.370
2022-07-20,1.380
2022-07-21,1.390
2022-07-22,1.400
2022-07-23,1.420
2022-07-24,1.430
2022-07-25,1.450
2022-07-26,1.460
2022-07-27,1.480
2022-07-28,1.490
2022-07-29,1.510
2022-07-30,1.520
2022-07-31,1.540
2022-08-01,1.550
2022-08-02,1.560
2022-08-03,1.570
2022-08-04,1.580
2022-08-05,1.590
2022-08-06,1.600
2022-08-07,1.610
2022-08-08,1.610
2022-08-09,1.610
2022-08-10,1.620
2022-08-11,1.610
2022-08-12,1.610
2022-08-13,1.610
2022-08-14,1.600
2022-08-15,1.600
2022-08-16,1.590
2022-08-17,1.580
2022-08-18,1.570
2022-08-19,1.550
2022-08-20,1.540
2022-08-21,1.530
2022-08-22,1.510
2022-08-23,1.490
2022-08-24,1.470
2022-08-25,1.460
2022-08-26,1.440
2022-08-27,1.420
2022-08-28,1.400
2022-08-29,1.380
2022-08-30,1.360
2022-08-31,1.350
2022-09-01,1.330
2022-09-02,1.310
2022-09-03,1.300
2022-09-04,1.290
2022-09-05,1.270
2022-09-06,1.260
2022-09-07,1.250
2022-09-08,1.250
2022-09-09,1.240
2022-09-10,1.240
2022-09-11,1.230
2022-09-12,1.230
2022-09-13,1.230
2022-09-14,1.240
2022-09-15,1.240
2022-09-16,1.250
2022-09-17,1.260
2022-09-18,1.270
2022-09-19,1.280
2022-09-20,1.290
2022-09-21,1.310
2022-09-22,1.320
2022-09-23,1.340
2022-09-24,1.360
2022-09-25,1.380
2022-09-26,1.400
2022-09-27,1.420
2022-09-28,1.440
2022-09-29,1.460
2022-09-30,1.480
2022-10-01,1.500
2022-10-02,1.510
2022-10-03,1.530
2022-10-04,1.550
2022-10-05,1.570
2022-10-06,1.580
2022-10-07,1.600
2022-10-08,1.610
2022-10-09,1.620
2022-10-10,1.630
2022-10-11,1.640
2022-10-12,1.650
2022-10-13,1.650
2022-10-14,1.660
2022-10-15,1.660
2022-10-16,1.660
2022-10-17,1.650
2022-10-18,1.650
2022-10-19,1.640
2022-10-20,1.630
2022-10-21,1.620
2022-10-22,1.610
2022-10-23,1.600
2022-10-24,1.590
2022-10-25,1.570
2022-10-26,1.560
2022-10-27,1.540
2022-10-28,1.520
2022-10-29,1.500
2022-10-30,1.480
2022-10-31,1.470
2022-11-01,1.450
2022-11-02,1.430
2022-11-03,1.410
2022-11-04,1.390
2022-11-05,1.380
2022-11-06,1.360
2022-11-07,1.350
2022-11-08,1.330
2022-11-09,1.320
2022-11-10,1.310
2022-11-11,1.300
2022-11-12,1.290
2022-11-13,1.280
2022-11-14,1.280
2022-11-15,1.270
2022-11-16,1.270
2022-11-17,1.270
2022-11-18,1.270
2022-11-19,1.280
2022-11-20,1.280
2022-11-21,1.290
2022-11-22,1.300
2022-11-23,1.310
2022-11-24,1.320
2022-11-25,1.330
2022-11-26,1.340
2022-11-27,1.350
2022-11-28,1.370
2022-11-29,1.380
2022-11-30,1.400
2022-12-01,1.410
2022-12-02,1.430
2022-12-03,1.440
2022-12-04,1.460
2022-12-05,1.470
2022-12-06,1.490
2022-12-07,1.500
2022-12-08,1.510
2022-12-09,1.520
2022-12-10,1.530
2022-12-11,1.540
2022-12-12,1.550
2022-12-13,1.560
2022-12-14,1.560
2022-12-15,1.570
2022-12-16,1.570
2022-12-17,1.570
2022-12-18,1.570
2022-12-19,1.570
2022-12-20,1.560
2022-12-21,1.560
2022-12-22,1.550
2022-12-23,1.540
2022-12-24,1.540
2022-12-25,1.530
2022-12-26,1.520
2022-12-27,1.500
2022-12-28,1.490
2022-12-29,1.480
2022-12-30,1.470
2022-12-31,1.450
2023-01-01,1.250
2023-01-02,1.250
2023-01-03,1.260
2023-01-04,1.260
2023-01-05,1.260
2023-01-06,1.260
2023-01-07,1.270
2023-01-08,1.270
2023-01-09,1.280
2023-01-10,1.280
2023-01-11,1.290
2023-01-12,1.290
2023-01-13,1.300
2023-01-14,1.310
2023-01-15,1.310
2023-01-16,1.320
2023-01-17,1.320
2023-01-18,1.330
2023-01-19,1.330
2023-01-20,1.330
2023-01-21,1.330
2023-01-22,1.330
2023-01-23,1.330
2023-01-24,1.320
2023-01-25,1.320
2023-01-26,1.310
2023-01-27,1.300
2023-01-28,1.290
2023-01-29,1.280
2023-01-30,1.270
2023-01-31,1.260
2023-02-01,1.240
2023-02-02,1.230
2023-02-03,1.210
2023-02-04,1.200
2023-02-05,1.180
2023-02-06,1.160
2023-02-07,1.140
2023-02-08,1.130
2023-02-09,1.110
2023-02-10,1.090
2023-02-11,1.080
2023-02-12,1.060
2023-02-13,1.050
2023-02-14,1.040
2023-02-15,1.030
2023-02-16,1.020
2023-02-17,1.010
2023-02-18,1.000
2023-02-19,0.990
2023-02-20,0.990
2023-02-21,0.990
2023-02-22,0.980
2023-02-23,0.980
2023-02-24,0.980
2023-02-25,0.990
2023-02-26,0.990
2023-02-27,0.990
2023-02-28,1.000
2023-03-01,1.000
2023-03-02,1.000
2023-03-03,1.010
2023-03-04,1.010
2023-03-05,1.020
2023-03-06,1.020
2023-03-07,1.030
2023-03-08,1.030
2023-03-09,1.030
2023-03-10,1.040
2023-03-11,1.040
2023-03-12,1.040
2023-03-13,1.040
2023-03-14,1.040
2023-03-15,1.040
2023-03-16,1.040
2023-03-17,1.040
2023-03-18,1.040
2023-03-19,1.040
2023-03-20,1.030
2023-03-21,1.030
2023-03-22,1.030
2023-03-23,1.030
2023-03-24,1.030
2023-03-25,1.030
2023-03-26,1.030
2023-03-27,1.040
2023-03-28,1.040
2023-03-29,1.050
2023-03-30,1.050
2023-03-31,1.060
2023-04-01,1.070
2023-04-02,1.080
2023-04-03,1.090
2023-04-04,1.100
2023-04-05,1.110
2023-04-06,1.130
2023-04-07,1.140
2023-04-08,1.160
2023-04-09,1.180
2023-04-10,1.190
2023-04-11,1.210
2023-04-12,1.230
2023-04-13,1.250
2023-04-14,1.260
2023-04-15,1.280
2023-04-16,1.300
2023-04-17,1.310
2023-04-18,1.330
2023-04-19,1.340
2023-04-20,1.350
2023-04-21,1.360
2023-04-22,1.370
2023-04-23,1.380
2023-04-24,1.380
2023-04-25,1.390
2023-04-26,1.390
2023-04-27,1.390
2023-04-28,1.390
2023-04-29,1.390
2023-04-30,1.380
2023-05-01,1.380
2023-05-02,1.370
2023-05-03,1.360
2023-05-04,1.360
2023-05-05,1.350
2023-05-06,1.340
2023-05-07,1.330
2023-05-08,1.320
2023-05-09,1.310
2023-05-10,1.300
2023-05-11,1.290
2023-05-12,1.280
2023-05-13,1.270
2023-05-14,1.270
2023-05-15,1.260
2023-05-16,1.250
2023-05-17,1.250
2023-05-18,1.240
2023-05-19,1.240
2023-05-20,1.230
2023-05-21,1.230
2023-05-22,1.230
2023-05-23,1.230
2023-05-24,1.220
2023-05-25,1.220
2023-05-26,1.220
2023-05-27,1.220
2023-05-28,1.220
2023-05-29,1.220
2023-05-30,1.220
2023-05-31,1.210
2023-06-01,1.210
2023-06-02,1.210
2023-06-03,1.200
2023-06-04,1.200
2023-06-05,1.190
2023-06-06,1.180
2023-06-07,1.170
2023-06-08,1.170
2023-06-09,1.150
2023-06-10,1.140
2023-06-11,1.130
2023-06-12,1.120
2023-06-13,1.110
2023-06-14,1.090
2023-06-15,1.080
2023-06-16,1.070
2023-06-17,1.050
2023-06-18,1.040
2023-06-19,1.030
2023-06-20,1.010
2023-06-21,1.000
2023-06-22,0.990
2023-06-23,0.980
2023-06-24,0.970
2023-06-25,0.970
2023-06-26,0.960
2023-06-27,0.960
2023-06-28,0.950
2023-06-29,0.950
2023-06-30,0.950
2023-07-01,0.960
2023-07-02,0.960
2023-07-03,0.970
2023-07-04,0.970
2023-07-05,0.980
2023-07-06,0.990
2023-07-07,1.000
2023-07-08,1.010
2023-07-09,1.020
2023-07-10,1.030
2023-07-11,1.040
2023-07-12,1.060
2023-07-13,1.070
2023-07-14,1.080
2023-07-15,1.090
2023-07-16,1.100
2023-07-17,1.110
2023-07-18,1.120
2023-07-19,1.130
2023-07-20,1.140
2023-07-21,1.150
2023-07-22,1.150
2023-07-23,1.160
2023-07-24,1.160
2023-07-25,1.160
2023-07-26,1.160
2023-07-27,1.160
2023-07-28,1.160
2023-07-29,1.160
2023-07-30,1.160
2023-07-31,1.160
2023-08-01,1.160
2023-08-02,1.160
2023-08-03,1.160
2023-08-04,1.160
2023-08-05,1.150
2023-08-06,1.150
2023-08-07,1.150
2023-08-08,1.160
2023-08-09,1.160
2023-08-10,1.160
2023-08-11,1.160
2023-08-12,1.170
2023-08-13,1.170
2023-08-14,1.180
2023-08-15,1.190
2023-08-16,1.200
2023-08-17,1.200
2023-08-18,1.210
2023-08-19,1.220
2023-08-20,1.230
2023-08-21,1.240
2023-08-22,1.250
2023-08-23,1.260
2023-08-24,1.270
2023-08-25,1.280
2023-08-26,1.290
2023-08-27,1.300
2023-08-28,1.310
2023-08-29,1.310
2023-08-30,1.320
2023-08-31,1.320
2023-09-01,1.320
2023-09-02,1.320
2023-09-03,1.320
2023-09-04,1.320
2023-09-05,1.320
2023-09-06,1.310
2023-09-07,1.310
2023-09-08,1.300
2023-09-09,1.300
2023-09-10,1.290
2023-09-11,1.280
2023-09-12,1.270
2023-09-13,1.260
2023-09-14,1.250
2023-09-15,1.240
2023-09-16,1.230
2023-09-17,1.220
2023-09-18,1.210
2023-09-19,1.200
2023-09-20,1.190
2023-09-21,1.180
2023-09-22,1.180
2023-09-23,1.170
2023-09-24,1.170
2023-09-25,1.160
2023-09-26,1.160
2023-09-27,1.160
2023-09-28,1.160
2023-09-29,1.160
2023-09-30,1.160
2023-10-01,1.160
2023-10-02,1.170
2023-10-03,1.170
2023-10-04,1.170
2023-10-05,1.180
2023-10-06,1.180
2023-10-07,1.190
2023-10-08,1.190
2023-10-09,1.190
2023-10-10,1.200
2023-10-11,1.200
2023-10-12,1.200
2023-10-13,1.200
2023-10-14,1.200
2023-10-15,1.200
2023-10-16,1.200
2023-10-17,1.200
2023-10-18,1.190
2023-10-19,1.190
2023-10-20,1.180
2023-10-21,1.170
2023-10-22,1.160
2023-10-23,1.150
2023-10-24,1.140
2023-10-25,1.130
2023-10-26,1.120
2023-10-27,1.110
2023-10-28,1.100
2023-10-29,1.090
2023-10-30,1.080
2023-10-31,1.070
2023-11-01,1.060
2023-11-02,1.050
2023-11-03,1.040
2023-11-04,1.030
2023-11-05,1.030
2023-11-06,1.020
2023-11-07,1.020
2023-11-08,1.020
2023-11-09,1.020
2023-11-10,1.020
2023-11-11,1.020
2023-11-12,1.020
2023-11-13,1.020
2023-11-14,1.030
2023-11-15,1.030
2023-11-16,1.040
2023-11-17,1.050
2023-11-18,1.050
2023-11-19,1.060
2023-11-20,1.070
2023-11-21,1.080
2023-11-22,1.090
2023-11-23,1.090
2023-11-24,1.100
2023-11-25,1.110
2023-11-26,1.110
2023-11-27,1.120
2023-11-28,1.120
2023-11-29,1.130
2023-11-30,1.130
2023-12-01,1.130
2023-12-02,1.130
2023-12-03,1.130
2023-12-04,1.130
2023-12-05,1.130
2023-12-06,1.130
2023-12-07,1.120
2023-12-08,1.120
2023-12-09,1.120
2023-12-10,1.110
2023-12-11,1.110
2023-12-12,1.110
2023-12-13,1.110
2023-12-14,1.100
2023-12-15,1.100
2023-12-16,1.100
2023-12-17,1.100
2023-12-18,1.110
2023-12-19,1.110
2023-12-20,1.110
2023-12-21,1.120
2023-12-22,1.120
2023-12-23,1.130
2023-12-24,1.140
2023-12-25,1.150
2023-12-26,1.160
2023-12-27,1.170
2023-12-28,1.190
2023-12-29,1.200
2023-12-30,1.210
2023-12-31,1.230
2024-01-01,1.240
2024-01-02,1.250
2024-01-03,1.270
2024-01-04,1.280
2024-01-05,1.290
2024-01-06,1.310
2024-01-07,1.320
2024-01-08,1.330
2024-01-09,1.340
2024-01-10,1.350
2024-01-11,1.350
2024-01-12,1.360
2024-01-13,1.360
2024-01-14,1.360
2024-01-15,1.360
2024-01-16,1.360
2024-01-17,1.360
2024-01-18,1.360
2024-01-19,1.350
2024-01-20,1.350
2024-01-21,1.340
2024-01-22,1.330
2024-01-23,1.320
2024-01-24,1.310
2024-01-25,1.300
2024-01-26,1.290
2024-01-27,1.280
2024-01-28,1.280
2024-01-29,1.270
2024-01-30,1.260
2024-01-31,1.250
2024-02-01,1.240
2024-02-02,1.230
2024-02-03,1.230
2024-02-04,1.220
2024-02-05,1.210
2024-02-06,1.210
2024-02-07,1.210
2024-02-08,1.200
2024-02-09,1.200
2024-02-10,1.200
2024-02-11,1.200
2024-02-12,1.200
2024-02-13,1.190
2024-02-14,1.190
2024-02-15,1.190
2024-02-16,1.190
2024-02-17,1.190
2024-02-18,1.190
2024-02-19,1.190
2024-02-20,1.180
2024-02-21,1.180
2024-02-22,1.170
2024-02-23,1.170
2024-02-24,1.160
2024-02-25,1.150
2024-02-26,1.140
2024-02-27,1.140
2024-02-28,1.120
2024-02-29,1.110
2024-03-01,1.100
2024-03-02,1.090
2024-03-03,1.070
2024-03-04,1.060
2024-03-05,1.050
2024-03-06,1.030
2024-03-07,1.020
2024-03-08,1.000
2024-03-09,0.990
2024-03-10,0.980
2024-03-11,0.970
2024-03-12,0.960
2024-03-13,0.950
2024-03-14,0.940
2024-03-15,0.930
2024-03-16,0.930
2024-03-17,0.920
2024-03-18,0.920
2024-03-19,0.920
2024-03-20,0.920
2024-03-21,0.930
2024-03-22,0.930
2024-03-23,0.940
2024-03-24,0.950
2024-03-25,0.960
2024-03-26,0.970
2024-03-27,0.980
2024-03-28,0.990
2024-03-29,1.000
2024-03-30,1.020
2024-03-31,1.030
2024-04-01,1.050
2024-04-02,1.060
2024-04-03,1.070
2024-04-04,1.090
2024-04-05,1.100
2024-04-06,1.120
2024-04-07,1.130
2024-04-08,1.140
2024-04-09,1.150
2024-04-10,1.160
2024-04-11,1.170
2024-04-12,1.180
2024-04-13,1.180
2024-04-14,1.190
2024-04-15,1.190
2024-04-16,1.200
2024-04-17,1.200
2024-04-18,1.210
2024-04-19,1.210
2024-04-20,1.210
2024-04-21,1.210
2024-04-22,1.210
2024-04-23,1.220
2024-04-24,1.220
2024-04-25,1.220
2024-04-26,1.220
2024-04-27,1.230
2024-04-28,1.230
2024-04-29,1.240
2024-04-30,1.240
2024-05-01,1.250
2024-05-02,1.250
2024-05-03,1.260
2024-05-04,1.270
2024-05-05,1.280
2024-05-06,1.290
2024-05-07,1.290
2024-05-08,1.300
2024-05-09,1.310
2024-05-10,1.320
2024-05-11,1.330
2024-05-12,1.340
2024-05-13,1.350
2024-05-14,1.360
2024-05-15,1.370
2024-05-16,1.380
2024-05-17,1.380
2024-05-18,1.380
2024-05-19,1.390
2024-05-20,1.390
2024-05-21,1.390
2024-05-22,1.390
2024-05-23,1.390
2024-05-24,1.380
2024-05-25,1.370
2024-05-26,1.370
2024-05-27,1.360
2024-05-28,1.350
2024-05-29,1.330
2024-05-30,1.320
2024-05-31,1.310
2024-06-01,1.290
2024-06-02,1.280
2024-06-03,1.260
2024-06-04,1.240
2024-06-05,1.230
2024-06-06,1.210
2024-06-07,1.190
2024-06-08,1.180
2024-06-09,1.160
2024-06-10,1.150
2024-06-11,1.130
2024-06-12,1.120
2024-06-13,1.110
2024-06-14,1.100
2024-06-15,1.090
2024-06-16,1.080
2024-06-17,1.070
2024-06-18,1.070
2024-06-19,1.060
2024-06-20,1.060
2024-06-21,1.060
2024-06-22,1.060
2024-06-23,1.060
2024-06-24,1.060
2024-06-25,1.060
2024-06-26,1.060
2024-06-27,1.060
2024-06-28,1.060
2024-06-29,1.070
2024-06-30,1.070
2024-07-01,1.070
2024-07-02,1.070
2024-07-03,1.070
2024-07-04,1.070
2024-07-05,1.070
2024-07-06,1.070
2024-07-07,1.070
2024-07-08,1.070
2024-07-09,1.060
2024-07-10,1.060
2024-07-11,1.050
2024-07-12,1.050
2024-07-13,1.040
2024-07-14,1.040
2024-07-15,1.030
2024-07-16,1.030
2024-07-17,1.020
2024-07-18,1.020
2024-07-19,1.010
2024-07-20,1.010
2024-07-21,1.000
2024-07-22,1.000
2024-07-23,1.000
2024-07-24,1.000
2024-07-25,1.000
2024-07-26,1.000
2024-07-27,1.000
2024-07-28,1.010
2024-07-29,1.020
2024-07-30,1.020
2024-07-31,1.030
2024-08-01,1.040
2024-08-02,1.050
2024-08-03,1.060
2024-08-04,1.070
2024-08-05,1.090
2024-08-06,1.100
2024-08-07,1.120
2024-08-08,1.130
2024-08-09,1.150
2024-08-10,1.160
2024-08-11,1.170
2024-08-12,1.190
2024-08-13,1.200
2024-08-14,1.210
2024-08-15,1.230
2024-08-16,1.240
2024-08-17,1.250
2024-08-18,1.250
2024-08-19,1.260
2024-08-20,1.270
2024-08-21,1.270
2024-08-22,1.270
2024-08-23,1.270
2024-08-24,1.270
2024-08-25,1.270
2024-08-26,1.270
2024-08-27,1.270
2024-08-28,1.260
2024-08-29,1.260
2024-08-30,1.260
2024-08-31,1.250
2024-09-01,1.250
2024-09-02,1.240
2024-09-03,1.230
2024-09-04,1.230
2024-09-05,1.220
2024-09-06,1.220
2024-09-07,1.220
2024-09-08,1.220
2024-09-09,1.210
2024-09-10,1.210
2024-09-11,1.210
2024-09-12,1.210
2024-09-13,1.220
2024-09-14,1.220
2024-09-15,1.220
2024-09-16,1.230
2024-09-17,1.230
2024-09-18,1.240
2024-09-19,1.240
2024-09-20,1.250
2024-09-21,1.250
2024-09-22,1.260
2024-09-23,1.270
2024-09-24,1.270
2024-09-25,1.280
2024-09-26,1.280
2024-09-27,1.280
2024-09-28,1.290
2024-09-29,1.290
2024-09-30,1.290
2024-10-01,1.290
2024-10-02,1.290
2024-10-03,1.280
2024-10-04,1.280
2024-10-05,1.270
2024-10-06,1.270
2024-10-07,1.260
2024-10-08,1.250
2024-10-09,1.240
2024-10-10,1.230
2024-10-11,1.220
2024-10-12,1.210
2024-10-13,1.200
2024-10-14,1.190
2024-10-15,1.180
2024-10-16,1.160
2024-10-17,1.150
2024-10-18,1.140
2024-10-19,1.130
2024-10-20,1.120
2024-10-21,1.120
2024-10-22,1.110
2024-10-23,1.100
2024-10-24,1.100
2024-10-25,1.090
2024-10-26,1.090
2024-10-27,1.090
2024-10-28,1.090
2024-10-29,1.090
2024-10-30,1.090
2024-10-31,1.100
2024-11-01,1.100
2024-11-02,1.100
2024-11-03,1.110
2024-11-04,1.110
2024-11-05,1.120
2024-11-06,1.120
2024-11-07,1.120
2024-11-08,1.130
2024-11-09,1.130
2024-11-10,1.140
2024-11-11,1.140
2024-11-12,1.140
2024-11-13,1.140
2024-11-14,1.140
2024-11-15,1.140
2024-11-16,1.140
2024-11-17,1.130
2024-11-18,1.130
2024-11-19,1.120
2024-11-20,1.120
2024-11-21,1.110
2024-11-22,1.100
2024-11-23,1.090
2024-11-24,1.080
2024-11-25,1.080
2024-11-26,1.070
2024-11-27,1.060
2024-11-28,1.050
2024-11-29,1.040
2024-11-30,1.030
2024-12-01,1.030
2024-12-02,1.020
2024-12-03,1.020
2024-12-04,1.010
2024-12-05,1.010
2024-12-06,1.010
2024-12-07,1.010
2024-12-08,1.010
2024-12-09,1.010
2024-12-10,1.020
2024-12-11,1.020
2024-12-12,1.030
2024-12-13,1.040
2024-12-14,1.050
2024-12-15,1.060
2024-12-16,1.070
2024-12-17,1.080
2024-12-18,1.090
2024-12-19,1.100
2024-12-20,1.120
2024-12-21,1.130
2024-12-22,1.140
2024-12-23,1.150
2024-12-24,1.160
2024-12-25,1.180
2024-12-26,1.190
2024-12-27,1.190
2024-12-28,1.200
2024-12-29,1.210
2024-12-30,1.220
2024-12-31,1.220
2025-01-01,1.230
2025-01-02,1.230
2025-01-03,1.230
2025-01-04,1.230
2025-01-05,1.230
2025-01-06,1.230
2025-01-07,1.230
2025-01-08,1.230
2025-01-09,1.230
2025-01-10,1.230
2025-01-11,1.230
2025-01-12,1.230
2025-01-13,1.230
2025-01-14,1.220
2025-01-15,1.220
2025-01-16,1.220
2025-01-17,1.230
2025-01-18,1.230
2025-01-19,1.230
2025-01-20,1.230
2025-01-21,1.240
2025-01-22,1.240
2025-01-23,1.250
2025-01-24,1.260
2025-01-25,1.260
2025-01-26,1.270
2025-01-27,1.280
2025-01-28,1.290
2025-01-29,1.300
2025-01-30,1.310
2025-01-31,1.310
2025-02-01,1.320
2025-02-02,1.330
2025-02-03,1.340
2025-02-04,1.340
2025-02-05,1.350
2025-02-06,1.350
2025-02-07,1.360
2025-02-08,1.360
2025-02-09,1.360
2025-02-10,1.360
2025-02-11,1.350
2025-02-12,1.350
2025-02-13,1.340
2025-02-14,1.330
2025-02-15,1.320
2025-02-16,1.310
2025-02-17,1.300
2025-02-18,1.290
2025-02-19,1.280
2025-02-20,1.260
2025-02-21,1.240
2025-02-22,1.230
2025-02-23,1.210
2025-02-24,1.200
2025-02-25,1.180
2025-02-26,1.160
2025-02-27,1.150
2025-02-28,1.130
2025-03-01,1.120
2025-03-02,1.100
2025-03-03,1.090
2025-03-04,1.080
2025-03-05,1.070
2025-03-06,1.060
2025-03-07,1.050
2025-03-08,1.050
2025-03-09,1.040
2025-03-10,1.040
2025-03-11,1.030
2025-03-12,1.030
2025-03-13,1.030
2025-03-14,1.030
2025-03-15,1.030
2025-03-16,1.030
2025-03-17,1.030
2025-03-18,1.030
2025-03-19,1.030
2025-03-20,1.030
2025-03-21,1.040
2025-03-22,1.040
2025-03-23,1.040
2025-03-24,1.040
2025-03-25,1.040
2025-03-26,1.040
2025-03-27,1.040
2025-03-28,1.040
2025-03-29,1.030
2025-03-30,1.030
2025-03-31,1.030
2025-04-01,1.020
2025-04-02,1.020
2025-04-03,1.020
2025-04-04,1.010
2025-04-05,1.010
2025-04-06,1.000
2025-04-07,1.000
2025-04-08,0.990
2025-04-09,0.990
2025-04-10,0.990
2025-04-11,0.990
2025-04-12,0.990
2025-04-13,0.990
2025-04-14,0.990
2025-04-15,0.990
2025-04-16,1.000
2025-04-17,1.000
2025-04-18,1.010
2025-04-19,1.020
2025-04-20,1.030
2025-04-21,1.040
2025-04-22,1.050
2025-04-23,1.070
2025-04-24,1.080
2025-04-25,1.100
2025-04-26,1.120
2025-04-27,1.140
2025-04-28,1.150
2025-04-29,1.170
2025-04-30,1.190
2025-05-01,1.210
2025-05-02,1.230
2025-05-03,1.240
2025-05-04,1.260
2025-05-05,1.280
2025-05-06,1.290
2025-05-07,1.300
2025-05-08,1.320
2025-05-09,1.330
2025-05-10,1.340
2025-05-11,1.340
2025-05-12,1.350
2025-05-13,1.350
2025-05-14,1.360
2025-05-15,1.360
2025-05-16,1.360
2025-05-17,1.360
2025-05-18,1.360
2025-05-19,1.350
2025-05-20,1.350
2025-05-21,1.350
2025-05-22,1.340
2025-05-23,1.330
2025-05-24,1.330
2025-05-25,1.320
2025-05-26,1.320
2025-05-27,1.310
2025-05-28,1.300
2025-05-29,1.300
2025-05-30,1.290
2025-05-31,1.290
2025-06-01,1.290
2025-06-02,1.280
2025-06-03,1.280
2025-06-04,1.280
2025-06-05,1.280
2025-06-06,1.270
2025-06-07,1.270
2025-06-08,1.270
2025-06-09,1.270
2025-06-10,1.270
2025-06-11,1.280
2025-06-12,1.280
2025-06-13,1.280
2025-06-14,1.280
2025-06-15,1.270
2025-06-16,1.270
2025-06-17,1.270
2025-06-18,1.270
2025-06-19,1.260
2025-06-20,1.260
2025-06-21,1.250
2025-06-22,1.250
2025-06-23,1.240
2025-06-24,1.230
2025-06-25,1.220
2025-06-26,1.210
2025-06-27,1.190
2025-06-28,1.180
2025-06-29,1.170
2025-06-30,1.150
2025-07-01,1.140
2025-07-02,1.120
2025-07-03,1.110
2025-07-04,1.090
2025-07-05,1.070
2025-07-06,1.060
2025-07-07,1.040
2025-07-08,1.030
2025-07-09,1.020
2025-07-10,1.010
2025-07-11,1.000
2025-07-12,0.990
2025-07-13,0.980
2025-07-14,0.970
2025-07-15,0.970
2025-07-16,0.960
2025-07-17,0.960
2025-07-18,0.960
2025-07-19,0.960
2025-07-20,0.970
2025-07-21,0.970
2025-07-22,0.980
2025-07-23,0.980
2025-07-24,0.990
2025-07-25,1.000
2025-07-26,1.010
2025-07-27,1.020
2025-07-28,1.030
2025-07-29,1.040
2025-07-30,1.050
2025-07-31,1.060
2025-08-01,1.070
2025-08-02,1.080
2025-08-03,1.080
2025-08-04,1.090
2025-08-05,1.100
2025-08-06,1.100
2025-08-07,1.110
2025-08-08,1.110
2025-08-09,1.120
2025-08-10,1.120
2025-08-11,1.120
2025-08-12,1.120
2025-08-13,1.120
2025-08-14,1.120
2025-08-15,1.120
2025-08-16,1.120
2025-08-17,1.120
2025-08-18,1.120
2025-08-19,1.120
2025-08-20,1.120
2025-08-21,1.120
2025-08-22,1.120
2025-08-23,1.120
2025-08-24,1.120
2025-08-25,1.120
2025-08-26,1.120
2025-08-27,1.130
2025-08-28,1.130
2025-08-29,1.140
2025-08-30,1.140
2025-08-31,1.150
2025-09-01,1.160
2025-09-02,1.170
2025-09-03,1.180
2025-09-04,1.190
2025-09-05,1.200
2025-09-06,1.210
2025-09-07,1.230
2025-09-08,1.240
2025-09-09,1.250
2025-09-10,1.260
2025-09-11,1.270
2025-09-12,1.280
2025-09-13,1.290
2025-09-14,1.300
2025-09-15,1.310
2025-09-16,1.310
2025-09-17,1.320
2025-09-18,1.320
2025-09-19,1.320
2025-09-20,1.320
2025-09-21,1.320
2025-09-22,1.320
2025-09-23,1.320
2025-09-24,1.310
2025-09-25,1.310
2025-09-26,1.300
2025-09-27,1.290
2025-09-28,1.280
2025-09-29,1.280
2025-09-30,1.270
2025-10-01,1.260
2025-10-02,1.250
2025-10-03,1.240
2025-10-04,1.230
2025-10-05,1.220
2025-10-06,1.210
2025-10-07,1.210
2025-10-08,1.200
2025-10-09,1.190
2025-10-10,1.190
2025-10-11,1.180
2025-10-12,1.180
2025-10-13,1.180
2025-10-14,1.180
2025-10-15,1.180
2025-10-16,1.180
2025-10-17,1.180
2025-10-18,1.190
2025-10-19,1.190
2025-10-20,1.190
2025-10-21,1.200
2025-10-22,1.200
2025-10-23,1.210
2025-10-24,1.210
2025-10-25,1.210
2025-10-26,1.220
2025-10-27,1.220
2025-10-28,1.220
2025-10-29,1.230
2025-10-30,1.230
2025-10-31,1.230
2025-11-01,1.220
2025-11-02,1.220
2025-11-03,1.220
2025-11-04,1.210
2025-11-05,1.210
2025-11-06,1.200
2025-11-07,1.190
2025-11-08,1.180
2025-11-09,1.170
2025-11-10,1.160
2025-11-11,1.150
2025-11-12,1.140
2025-11-13,1.130
2025-11-14,1.120
2025-11-15,1.110
2025-11-16,1.100
2025-11-17,1.080
2025-11-18,1.070
2025-11-19,1.070
2025-11-20,1.060
2025-11-21,1.050
2025-11-22,1.040
2025-11-23,1.040
2025-11-24,1.030
2025-11-25,1.030
2025-11-26,1.030
2025-11-27,1.030
2025-11-28,1.030
2025-11-29,1.030
2025-11-30,1.040
2025-12-01,1.040
2025-12-02,1.040
2025-12-03,1.050
2025-12-04,1.060
2025-12-05,1.060
2025-12-06,1.070
2025-12-07,1.080
2025-12-08,1.080
2025-12-09,1.090
2025-12-10,1.090
2025-12-11,1.100
2025-12-12,1.100
2025-12-13,1.110
2025-12-14,1.110
2025-12-15,1.120
2025-12-16,1.120
2025-12-17,1.120
2025-12-18,1.120
2025-12-19,1.120
2025-12-20,1.110
2025-12-21,1.110
2025-12-22,1.110
2025-12-23,1.100
2025-12-24,1.100
2025-12-25,1.100
2025-12-26,1.090
2025-12-27,1.090
2025-12-28,1.080
2025-12-29,1.080
2025-12-30,1.080
2025-12-31,1.070
2026-01-01,1.070
2026-01-02,1.070
2026-01-03,1.070
2026-01-04,1.070
2026-01-05,1.070
2026-01-06,1.080
2026-01-07,1.080
2026-01-08,1.090
2026-01-09,1.090
2026-01-10,1.100
2026-01-11,1.110
2026-01-12,1.120
2026-01-13,1.130
2026-01-14,1.150
2026-01-15,1.160
2026-01-16,1.170
2026-01-17,1.190
2026-01-18,1.200
2026-01-19,1.220
2026-01-20,1.230
2026-01-21,1.250
2026-01-22,1.260
2026-01-23,1.270
2026-01-24,1.290
2026-01-25,1.300
2026-01-26,1.310
2026-01-27,1.320
2026-01-28,1.320
2026-01-29,1.330
2026-01-30,1.340
2026-01-31,1.340
2026-02-01,1.340
2026-02-02,1.340
2026-02-03,1.340
2026-02-04,1.340
2026-02-05,1.340
2026-02-06,1.330
2026-02-07,1.330
2026-02-08,1.320
2026-02-09,1.320
2026-02-10,1.310
2026-02-11,1.300
2026-02-12,1.300
2026-02-13,1.290
2026-02-14,1.280
2026-02-15,1.280
2026-02-16,1.270
2026-02-17,1.270
2026-02-18,1.260
2026-02-19,1.260
2026-02-20,1.250
2026-02-21,1.250
2026-02-22,1.250
2026-02-23,1.240
2026-02-24,1.240
2026-02-25,1.240
2026-02-26,1.240
2026-02-27,1.240
2026-02-28,1.240
2026-03-01,1.240
2026-03-02,1.240
2026-03-03,1.250
2026-03-04,1.250
2026-03-05,1.250
2026-03-06,1.250
2026-03-07,1.240
2026-03-08,1.240
2026-03-09,1.240
2026-03-10,1.240
2026-03-11,1.230
2026-03-12,1.220
2026-03-13,1.220
2026-03-14,1.210
2026-03-15,1.200
2026-03-16,1.190
2026-03-17,1.180
2026-03-18,1.160
2026-03-19,1.150
2026-03-20,1.140
2026-03-21,1.120
2026-03-22,1.110
2026-03-23,1.090
2026-03-24,1.070
2026-03-25,1.060
2026-03-26,1.040
2026-03-27,1.030
2026-03-28,1.010
2026-03-29,1.000
2026-03-30,0.980
2026-03-31,0.970
2026-04-01,0.960
2026-04-02,0.950
2026-04-03,0.940
2026-04-04,0.940
2026-04-05,0.930
2026-04-06,0.930
2026-04-07,0.930
2026-04-08,0.930
2026-04-09,0.930
2026-04-10,0.930
2026-04-11,0.940
2026-04-12,0.950
2026-04-13,0.950
2026-04-14,0.960
2026-04-15,0.970
2026-04-16,0.980
2026-04-17,0.990
2026-04-18,1.000
2026-04-19,1.010
2026-04-20,1.030
2026-04-21,1.040
2026-04-22,1.050
2026-04-23,1.060
2026-04-24,1.070
2026-04-25,1.080
2026-04-26,1.090
2026-04-27,1.100
2026-04-28,1.110
2026-04-29,1.110
2026-04-30,1.120
2026-05-01,1.120
2026-05-02,1.130
2026-05-03,1.130
2026-05-04,1.140
2026-05-05,1.140
2026-05-06,1.140
2026-05-07,1.140
2026-05-08,1.150
2026-05-09,1.150
2026-05-10,1.150
2026-05-11,1.150
2026-05-12,1.160
2026-05-13,1.160
2026-05-14,1.170
2026-05-15,1.170
2026-05-16,1.180
2026-05-17,1.180
2026-05-18,1.190
2026-05-19,1.200
2026-05-20,1.210
2026-05-21,1.220
2026-05-22,1.230
2026-05-23,1.240
2026-05-24,1.250
2026-05-25,1.260
2026-05-26,1.280
2026-05-27,1.290
2026-05-28,1.300
2026-05-29,1.320
2026-05-30,1.330
