observation_date,BAMLH0A0HYM2
2015-01-01,4.000
2015-01-02,4.023
2015-01-03,4.042
2015-01-04,4.057
2015-01-05,4.068
2015-01-06,4.075
2015-01-07,4.079
2015-01-08,4.080
2015-01-09,4.078
2015-01-10,4.074
2015-01-11,4.068
2015-01-12,4.061
2015-01-13,4.054
2015-01-14,4.046
2015-01-15,4.039
2015-01-16,4.033
2015-01-17,4.028
2015-01-18,4.024
2015-01-19,4.023
2015-01-20,4.025
2015-01-21,4.029
2015-01-22,4.036
2015-01-23,4.046
2015-01-24,4.058
2015-01-25,4.074
2015-01-26,4.093
2015-01-27,4.114
2015-01-28,4.137
2015-01-29,4.162
2015-01-30,4.189
2015-01-31,4.216
2015-02-01,4.244
2015-02-02,4.272
2015-02-03,4.299
2015-02-04,4.325
2015-02-05,4.349
2015-02-06,4.370
2015-02-07,4.389
2015-02-08,4.404
2015-02-09,4.416
2015-02-10,4.423
2015-02-11,4.426
2015-02-12,4.424
2015-02-13,4.416
2015-02-14,4.404
2015-02-15,4.387
2015-02-16,4.365
2015-02-17,4.337
2015-02-18,4.306
2015-02-19,4.270
2015-02-20,4.230
2015-02-21,4.186
2015-02-22,4.140
2015-02-23,4.092
2015-02-24,4.042
2015-02-25,3.990
2015-02-26,3.938
2015-02-27,3.887
2015-02-28,3.836
2015-03-01,3.787
2015-03-02,3.739
2015-03-03,3.694
2015-03-04,3.652
2015-03-05,3.614
2015-03-06,3.579
2015-03-07,3.548
2015-03-08,3.521
2015-03-09,3.499
2015-03-10,3.481
2015-03-11,3.467
2015-03-12,3.457
2015-03-13,3.451
2015-03-14,3.448
2015-03-15,3.449
2015-03-16,3.453
2015-03-17,3.459
2015-03-18,3.466
2015-03-19,3.476
2015-03-20,3.485
2015-03-21,3.496
2015-03-22,3.506
2015-03-23,3.515
2015-03-24,3.523
2015-03-25,3.529
2015-03-26,3.533
2015-03-27,3.535
2015-03-28,3.534
2015-03-29,3.531
2015-03-30,3.524
2015-03-31,3.515
2015-04-01,3.503
2015-04-02,3.488
2015-04-03,3.471
2015-04-04,3.451
2015-04-05,3.430
2015-04-06,3.408
2015-04-07,3.384
2015-04-08,3.360
2015-04-09,3.336
2015-04-10,3.313
2015-04-11,3.291
2015-04-12,3.271
2015-04-13,3.253
2015-04-14,3.238
2015-04-15,3.226
2015-04-16,3.219
2015-04-17,3.215
2015-04-18,3.216
2015-04-19,3.221
2015-04-20,3.232
2015-04-21,3.247
2015-04-22,3.268
2015-04-23,3.293
2015-04-24,3.323
2015-04-25,3.357
2015-04-26,3.396
2015-04-27,3.438
2015-04-28,3.483
2015-04-29,3.531
2015-04-30,3.581
2015-05-01,3.633
2015-05-02,3.686
2015-05-03,3.739
2015-05-04,3.791
2015-05-05,3.843
2015-05-06,3.893
2015-05-07,3.940
2015-05-08,3.985
2015-05-09,4.027
2015-05-10,4.066
2015-05-11,4.100
2015-05-12,4.130
2015-05-13,4.156
2015-05-14,4.177
2015-05-15,4.194
2015-05-16,4.206
2015-05-17,4.214
2015-05-18,4.219
2015-05-19,4.219
2015-05-20,4.216
2015-05-21,4.210
2015-05-22,4.202
2015-05-23,4.191
2015-05-24,4.179
2015-05-25,4.167
2015-05-26,4.154
2015-05-27,4.141
2015-05-28,4.128
2015-05-29,4.117
2015-05-30,4.107
2015-05-31,4.100
2015-06-01,4.094
2015-06-02,4.092
2015-06-03,4.091
2015-06-04,4.094
2015-06-05,4.100
2015-06-06,4.108
2015-06-07,4.119
2015-06-08,4.132
2015-06-09,4.148
2015-06-10,4.165
2015-06-11,4.184
2015-06-12,4.204
2015-06-13,4.224
2015-06-14,4.244
2015-06-15,4.263
2015-06-16,4.281
2015-06-17,4.298
2015-06-18,4.312
2015-06-19,4.324
2015-06-20,4.332
2015-06-21,4.336
2015-06-22,4.337
2015-06-23,4.333
2015-06-24,4.324
2015-06-25,4.311
2015-06-26,4.292
2015-06-27,4.269
2015-06-28,4.242
2015-06-29,4.210
2015-06-30,4.173
2015-07-01,4.133
2015-07-02,4.089
2015-07-03,4.042
2015-07-04,3.993
2015-07-05,3.941
2015-07-06,3.889
2015-07-07,3.835
2015-07-08,3.782
2015-07-09,3.729
2015-07-10,3.677
2015-07-11,3.628
2015-07-12,3.580
2015-07-13,3.536
2015-07-14,3.495
2015-07-15,3.457
2015-07-16,3.424
2015-07-17,3.395
2015-07-18,3.371
2015-07-19,3.352
2015-07-20,3.337
2015-07-21,3.326
2015-07-22,3.320
2015-07-23,3.319
2015-07-24,3.321
2015-07-25,3.327
2015-07-26,3.335
2015-07-27,3.347
2015-07-28,3.360
2015-07-29,3.375
2015-07-30,3.391
2015-07-31,3.407
2015-08-01,3.424
2015-08-02,3.440
2015-08-03,3.455
2015-08-04,3.468
2015-08-05,3.479
2015-08-06,3.488
2015-08-07,3.495
2015-08-08,3.499
2015-08-09,3.500
2015-08-10,3.498
2015-08-11,3.494
2015-08-12,3.487
2015-08-13,3.477
2015-08-14,3.466
2015-08-15,3.452
2015-08-16,3.437
2015-08-17,3.421
2015-08-18,3.405
2015-08-19,3.388
2015-08-20,3.372
2015-08-21,3.357
2015-08-22,3.344
2015-08-23,3.333
2015-08-24,3.325
2015-08-25,3.320
2015-08-26,3.319
2015-08-27,3.321
2015-08-28,3.328
2015-08-29,3.339
2015-08-30,3.355
2015-08-31,3.375
2015-09-01,3.400
2015-09-02,3.430
2015-09-03,3.464
2015-09-04,3.502
2015-09-05,3.543
2015-09-06,3.588
2015-09-07,3.636
2015-09-08,3.686
2015-09-09,3.738
2015-09-10,3.791
2015-09-11,3.845
2015-09-12,3.898
2015-09-13,3.950
2015-09-14,4.002
2015-09-15,4.051
2015-09-16,4.097
2015-09-17,4.140
2015-09-18,4.180
2015-09-19,4.216
2015-09-20,4.247
2015-09-21,4.274
2015-09-22,4.296
2015-09-23,4.313
2015-09-24,4.326
2015-09-25,4.334
2015-09-26,4.337
2015-09-27,4.336
2015-09-28,4.331
2015-09-29,4.322
2015-09-30,4.310
2015-10-01,4.295
2015-10-02,4.278
2015-10-03,4.260
2015-10-04,4.240
2015-10-05,4.220
2015-10-06,4.200
2015-10-07,4.180
2015-10-08,4.162
2015-10-09,4.145
2015-10-10,4.130
2015-10-11,4.117
2015-10-12,4.106
2015-10-13,4.098
2015-10-14,4.093
2015-10-15,4.091
2015-10-16,4.092
2015-10-17,4.095
2015-10-18,4.101
2015-10-19,4.109
2015-10-20,4.119
2015-10-21,4.130
2015-10-22,4.143
2015-10-23,4.156
2015-10-24,4.169
2015-10-25,4.182
2015-10-26,4.193
2015-10-27,4.203
2015-10-28,4.211
2015-10-29,4.217
2015-10-30,4.219
2015-10-31,4.218
2015-11-01,4.213
2015-11-02,4.204
2015-11-03,4.191
2015-11-04,4.174
2015-11-05,4.152
2015-11-06,4.125
2015-11-07,4.094
2015-11-08,4.059
2015-11-09,4.020
2015-11-10,3.978
2015-11-11,3.932
2015-11-12,3.884
2015-11-13,3.834
2015-11-14,3.782
2015-11-15,3.729
2015-11-16,3.676
2015-11-17,3.624
2015-11-18,3.572
2015-11-19,3.523
2015-11-20,3.475
2015-11-21,3.430
2015-11-22,3.388
2015-11-23,3.351
2015-11-24,3.317
2015-11-25,3.288
2015-11-26,3.264
2015-11-27,3.244
2015-11-28,3.230
2015-11-29,3.220
2015-11-30,3.215
2015-12-01,3.215
2015-12-02,3.220
2015-12-03,3.228
2015-12-04,3.240
2015-12-05,3.256
2015-12-06,3.274
2015-12-07,3.295
2015-12-08,3.317
2015-12-09,3.340
2015-12-10,3.364
2015-12-11,3.388
2015-12-12,3.412
2015-12-13,3.434
2015-12-14,3.455
2015-12-15,3.474
2015-12-16,3.491
2015-12-17,3.505
2015-12-18,3.517
2015-12-19,3.526
2015-12-20,3.531
2015-12-21,3.534
2015-12-22,3.535
2015-12-23,3.532
2015-12-24,3.528
2015-12-25,3.521
2015-12-26,3.513
2015-12-27,3.504
2015-12-28,3.494
2015-12-29,3.484
2015-12-30,3.474
2015-12-31,3.465
2016-01-01,7.935
2016-01-02,8.300
2016-01-03,7.929
2016-01-04,7.164
2016-01-05,6.708
2016-01-06,6.980
2016-01-07,7.730
2016-01-08,8.269
2016-01-09,8.101
2016-01-10,7.380
2016-01-11,6.770
2016-01-12,6.831
2016-01-13,7.507
2016-01-14,8.177
2016-01-15,8.224
2016-01-16,7.606
2016-01-17,6.890
2016-01-18,6.735
2016-01-19,7.283
2016-01-20,8.031
2016-01-21,8.290
2016-01-22,7.823
2016-01-23,7.059
2016-01-24,6.700
2016-01-25,7.077
2016-01-26,7.843
2016-01-27,8.293
2016-01-28,8.015
2016-01-29,7.263
2016-01-30,6.729
2016-01-31,6.904
2016-02-01,7.627
2016-02-02,8.233
2016-02-03,8.165
2016-02-04,7.486
2016-02-05,6.819
2016-02-06,6.779
2016-02-07,7.401
2016-02-08,8.115
2016-02-09,8.263
2016-02-10,7.710
2016-02-11,6.964
2016-02-12,6.711
2016-02-13,7.183
2016-02-14,7.947
2016-02-15,8.300
2016-02-16,7.917
2016-02-17,7.151
2016-02-18,6.706
2016-02-19,6.991
2016-02-20,7.744
2016-02-21,8.273
2016-02-22,8.091
2016-02-23,7.366
2016-02-24,6.764
2016-02-25,6.839
2016-02-26,7.521
2016-02-27,8.184
2016-02-28,8.218
2016-02-29,7.592
2016-03-01,6.881
2016-03-02,6.739
2016-03-03,7.297
2016-03-04,8.041
2016-03-05,8.288
2016-03-06,7.810
2016-03-07,7.047
2016-03-08,6.700
2016-03-09,7.089
2016-03-10,7.855
2016-03-11,8.295
2016-03-12,8.004
2016-03-13,7.249
2016-03-14,6.725
2016-03-15,6.913
2016-03-16,7.641
2016-03-17,8.239
2016-03-18,8.157
2016-03-19,7.472
2016-03-20,6.812
2016-03-21,6.785
2016-03-22,7.415
2016-03-23,8.124
2016-03-24,8.259
2016-03-25,7.696
2016-03-26,6.953
2016-03-27,6.713
2016-03-28,7.196
2016-03-29,7.959
2016-03-30,8.299
2016-03-31,7.905
2016-04-01,3.303
2016-04-02,3.267
2016-04-03,3.235
2016-04-04,3.207
2016-04-05,3.184
2016-04-06,3.165
2016-04-07,3.152
2016-04-08,3.145
2016-04-09,3.142
2016-04-10,3.144
2016-04-11,3.152
2016-04-12,3.164
2016-04-13,3.180
2016-04-14,3.200
2016-04-15,3.223
2016-04-16,3.249
2016-04-17,3.277
2016-04-18,3.307
2016-04-19,3.339
2016-04-20,3.370
2016-04-21,3.402
2016-04-22,3.433
2016-04-23,3.463
2016-04-24,3.492
2016-04-25,3.518
2016-04-26,3.543
2016-04-27,3.564
2016-04-28,3.583
2016-04-29,3.598
2016-04-30,3.611
2016-05-01,3.620
2016-05-02,3.627
2016-05-03,3.631
2016-05-04,3.632
2016-05-05,3.631
2016-05-06,3.628
2016-05-07,3.624
2016-05-08,3.619
2016-05-09,3.613
2016-05-10,3.608
2016-05-11,3.603
2016-05-12,3.599
2016-05-13,3.596
2016-05-14,3.596
2016-05-15,3.599
2016-05-16,3.604
2016-05-17,3.612
2016-05-18,3.624
2016-05-19,3.640
2016-05-20,3.660
2016-05-21,3.683
2016-05-22,3.711
2016-05-23,3.742
2016-05-24,3.777
2016-05-25,3.815
2016-05-26,3.855
2016-05-27,3.899
2016-05-28,3.944
2016-05-29,3.991
2016-05-30,4.039
2016-05-31,4.087
2016-06-01,4.135
2016-06-02,4.181
2016-06-03,4.227
2016-06-04,4.270
2016-06-05,4.310
2016-06-06,4.347
2016-06-07,4.380
2016-06-08,4.409
2016-06-09,4.434
2016-06-10,4.453
2016-06-11,4.468
2016-06-12,4.477
2016-06-13,4.481
2016-06-14,4.480
2016-06-15,4.473
2016-06-16,4.462
2016-06-17,4.446
2016-06-18,4.426
2016-06-19,4.402
2016-06-20,4.375
2016-06-21,4.345
2016-06-22,4.313
2016-06-23,4.279
2016-06-24,4.244
2016-06-25,4.208
2016-06-26,4.173
2016-06-27,4.138
2016-06-28,4.104
2016-06-29,4.072
2016-06-30,4.042
2016-07-01,4.015
2016-07-02,3.990
2016-07-03,3.968
2016-07-04,3.950
2016-07-05,3.934
2016-07-06,3.922
2016-07-07,3.913
2016-07-08,3.907
2016-07-09,3.903
2016-07-10,3.902
2016-07-11,3.903
2016-07-12,3.906
2016-07-13,3.909
2016-07-14,3.913
2016-07-15,3.918
2016-07-16,3.922
2016-07-17,3.925
2016-07-18,3.926
2016-07-19,3.926
2016-07-20,3.923
2016-07-21,3.918
2016-07-22,3.909
2016-07-23,3.897
2016-07-24,3.882
2016-07-25,3.863
2016-07-26,3.840
2016-07-27,3.813
2016-07-28,3.783
2016-07-29,3.750
2016-07-30,3.714
2016-07-31,3.675
2016-08-01,3.633
2016-08-02,3.590
2016-08-03,3.545
2016-08-04,3.500
2016-08-05,3.454
2016-08-06,3.409
2016-08-07,3.365
2016-08-08,3.323
2016-08-09,3.283
2016-08-10,3.246
2016-08-11,3.213
2016-08-12,3.183
2016-08-13,3.158
2016-08-14,3.137
2016-08-15,3.121
2016-08-16,3.111
2016-08-17,3.105
2016-08-18,3.105
2016-08-19,3.111
2016-08-20,3.121
2016-08-21,3.136
2016-08-22,3.156
2016-08-23,3.180
2016-08-24,3.208
2016-08-25,3.239
2016-08-26,3.273
2016-08-27,3.310
2016-08-28,3.347
2016-08-29,3.386
2016-08-30,3.425
2016-08-31,3.464
2016-09-01,3.503
2016-09-02,3.540
2016-09-03,3.575
2016-09-04,3.608
2016-09-05,3.638
2016-09-06,3.666
2016-09-07,3.690
2016-09-08,3.711
2016-09-09,3.729
2016-09-10,3.743
2016-09-11,3.754
2016-09-12,3.762
2016-09-13,3.767
2016-09-14,3.770
2016-09-15,3.771
2016-09-16,3.769
2016-09-17,3.767
2016-09-18,3.763
2016-09-19,3.760
2016-09-20,3.756
2016-09-21,3.754
2016-09-22,3.752
2016-09-23,3.753
2016-09-24,3.755
2016-09-25,3.760
2016-09-26,3.768
2016-09-27,3.779
2016-09-28,3.794
2016-09-29,3.811
2016-09-30,3.833
2016-10-01,3.858
2016-10-02,3.886
2016-10-03,3.917
2016-10-04,3.952
2016-10-05,3.989
2016-10-06,4.028
2016-10-07,4.069
2016-10-08,4.110
2016-10-09,4.153
2016-10-10,4.195
2016-10-11,4.237
2016-10-12,4.278
2016-10-13,4.317
2016-10-14,4.353
2016-10-15,4.386
2016-10-16,4.416
2016-10-17,4.442
2016-10-18,4.464
2016-10-19,4.480
2016-10-20,4.492
2016-10-21,4.499
2016-10-22,4.500
2016-10-23,4.496
2016-10-24,4.486
2016-10-25,4.472
2016-10-26,4.453
2016-10-27,4.429
2016-10-28,4.401
2016-10-29,4.369
2016-10-30,4.334
2016-10-31,4.296
2016-11-01,4.256
2016-11-02,4.215
2016-11-03,4.173
2016-11-04,4.130
2016-11-05,4.088
2016-11-06,4.047
2016-11-07,4.007
2016-11-08,3.969
2016-11-09,3.933
2016-11-10,3.900
2016-11-11,3.871
2016-11-12,3.844
2016-11-13,3.821
2016-11-14,3.801
2016-11-15,3.785
2016-11-16,3.773
2016-11-17,3.763
2016-11-18,3.757
2016-11-19,3.754
2016-11-20,3.752
2016-11-21,3.753
2016-11-22,3.755
2016-11-23,3.758
2016-11-24,3.762
2016-11-25,3.765
2016-11-26,3.768
2016-11-27,3.770
2016-11-28,3.771
2016-11-29,3.769
2016-11-30,3.765
2016-12-01,3.758
2016-12-02,3.749
2016-12-03,3.736
2016-12-04,3.720
2016-12-05,3.700
2016-12-06,3.677
2016-12-07,3.651
2016-12-08,3.622
2016-12-09,3.591
2016-12-10,3.556
2016-12-11,3.520
2016-12-12,3.482
2016-12-13,3.444
2016-12-14,3.405
2016-12-15,3.365
2016-12-16,3.327
2016-12-17,3.290
2016-12-18,3.255
2016-12-19,3.222
2016-12-20,3.193
2016-12-21,3.167
2016-12-22,3.145
2016-12-23,3.128
2016-12-24,3.115
2016-12-25,3.107
2016-12-26,3.105
2016-12-27,3.108
2016-12-28,3.116
2016-12-29,3.129
2016-12-30,3.147
2016-12-31,3.171
2017-01-01,3.198
2017-01-02,3.230
2017-01-03,3.266
2017-01-04,3.304
2017-01-05,3.345
2017-01-06,3.389
2017-01-07,3.433
2017-01-08,3.478
2017-01-09,3.524
2017-01-10,3.569
2017-01-11,3.613
2017-01-12,3.655
2017-01-13,3.696
2017-01-14,3.733
2017-01-15,3.768
2017-01-16,3.800
2017-01-17,3.828
2017-01-18,3.852
2017-01-19,3.873
2017-01-20,3.890
2017-01-21,3.904
2017-01-22,3.914
2017-01-23,3.921
2017-01-24,3.925
2017-01-25,3.926
2017-01-26,3.925
2017-01-27,3.923
2017-01-28,3.920
2017-01-29,3.915
2017-01-30,3.911
2017-01-31,3.907
2017-02-01,3.904
2017-02-02,3.902
2017-02-03,3.903
2017-02-04,3.905
2017-02-05,3.910
2017-02-06,3.918
2017-02-07,3.928
2017-02-08,3.942
2017-02-09,3.959
2017-02-10,3.979
2017-02-11,4.003
2017-02-12,4.029
2017-02-13,4.058
2017-02-14,4.089
2017-02-15,4.122
2017-02-16,4.156
2017-02-17,4.191
2017-02-18,4.227
2017-02-19,4.262
2017-02-20,4.297
2017-02-21,4.330
2017-02-22,4.361
2017-02-23,4.390
2017-02-24,4.416
2017-02-25,4.437
2017-02-26,4.455
2017-02-27,4.469
2017-02-28,4.477
2017-03-01,4.481
2017-03-02,4.480
2017-03-03,4.473
2017-03-04,4.461
2017-03-05,4.444
2017-03-06,4.421
2017-03-07,4.395
2017-03-08,4.363
2017-03-09,4.328
2017-03-10,4.289
2017-03-11,4.247
2017-03-12,4.203
2017-03-13,4.157
2017-03-14,4.109
2017-03-15,4.061
2017-03-16,4.013
2017-03-17,3.966
2017-03-18,3.920
2017-03-19,3.875
2017-03-20,3.833
2017-03-21,3.794
2017-03-22,3.758
2017-03-23,3.725
2017-03-24,3.696
2017-03-25,3.670
2017-03-26,3.649
2017-03-27,3.631
2017-03-28,3.618
2017-03-29,3.607
2017-03-30,3.601
2017-03-31,3.597
2017-04-01,3.596
2017-04-02,3.597
2017-04-03,3.601
2017-04-04,3.605
2017-04-05,3.610
2017-04-06,3.616
2017-04-07,3.622
2017-04-08,3.626
2017-04-09,3.630
2017-04-10,3.632
2017-04-11,3.632
2017-04-12,3.629
2017-04-13,3.624
2017-04-14,3.616
2017-04-15,3.605
2017-04-16,3.590
2017-04-17,3.573
2017-04-18,3.553
2017-04-19,3.530
2017-04-20,3.505
2017-04-21,3.477
2017-04-22,3.448
2017-04-23,3.417
2017-04-24,3.385
2017-04-25,3.353
2017-04-26,3.322
2017-04-27,3.291
2017-04-28,3.262
2017-04-29,3.235
2017-04-30,3.210
2017-05-01,3.189
2017-05-02,3.171
2017-05-03,3.157
2017-05-04,3.147
2017-05-05,3.143
2017-05-06,3.143
2017-05-07,3.148
2017-05-08,3.159
2017-05-09,3.174
2017-05-10,3.195
2017-05-11,3.221
2017-05-12,3.251
2017-05-13,3.286
2017-05-14,3.324
2017-05-15,3.366
2017-05-16,3.411
2017-05-17,3.458
2017-05-18,3.506
2017-05-19,3.556
2017-05-20,3.606
2017-05-21,3.656
2017-05-22,3.706
2017-05-23,3.753
2017-05-24,3.799
2017-05-25,3.842
2017-05-26,3.883
2017-05-27,3.920
2017-05-28,3.953
2017-05-29,3.983
2017-05-30,4.009
2017-05-31,4.030
2017-06-01,4.048
2017-06-02,4.061
2017-06-03,4.071
2017-06-04,4.077
2017-06-05,4.079
2017-06-06,4.079
2017-06-07,4.077
2017-06-08,4.072
2017-06-09,4.066
2017-06-10,4.059
2017-06-11,4.051
2017-06-12,4.043
2017-06-13,4.037
2017-06-14,4.031
2017-06-15,4.026
2017-06-16,4.024
2017-06-17,4.023
2017-06-18,4.026
2017-06-19,4.031
2017-06-20,4.039
2017-06-21,4.050
2017-06-22,4.064
2017-06-23,4.080
2017-06-24,4.100
2017-06-25,4.122
2017-06-26,4.146
2017-06-27,4.171
2017-06-28,4.198
2017-06-29,4.226
2017-06-30,4.254
2017-07-01,4.281
2017-07-02,4.308
2017-07-03,4.333
2017-07-04,4.357
2017-07-05,4.377
2017-07-06,4.395
2017-07-07,4.409
2017-07-08,4.419
2017-07-09,4.425
2017-07-10,4.426
2017-07-11,4.422
2017-07-12,4.413
2017-07-13,4.399
2017-07-14,4.380
2017-07-15,4.356
2017-07-16,4.327
2017-07-17,4.293
2017-07-18,4.256
2017-07-19,4.215
2017-07-20,4.170
2017-07-21,4.123
2017-07-22,4.074
2017-07-23,4.023
2017-07-24,3.972
2017-07-25,3.920
2017-07-26,3.869
2017-07-27,3.818
2017-07-28,3.769
2017-07-29,3.723
2017-07-30,3.679
2017-07-31,3.638
2017-08-01,3.601
2017-08-02,3.567
2017-08-03,3.538
2017-08-04,3.513
2017-08-05,3.492
2017-08-06,3.475
2017-08-07,3.463
2017-08-08,3.454
2017-08-09,3.450
2017-08-10,3.448
2017-08-11,3.450
2017-08-12,3.455
2017-08-13,3.461
2017-08-14,3.470
2017-08-15,3.479
2017-08-16,3.489
2017-08-17,3.499
2017-08-18,3.509
2017-08-19,3.518
2017-08-20,3.525
2017-08-21,3.531
2017-08-22,3.534
2017-08-23,3.535
2017-08-24,3.533
2017-08-25,3.529
2017-08-26,3.521
2017-08-27,3.511
2017-08-28,3.498
2017-08-29,3.482
2017-08-30,3.464
2017-08-31,3.444
2017-09-01,3.422
2017-09-02,3.399
2017-09-03,3.376
2017-09-04,3.352
2017-09-05,3.328
2017-09-06,3.305
2017-09-07,3.284
2017-09-08,3.264
2017-09-09,3.247
2017-09-10,3.233
2017-09-11,3.223
2017-09-12,3.217
2017-09-13,3.215
2017-09-14,3.217
2017-09-15,3.225
2017-09-16,3.237
2017-09-17,3.254
2017-09-18,3.276
2017-09-19,3.303
2017-09-20,3.334
2017-09-21,3.370
2017-09-22,3.410
2017-09-23,3.453
2017-09-24,3.500
2017-09-25,3.549
2017-09-26,3.600
2017-09-27,3.652
2017-09-28,3.705
2017-09-29,3.757
2017-09-30,3.810
2017-10-01,3.861
2017-10-02,3.910
2017-10-03,3.957
2017-10-04,4.001
2017-10-05,4.041
2017-10-06,4.078
2017-10-07,4.111
2017-10-08,4.140
2017-10-09,4.164
2017-10-10,4.184
2017-10-11,4.199
2017-10-12,4.210
2017-10-13,4.216
2017-10-14,4.219
2017-10-15,4.218
2017-10-16,4.214
2017-10-17,4.207
2017-10-18,4.198
2017-10-19,4.187
2017-10-20,4.175
2017-10-21,4.162
2017-10-22,4.149
2017-10-23,4.136
2017-10-24,4.124
2017-10-25,4.113
2017-10-26,4.105
2017-10-27,4.098
2017-10-28,4.093
2017-10-29,4.091
2017-10-30,4.092
2017-10-31,4.096
2017-11-01,4.102
2017-11-02,4.111
2017-11-03,4.123
2017-11-04,4.137
2017-11-05,4.154
2017-11-06,4.172
2017-11-07,4.191
2017-11-08,4.211
2017-11-09,4.231
2017-11-10,4.251
2017-11-11,4.270
2017-11-12,4.288
2017-11-13,4.303
2017-11-14,4.317
2017-11-15,4.327
2017-11-16,4.334
2017-11-17,4.337
2017-11-18,4.336
2017-11-19,4.330
2017-11-20,4.320
2017-11-21,4.305
2017-11-22,4.285
2017-11-23,4.260
2017-11-24,4.231
2017-11-25,4.197
2017-11-26,4.159
2017-11-27,4.118
2017-11-28,4.073
2017-11-29,4.025
2017-11-30,3.975
2017-12-01,3.923
2017-12-02,3.870
2017-12-03,3.816
2017-12-04,3.763
2017-12-05,3.711
2017-12-06,3.659
2017-12-07,3.611
2017-12-08,3.564
2017-12-09,3.521
2017-12-10,3.481
2017-12-11,3.445
2017-12-12,3.414
2017-12-13,3.386
2017-12-14,3.364
2017-12-15,3.346
2017-12-16,3.333
2017-12-17,3.324
2017-12-18,3.319
2017-12-19,3.319
2017-12-20,3.322
2017-12-21,3.329
2017-12-22,3.339
2017-12-23,3.351
2017-12-24,3.365
2017-12-25,3.381
2017-12-26,3.397
2017-12-27,3.413
2017-12-28,3.430
2017-12-29,3.445
2017-12-30,3.459
2017-12-31,3.472
2018-01-01,3.483
2018-01-02,3.491
2018-01-03,3.497
2018-01-04,3.500
2018-01-05,3.500
2018-01-06,3.497
2018-01-07,3.492
2018-01-08,3.484
2018-01-09,3.473
2018-01-10,3.461
2018-01-11,3.447
2018-01-12,3.431
2018-01-13,3.415
2018-01-14,3.399
2018-01-15,3.382
2018-01-16,3.367
2018-01-17,3.353
2018-01-18,3.340
2018-01-19,3.330
2018-01-20,3.323
2018-01-21,3.319
2018-01-22,3.319
2018-01-23,3.323
2018-01-24,3.331
2018-01-25,3.344
2018-01-26,3.361
2018-01-27,3.384
2018-01-28,3.410
2018-01-29,3.441
2018-01-30,3.477
2018-01-31,3.516
2018-02-01,3.559
2018-02-02,3.605
2018-02-03,3.654
2018-02-04,3.705
2018-02-05,3.757
2018-02-06,3.810
2018-02-07,3.864
2018-02-08,3.917
2018-02-09,3.969
2018-02-10,4.019
2018-02-11,4.067
2018-02-12,4.113
2018-02-13,4.155
2018-02-14,4.193
2018-02-15,4.227
2018-02-16,4.257
2018-02-17,4.282
2018-02-18,4.303
2018-02-19,4.318
2018-02-20,4.329
2018-02-21,4.335
2018-02-22,4.337
2018-02-23,4.334
2018-02-24,4.328
2018-02-25,4.318
2018-02-26,4.305
2018-02-27,4.289
2018-02-28,4.272
2018-03-01,4.253
2018-03-02,4.233
2018-03-03,4.213
2018-03-04,4.193
2018-03-05,4.174
2018-03-06,4.156
2018-03-07,4.139
2018-03-08,4.125
2018-03-09,4.113
2018-03-10,4.103
2018-03-11,4.096
2018-03-12,4.092
2018-03-13,4.091
2018-03-14,4.093
2018-03-15,4.097
2018-03-16,4.104
2018-03-17,4.112
2018-03-18,4.123
2018-03-19,4.135
2018-03-20,4.147
2018-03-21,4.161
2018-03-22,4.174
2018-03-23,4.186
2018-03-24,4.197
2018-03-25,4.206
2018-03-26,4.214
2018-03-27,4.218
2018-03-28,4.219
2018-03-29,4.217
2018-03-30,4.211
2018-03-31,4.200
2018-04-01,4.186
2018-04-02,4.166
2018-04-03,4.143
2018-04-04,4.115
2018-04-05,4.082
2018-04-06,4.046
2018-04-07,4.006
2018-04-08,3.962
2018-04-09,3.915
2018-04-10,3.866
2018-04-11,3.816
2018-04-12,3.763
2018-04-13,3.711
2018-04-14,3.658
2018-04-15,3.606
2018-04-16,3.555
2018-04-17,3.505
2018-04-18,3.459
2018-04-19,3.415
2018-04-20,3.375
2018-04-21,3.338
2018-04-22,3.306
2018-04-23,3.279
2018-04-24,3.256
2018-04-25,3.238
2018-04-26,3.226
2018-04-27,3.218
2018-04-28,3.215
2018-04-29,3.216
2018-04-30,3.222
2018-05-01,3.232
2018-05-02,3.246
2018-05-03,3.262
2018-05-04,3.281
2018-05-05,3.302
2018-05-06,3.325
2018-05-07,3.349
2018-05-08,3.373
2018-05-09,3.397
2018-05-10,3.420
2018-05-11,3.442
2018-05-12,3.462
2018-05-13,3.480
2018-05-14,3.496
2018-05-15,3.510
2018-05-16,3.520
2018-05-17,3.528
2018-05-18,3.533
2018-05-19,3.535
2018-05-20,3.534
2018-05-21,3.531
2018-05-22,3.526
2018-05-23,3.519
2018-05-24,3.510
2018-05-25,3.500
2018-05-26,3.490
2018-05-27,3.480
2018-05-28,3.471
2018-05-29,3.462
2018-05-30,3.455
2018-05-31,3.451
2018-06-01,3.448
2018-06-02,3.449
2018-06-03,3.454
2018-06-04,3.462
2018-06-05,3.474
2018-06-06,3.490
2018-06-07,3.510
2018-06-08,3.535
2018-06-09,3.564
2018-06-10,3.597
2018-06-11,3.634
2018-06-12,3.674
2018-06-13,3.718
2018-06-14,3.764
2018-06-15,3.813
2018-06-16,3.863
2018-06-17,3.914
2018-06-18,3.966
2018-06-19,4.018
2018-06-20,4.068
2018-06-21,4.118
2018-06-22,4.165
2018-06-23,4.210
2018-06-24,4.251
2018-06-25,4.289
2018-06-26,4.323
2018-06-27,4.352
2018-06-28,4.377
2018-06-29,4.397
2018-06-30,4.411
2018-07-01,4.421
2018-07-02,4.425
2018-07-03,4.425
2018-07-04,4.420
2018-07-05,4.410
2018-07-06,4.397
2018-07-07,4.380
2018-07-08,4.359
2018-07-09,4.336
2018-07-10,4.311
2018-07-11,4.285
2018-07-12,4.257
2018-07-13,4.229
2018-07-14,4.201
2018-07-15,4.174
2018-07-16,4.148
2018-07-17,4.124
2018-07-18,4.102
2018-07-19,4.083
2018-07-20,4.065
2018-07-21,4.051
2018-07-22,4.040
2018-07-23,4.032
2018-07-24,4.026
2018-07-25,4.024
2018-07-26,4.024
2018-07-27,4.026
2018-07-28,4.030
2018-07-29,4.036
2018-07-30,4.043
2018-07-31,4.050
2018-08-01,4.058
2018-08-02,4.065
2018-08-03,4.071
2018-08-04,4.076
2018-08-05,4.079
2018-08-06,4.079
2018-08-07,4.077
2018-08-08,4.071
2018-08-09,4.062
2018-08-10,4.049
2018-08-11,4.032
2018-08-12,4.011
2018-08-13,3.986
2018-08-14,3.957
2018-08-15,3.924
2018-08-16,3.887
2018-08-17,3.847
2018-08-18,3.804
2018-08-19,3.759
2018-08-20,3.711
2018-08-21,3.662
2018-08-22,3.612
2018-08-23,3.562
2018-08-24,3.512
2018-08-25,3.463
2018-08-26,3.416
2018-08-27,3.371
2018-08-28,3.329
2018-08-29,3.290
2018-08-30,3.255
2018-08-31,3.224
2018-09-01,3.198
2018-09-02,3.177
2018-09-03,3.160
2018-09-04,3.149
2018-09-05,3.143
2018-09-06,3.142
2018-09-07,3.147
2018-09-08,3.155
2018-09-09,3.169
2018-09-10,3.186
2018-09-11,3.207
2018-09-12,3.232
2018-09-13,3.259
2018-09-14,3.288
2018-09-15,3.318
2018-09-16,3.350
2018-09-17,3.382
2018-09-18,3.413
2018-09-19,3.444
2018-09-20,3.474
2018-09-21,3.502
2018-09-22,3.527
2018-09-23,3.550
2018-09-24,3.571
2018-09-25,3.589
2018-09-26,3.603
2018-09-27,3.615
2018-09-28,3.623
2018-09-29,3.629
2018-09-30,3.631
2018-10-01,3.632
2018-10-02,3.630
2018-10-03,3.627
2018-10-04,3.622
2018-10-05,3.617
2018-10-06,3.611
2018-10-07,3.606
2018-10-08,3.601
2018-10-09,3.598
2018-10-10,3.596
2018-10-11,3.597
2018-10-12,3.600
2018-10-13,3.606
2018-10-14,3.616
2018-10-15,3.630
2018-10-16,3.647
2018-10-17,3.668
2018-10-18,3.693
2018-10-19,3.721
2018-10-20,3.754
2018-10-21,3.790
2018-10-22,3.829
2018-10-23,3.870
2018-10-24,3.915
2018-10-25,3.961
2018-10-26,4.008
2018-10-27,4.056
2018-10-28,4.104
2018-10-29,4.151
2018-10-30,4.198
2018-10-31,4.242
2018-11-01,4.284
2018-11-02,4.324
2018-11-03,4.359
2018-11-04,4.391
2018-11-05,4.419
2018-11-06,4.441
2018-11-07,4.459
2018-11-08,4.472
2018-11-09,4.479
2018-11-10,4.481
2018-11-11,4.478
2018-11-12,4.470
2018-11-13,4.457
2018-11-14,4.440
2018-11-15,4.418
2018-11-16,4.393
2018-11-17,4.365
2018-11-18,4.334
2018-11-19,4.301
2018-11-20,4.266
2018-11-21,4.231
2018-11-22,4.195
2018-11-23,4.160
2018-11-24,4.126
2018-11-25,4.092
2018-11-26,4.061
2018-11-27,4.032
2018-11-28,4.006
2018-11-29,3.982
2018-11-30,3.961
2018-12-01,3.944
2018-12-02,3.930
2018-12-03,3.919
2018-12-04,3.911
2018-12-05,3.905
2018-12-06,3.903
2018-12-07,3.902
2018-12-08,3.904
2018-12-09,3.907
2018-12-10,3.911
2018-12-11,3.915
2018-12-12,3.919
2018-12-13,3.923
2018-12-14,3.925
2018-12-15,3.926
2018-12-16,3.925
2018-12-17,3.921
2018-12-18,3.915
2018-12-19,3.905
2018-12-20,3.892
2018-12-21,3.875
2018-12-22,3.855
2018-12-23,3.831
2018-12-24,3.803
2018-12-25,3.772
2018-12-26,3.738
2018-12-27,3.700
2018-12-28,3.660
2018-12-29,3.618
2018-12-30,3.574
2018-12-31,3.529
2019-01-01,3.484
2019-01-02,3.438
2019-01-03,3.394
2019-01-04,3.350
2019-01-05,3.309
2019-01-06,3.270
2019-01-07,3.234
2019-01-08,3.202
2019-01-09,3.174
2019-01-10,3.150
2019-01-11,3.131
2019-01-12,3.117
2019-01-13,3.108
2019-01-14,3.105
2019-01-15,3.107
2019-01-16,3.114
2019-01-17,3.126
2019-01-18,3.143
2019-01-19,3.164
2019-01-20,3.190
2019-01-21,3.219
2019-01-22,3.251
2019-01-23,3.286
2019-01-24,3.323
2019-01-25,3.361
2019-01-26,3.400
2019-01-27,3.439
2019-01-28,3.478
2019-01-29,3.516
2019-01-30,3.552
2019-01-31,3.587
2019-02-01,3.619
2019-02-02,3.648
2019-02-03,3.675
2019-02-04,3.698
2019-02-05,3.718
2019-02-06,3.734
2019-02-07,3.747
2019-02-08,3.757
2019-02-09,3.764
2019-02-10,3.769
2019-02-11,3.771
2019-02-12,3.770
2019-02-13,3.769
2019-02-14,3.766
2019-02-15,3.762
2019-02-16,3.759
2019-02-17,3.755
2019-02-18,3.753
2019-02-19,3.752
2019-02-20,3.753
2019-02-21,3.757
2019-02-22,3.763
2019-02-23,3.772
2019-02-24,3.784
2019-02-25,3.799
2019-02-26,3.819
2019-02-27,3.841
2019-02-28,3.867
2019-03-01,3.897
2019-03-02,3.929
2019-03-03,3.965
2019-03-04,4.002
2019-03-05,4.042
2019-03-06,4.083
2019-03-07,4.125
2019-03-08,4.168
2019-03-09,4.210
2019-03-10,4.252
2019-03-11,4.292
2019-03-12,4.330
2019-03-13,4.365
2019-03-14,4.397
2019-03-15,4.426
2019-03-16,4.450
2019-03-17,4.470
2019-03-18,4.485
2019-03-19,4.495
2019-03-20,4.500
2019-03-21,4.499
2019-03-22,4.493
2019-03-23,4.482
2019-03-24,4.466
2019-03-25,4.445
2019-03-26,4.419
2019-03-27,4.390
2019-03-28,4.357
2019-03-29,4.321
2019-03-30,4.282
2019-03-31,4.242
2019-04-01,4.200
2019-04-02,4.158
2019-04-03,4.115
2019-04-04,4.073
2019-04-05,4.032
2019-04-06,3.993
2019-04-07,3.956
2019-04-08,3.921
2019-04-09,3.889
2019-04-10,3.861
2019-04-11,3.836
2019-04-12,3.814
2019-04-13,3.795
2019-04-14,3.781
2019-04-15,3.769
2019-04-16,3.761
2019-04-17,3.756
2019-04-18,3.753
2019-04-19,3.752
2019-04-20,3.754
2019-04-21,3.756
2019-04-22,3.759
2019-04-23,3.763
2019-04-24,3.766
2019-04-25,3.769
2019-04-26,3.771
2019-04-27,3.770
2019-04-28,3.768
2019-04-29,3.763
2019-04-30,3.755
2019-05-01,3.745
2019-05-02,3.731
2019-05-03,3.713
2019-05-04,3.693
2019-05-05,3.669
2019-05-06,3.641
2019-05-07,3.611
2019-05-08,3.579
2019-05-09,3.544
2019-05-10,3.507
2019-05-11,3.469
2019-05-12,3.430
2019-05-13,3.391
2019-05-14,3.352
2019-05-15,3.314
2019-05-16,3.277
2019-05-17,3.243
2019-05-18,3.212
2019-05-19,3.183
2019-05-20,3.159
2019-05-21,3.138
2019-05-22,3.123
2019-05-23,3.112
2019-05-24,3.106
2019-05-25,3.105
2019-05-26,3.110
2019-05-27,3.120
2019-05-28,3.135
2019-05-29,3.155
2019-05-30,3.180
2019-05-31,3.209
2019-06-01,3.242
2019-06-02,3.279
2019-06-03,3.318
2019-06-04,3.360
2019-06-05,3.404
2019-06-06,3.449
2019-06-07,3.495
2019-06-08,3.540
2019-06-09,3.585
2019-06-10,3.628
2019-06-11,3.670
2019-06-12,3.709
2019-06-13,3.746
2019-06-14,3.780
2019-06-15,3.810
2019-06-16,3.837
2019-06-17,3.860
2019-06-18,3.880
2019-06-19,3.896
2019-06-20,3.908
2019-06-21,3.917
2019-06-22,3.923
2019-06-23,3.926
2019-06-24,3.926
2019-06-25,3.925
2019-06-26,3.922
2019-06-27,3.918
2019-06-28,3.914
2019-06-29,3.910
2019-06-30,3.906
2019-07-01,3.903
2019-07-02,3.902
2019-07-03,3.903
2019-07-04,3.906
2019-07-05,3.912
2019-07-06,3.921
2019-07-07,3.933
2019-07-08,3.948
2019-07-09,3.966
2019-07-10,3.987
2019-07-11,4.012
2019-07-12,4.039
2019-07-13,4.068
2019-07-14,4.100
2019-07-15,4.134
2019-07-16,4.168
2019-07-17,4.204
2019-07-18,4.240
2019-07-19,4.275
2019-07-20,4.309
2019-07-21,4.341
2019-07-22,4.372
2019-07-23,4.399
2019-07-24,4.424
2019-07-25,4.444
2019-07-26,4.461
2019-07-27,4.472
2019-07-28,4.479
2019-07-29,4.481
2019-07-30,4.478
2019-07-31,4.469
2019-08-01,4.455
2019-08-02,4.436
2019-08-03,4.412
2019-08-04,4.384
2019-08-05,4.351
2019-08-06,4.315
2019-08-07,4.275
2019-08-08,4.232
2019-08-09,4.187
2019-08-10,4.140
2019-08-11,4.092
2019-08-12,4.044
2019-08-13,3.996
2019-08-14,3.949
2019-08-15,3.904
2019-08-16,3.860
2019-08-17,3.819
2019-08-18,3.781
2019-08-19,3.746
2019-08-20,3.714
2019-08-21,3.686
2019-08-22,3.662
2019-08-23,3.642
2019-08-24,3.626
2019-08-25,3.614
2019-08-26,3.605
2019-08-27,3.599
2019-08-28,3.596
2019-08-29,3.596
2019-08-30,3.598
2019-08-31,3.602
2019-09-01,3.607
2019-09-02,3.612
2019-09-03,3.618
2019-09-04,3.623
2019-09-05,3.628
2019-09-06,3.631
2019-09-07,3.632
2019-09-08,3.631
2019-09-09,3.627
2019-09-10,3.621
2019-09-11,3.612
2019-09-12,3.600
2019-09-13,3.585
2019-09-14,3.566
2019-09-15,3.545
2019-09-16,3.521
2019-09-17,3.495
2019-09-18,3.467
2019-09-19,3.437
2019-09-20,3.406
2019-09-21,3.374
2019-09-22,3.342
2019-09-23,3.311
2019-09-24,3.281
2019-09-25,3.252
2019-09-26,3.226
2019-09-27,3.202
2019-09-28,3.182
2019-09-29,3.165
2019-09-30,3.153
2019-10-01,3.145
2019-10-02,3.142
2019-10-03,3.144
2019-10-04,3.151
2019-10-05,3.164
2019-10-06,3.181
2019-10-07,3.204
2019-10-08,3.231
2019-10-09,3.263
2019-10-10,3.299
2019-10-11,3.339
2019-10-12,3.382
2019-10-13,3.427
2019-10-14,3.475
2019-10-15,3.524
2019-10-16,3.574
2019-10-17,3.624
2019-10-18,3.674
2019-10-19,3.723
2019-10-20,3.770
2019-10-21,3.815
2019-10-22,3.857
2019-10-23,3.896
2019-10-24,3.932
2019-10-25,3.964
2019-10-26,3.993
2019-10-27,4.017
2019-10-28,4.037
2019-10-29,4.053
2019-10-30,4.065
2019-10-31,4.073
2019-11-01,4.078
2019-11-02,4.080
2019-11-03,4.078
2019-11-04,4.075
2019-11-05,4.070
2019-11-06,4.063
2019-11-07,4.056
2019-11-08,4.048
2019-11-09,4.041
2019-11-10,4.034
2019-11-11,4.029
2019-11-12,4.025
2019-11-13,4.023
2019-11-14,4.024
2019-11-15,4.027
2019-11-16,4.033
2019-11-17,4.042
2019-11-18,4.054
2019-11-19,4.069
2019-11-20,4.087
2019-11-21,4.107
2019-11-22,4.130
2019-11-23,4.155
2019-11-24,4.181
2019-11-25,4.208
2019-11-26,4.236
2019-11-27,4.264
2019-11-28,4.291
2019-11-29,4.317
2019-11-30,4.342
2019-12-01,4.364
2019-12-02,4.384
2019-12-03,4.400
2019-12-04,4.413
2019-12-05,4.421
2019-12-06,4.426
2019-12-07,4.425
2019-12-08,4.419
2019-12-09,4.408
2019-12-10,4.393
2019-12-11,4.372
2019-12-12,4.346
2019-12-13,4.315
2019-12-14,4.281
2019-12-15,4.242
2019-12-16,4.199
2019-12-17,4.154
2019-12-18,4.106
2019-12-19,4.056
2019-12-20,4.005
2019-12-21,3.954
2019-12-22,3.902
2019-12-23,3.851
2019-12-24,3.801
2019-12-25,3.753
2019-12-26,3.707
2019-12-27,3.664
2019-12-28,3.624
2019-12-29,3.588
2019-12-30,3.556
2019-12-31,3.528
2020-01-01,3.505
2020-01-02,3.485
2020-01-03,3.470
2020-01-04,3.459
2020-01-05,3.452
2020-01-06,3.449
2020-01-07,3.449
2020-01-08,3.451
2020-01-09,3.457
2020-01-10,3.464
2020-01-11,3.473
2020-01-12,3.483
2020-01-13,3.493
2020-01-14,3.503
2020-01-15,3.512
2020-01-16,3.520
2020-01-17,3.527
2020-01-18,3.532
2020-01-19,3.535
2020-01-20,3.535
2020-01-21,3.532
2020-01-22,3.526
2020-01-23,3.518
2020-01-24,3.507
2020-01-25,3.493
2020-01-26,3.476
2020-01-27,3.457
2020-01-28,3.437
2020-01-29,3.414
2020-01-30,3.391
2020-01-31,3.367
2020-02-01,3.343
2020-02-02,3.320
2020-02-03,3.297
2020-02-04,3.276
2020-02-05,3.258
2020-02-06,3.242
2020-02-07,3.229
2020-02-08,3.220
2020-02-09,3.216
2020-02-10,3.215
2020-02-11,3.219
2020-02-12,3.228
2020-02-13,3.242
2020-02-14,3.261
2020-02-15,3.285
2020-02-16,3.314
2020-02-17,3.347
2020-02-18,3.384
2020-02-19,3.425
2020-02-20,3.470
2020-02-21,3.517
2020-02-22,3.567
2020-02-23,3.618
2020-02-24,3.670
2020-02-25,3.723
2020-02-26,3.776
2020-02-27,3.828
2020-02-28,3.878
2020-02-29,3.927
2020-03-01,10.380
2020-03-02,10.053
2020-03-03,9.556
2020-03-04,8.942
2020-03-05,8.279
2020-03-06,7.641
2020-03-07,7.097
2020-03-08,6.708
2020-03-09,6.516
2020-03-10,6.543
2020-03-11,6.784
2020-03-12,7.215
2020-03-13,7.787
2020-03-14,8.438
2020-03-15,9.096
2020-03-16,9.688
2020-03-17,10.149
2020-03-18,10.428
2020-03-19,10.496
2020-03-20,10.343
2020-03-21,9.988
2020-03-22,9.469
2020-03-23,8.843
2020-03-24,8.180
2020-03-25,7.551
2020-03-26,7.028
2020-03-27,6.666
2020-03-28,6.506
2020-03-29,6.566
2020-03-30,6.838
2020-03-31,7.294
2020-04-01,7.882
2020-04-02,8.538
2020-04-03,9.191
2020-04-04,9.767
2020-04-05,10.203
2020-04-06,10.453
2020-04-07,10.487
2020-04-08,10.302
2020-04-09,9.919
2020-04-10,9.380
2020-04-11,8.744
2020-04-12,8.081
2020-04-13,7.464
2020-04-14,6.962
2020-04-15,6.628
2020-04-16,6.501
2020-04-17,6.593
2020-04-18,6.896
2020-04-19,7.375
2020-04-20,7.978
2020-04-21,8.639
2020-04-22,9.284
2020-04-23,9.843
2020-04-24,10.254
2020-04-25,10.472
2020-04-26,10.473
2020-04-27,10.257
2020-04-28,9.847
2020-04-29,9.289
2020-04-30,8.644
2020-05-01,7.984
2020-05-02,7.380
2020-05-03,6.899
2020-05-04,6.595
2020-05-05,6.501
2020-05-06,6.626
2020-05-07,6.958
2020-05-08,7.460
2020-05-09,8.076
2020-05-10,8.738
2020-05-11,9.375
2020-05-12,9.915
2020-05-13,10.300
2020-05-14,10.486
2020-05-15,10.454
2020-05-16,10.206
2020-05-17,9.771
2020-05-18,9.196
2020-05-19,8.544
2020-05-20,7.887
2020-05-21,7.298
2020-05-22,6.841
2020-05-23,6.567
2020-05-24,6.505
2020-05-25,6.663
2020-05-26,7.024
2020-05-27,7.546
2020-05-28,8.174
2020-05-29,8.838
2020-05-30,9.464
2020-05-31,9.984
2020-06-01,10.341
2020-06-02,10.495
2020-06-03,10.430
2020-06-04,10.152
2020-06-05,9.692
2020-06-06,9.101
2020-06-07,8.444
2020-06-08,7.793
2020-06-09,7.220
2020-06-10,6.787
2020-06-11,6.544
2020-06-12,6.515
2020-06-13,6.705
2020-06-14,7.093
2020-06-15,7.636
2020-06-16,8.273
2020-06-17,8.936
2020-06-18,9.551
2020-06-19,10.050
2020-06-20,10.378
2020-06-21,10.500
2020-06-22,10.401
2020-06-23,10.093
2020-06-24,9.610
2020-06-25,9.005
2020-06-26,8.344
2020-06-27,7.700
2020-06-28,7.144
2020-06-29,6.738
2020-06-30,6.525
2020-07-01,3.622
2020-07-02,3.672
2020-07-03,3.723
2020-07-04,3.776
2020-07-05,3.829
2020-07-06,3.882
2020-07-07,3.935
2020-07-08,3.987
2020-07-09,4.036
2020-07-10,4.084
2020-07-11,4.128
2020-07-12,4.169
2020-07-13,4.206
2020-07-14,4.238
2020-07-15,4.267
2020-07-16,4.290
2020-07-17,4.309
2020-07-18,4.323
2020-07-19,4.332
2020-07-20,4.336
2020-07-21,4.336
2020-07-22,4.332
2020-07-23,4.325
2020-07-24,4.314
2020-07-25,4.300
2020-07-26,4.283
2020-07-27,4.265
2020-07-28,4.246
2020-07-29,4.226
2020-07-30,4.206
2020-07-31,4.186
2020-08-01,4.167
2020-08-02,4.150
2020-08-03,4.134
2020-08-04,4.120
2020-08-05,4.109
2020-08-06,4.100
2020-08-07,4.095
2020-08-08,4.092
2020-08-09,4.091
2020-08-10,4.094
2020-08-11,4.099
2020-08-12,4.106
2020-08-13,4.116
2020-08-14,4.127
2020-08-15,4.139
2020-08-16,4.152
2020-08-17,4.165
2020-08-18,4.178
2020-08-19,4.190
2020-08-20,4.201
2020-08-21,4.209
2020-08-22,4.215
2020-08-23,4.219
2020-08-24,4.219
2020-08-25,4.215
2020-08-26,4.207
2020-08-27,4.196
2020-08-28,4.179
2020-08-29,4.158
2020-08-30,4.133
2020-08-31,4.104
2020-09-01,4.070
2020-09-02,4.032
2020-09-03,3.990
2020-09-04,3.946
2020-09-05,3.898
2020-09-06,3.849
2020-09-07,3.797
2020-09-08,3.745
2020-09-09,3.692
2020-09-10,3.639
2020-09-11,3.587
2020-09-12,3.537
2020-09-13,3.489
2020-09-14,3.443
2020-09-15,3.400
2020-09-16,3.361
2020-09-17,3.326
2020-09-18,3.296
2020-09-19,3.270
2020-09-20,3.249
2020-09-21,3.233
2020-09-22,3.222
2020-09-23,3.216
2020-09-24,3.215
2020-09-25,3.218
2020-09-26,3.225
2020-09-27,3.236
2020-09-28,3.251
2020-09-29,3.269
2020-09-30,3.289
2020-10-01,3.310
2020-10-02,3.333
2020-10-03,3.357
2020-10-04,3.381
2020-10-05,3.405
2020-10-06,3.428
2020-10-07,3.449
2020-10-08,3.469
2020-10-09,3.486
2020-10-10,3.501
2020-10-11,3.514
2020-10-12,3.523
2020-10-13,3.530
2020-10-14,3.534
2020-10-15,3.535
2020-10-16,3.533
2020-10-17,3.529
2020-10-18,3.523
2020-10-19,3.516
2020-10-20,3.507
2020-10-21,3.497
2020-10-22,3.487
2020-10-23,3.477
2020-10-24,3.467
2020-10-25,3.460
2020-10-26,3.453
2020-10-27,3.449
2020-10-28,3.448
2020-10-29,3.450
2020-10-30,3.456
2020-10-31,3.465
2020-11-01,3.479
2020-11-02,3.496
2020-11-03,3.518
2020-11-04,3.545
2020-11-05,3.575
2020-11-06,3.609
2020-11-07,3.648
2020-11-08,3.689
2020-11-09,3.734
2020-11-10,3.781
2020-11-11,3.830
2020-11-12,3.881
2020-11-13,3.932
2020-11-14,3.984
2020-11-15,4.036
2020-11-16,4.086
2020-11-17,4.135
2020-11-18,4.181
2020-11-19,4.225
2020-11-20,4.265
2020-11-21,4.302
2020-11-22,4.334
2020-11-23,4.362
2020-11-24,4.385
2020-11-25,4.403
2020-11-26,4.415
2020-11-27,4.423
2020-11-28,4.426
2020-11-29,4.424
2020-11-30,4.417
2020-12-01,4.406
2020-12-02,4.391
2020-12-03,4.373
2020-12-04,4.351
2020-12-05,4.328
2020-12-06,4.302
2020-12-07,4.275
2020-12-08,4.247
2020-12-09,4.219
2020-12-10,4.192
2020-12-11,4.165
2020-12-12,4.140
2020-12-13,4.116
2020-12-14,4.095
2020-12-15,4.076
2020-12-16,4.060
2020-12-17,4.047
2020-12-18,4.037
2020-12-19,4.029
2020-12-20,4.025
2020-12-21,4.023
2020-12-22,4.024
2020-12-23,4.027
2020-12-24,4.032
2020-12-25,4.038
2020-12-26,4.045
2020-12-27,4.053
2020-12-28,4.060
2020-12-29,4.067
2020-12-30,4.073
2020-12-31,4.077
2021-01-01,4.079
2021-01-02,4.079
2021-01-03,4.075
2021-01-04,4.069
2021-01-05,4.058
2021-01-06,4.044
2021-01-07,4.025
2021-01-08,4.003
2021-01-09,3.976
2021-01-10,3.946
2021-01-11,3.911
2021-01-12,3.873
2021-01-13,3.832
2021-01-14,3.788
2021-01-15,3.742
2021-01-16,3.694
2021-01-17,3.644
2021-01-18,3.594
2021-01-19,3.544
2021-01-20,3.495
2021-01-21,3.446
2021-01-22,3.400
2021-01-23,3.356
2021-01-24,3.315
2021-01-25,3.277
2021-01-26,3.244
2021-01-27,3.214
2021-01-28,3.190
2021-01-29,3.170
2021-01-30,3.156
2021-01-31,3.146
2021-02-01,3.142
2021-02-02,3.143
2021-02-03,3.149
2021-02-04,3.160
2021-02-05,3.175
2021-02-06,3.193
2021-02-07,3.216
2021-02-08,3.241
2021-02-09,3.269
2021-02-10,3.298
2021-02-11,3.329
2021-02-12,3.361
2021-02-13,3.393
2021-02-14,3.424
2021-02-15,3.455
2021-02-16,3.484
2021-02-17,3.511
2021-02-18,3.536
2021-02-19,3.558
2021-02-20,3.578
2021-02-21,3.594
2021-02-22,3.608
2021-02-23,3.618
2021-02-24,3.625
2021-02-25,3.630
2021-02-26,3.632
2021-02-27,3.631
2021-02-28,3.629
2021-03-01,3.625
2021-03-02,3.620
2021-03-03,3.615
2021-03-04,3.609
2021-03-05,3.604
2021-03-06,3.600
2021-03-07,3.597
2021-03-08,3.596
2021-03-09,3.598
2021-03-10,3.602
2021-03-11,3.609
2021-03-12,3.620
2021-03-13,3.635
2021-03-14,3.654
2021-03-15,3.676
2021-03-16,3.702
2021-03-17,3.732
2021-03-18,3.766
2021-03-19,3.803
2021-03-20,3.843
2021-03-21,3.886
2021-03-22,3.931
2021-03-23,3.977
2021-03-24,4.025
2021-03-25,4.073
2021-03-26,4.121
2021-03-27,4.168
2021-03-28,4.214
2021-03-29,4.257
2021-03-30,4.299
2021-03-31,4.337
2021-04-01,4.371
2021-04-02,4.401
2021-04-03,4.427
2021-04-04,4.448
2021-04-05,4.464
2021-04-06,4.475
2021-04-07,4.480
2021-04-08,4.481
2021-04-09,4.476
2021-04-10,4.466
2021-04-11,4.451
2021-04-12,4.433
2021-04-13,4.410
2021-04-14,4.383
2021-04-15,4.354
2021-04-16,4.322
2021-04-17,4.289
2021-04-18,4.254
2021-04-19,4.218
2021-04-20,4.183
2021-04-21,4.148
2021-04-22,4.114
2021-04-23,4.081
2021-04-24,4.051
2021-04-25,4.022
2021-04-26,3.997
2021-04-27,3.974
2021-04-28,3.955
2021-04-29,3.939
2021-04-30,3.925
2021-05-01,3.915
2021-05-02,3.908
2021-05-03,3.904
2021-05-04,3.902
2021-05-05,3.903
2021-05-06,3.905
2021-05-07,3.908
2021-05-08,3.912
2021-05-09,3.916
2021-05-10,3.921
2021-05-11,3.924
2021-05-12,3.926
2021-05-13,3.926
2021-05-14,3.924
2021-05-15,3.919
2021-05-16,3.912
2021-05-17,3.901
2021-05-18,3.887
2021-05-19,3.869
2021-05-20,3.847
2021-05-21,3.822
2021-05-22,3.793
2021-05-23,3.760
2021-05-24,3.725
2021-05-25,3.686
2021-05-26,3.645
2021-05-27,3.603
2021-05-28,3.558
2021-05-29,3.513
2021-05-30,3.468
2021-05-31,3.422
2021-06-01,3.378
2021-06-02,3.335
2021-06-03,3.295
2021-06-04,3.257
2021-06-05,3.222
2021-06-06,3.191
2021-06-07,3.165
2021-06-08,3.143
2021-06-09,3.125
2021-06-10,3.113
2021-06-11,3.106
2021-06-12,3.105
2021-06-13,3.109
2021-06-14,3.117
2021-06-15,3.131
2021-06-16,3.150
2021-06-17,3.173
2021-06-18,3.200
2021-06-19,3.230
2021-06-20,3.263
2021-06-21,3.299
2021-06-22,3.336
2021-06-23,3.375
2021-06-24,3.414
2021-06-25,3.453
2021-06-26,3.492
2021-06-27,3.529
2021-06-28,3.565
2021-06-29,3.598
2021-06-30,3.630
2021-07-01,3.658
2021-07-02,3.683
2021-07-03,3.705
2021-07-04,3.724
2021-07-05,3.739
2021-07-06,3.751
2021-07-07,3.760
2021-07-08,3.766
2021-07-09,3.770
2021-07-10,3.771
2021-07-11,3.770
2021-07-12,3.768
2021-07-13,3.765
2021-07-14,3.761
2021-07-15,3.757
2021-07-16,3.754
2021-07-17,3.753
2021-07-18,3.752
2021-07-19,3.754
2021-07-20,3.758
2021-07-21,3.765
2021-07-22,3.776
2021-07-23,3.789
2021-07-24,3.806
2021-07-25,3.826
2021-07-26,3.850
2021-07-27,3.877
2021-07-28,3.908
2021-07-29,3.942
2021-07-30,3.978
2021-07-31,4.016
2021-08-01,4.056
2021-08-02,4.098
2021-08-03,4.140
2021-08-04,4.183
2021-08-05,4.225
2021-08-06,4.266
2021-08-07,4.305
2021-08-08,4.343
2021-08-09,4.377
2021-08-10,4.408
2021-08-11,4.435
2021-08-12,4.458
2021-08-13,4.476
2021-08-14,4.489
2021-08-15,4.497
2021-08-16,4.500
2021-08-17,4.497
2021-08-18,4.490
2021-08-19,4.477
2021-08-20,4.459
2021-08-21,4.436
2021-08-22,4.409
2021-08-23,4.379
2021-08-24,4.344
2021-08-25,4.307
2021-08-26,4.268
2021-08-27,4.227
2021-08-28,4.185
2021-08-29,4.143
2021-08-30,4.100
2021-08-31,4.059
2021-09-01,4.018
2021-09-02,3.980
2021-09-03,3.943
2021-09-04,3.910
2021-09-05,3.879
2021-09-06,3.851
2021-09-07,3.827
2021-09-08,3.807
2021-09-09,3.790
2021-09-10,3.776
2021-09-11,3.766
2021-09-12,3.759
2021-09-13,3.754
2021-09-14,3.752
2021-09-15,3.753
2021-09-16,3.754
2021-09-17,3.757
2021-09-18,3.761
2021-09-19,3.764
2021-09-20,3.768
2021-09-21,3.770
2021-09-22,3.771
2021-09-23,3.770
2021-09-24,3.766
2021-09-25,3.761
2021-09-26,3.752
2021-09-27,3.740
2021-09-28,3.725
2021-09-29,3.706
2021-09-30,3.684
2021-10-01,3.659
2021-10-02,3.631
2021-10-03,3.600
2021-10-04,3.567
2021-10-05,3.531
2021-10-06,3.494
2021-10-07,3.455
2021-10-08,3.416
2021-10-09,3.377
2021-10-10,3.338
2021-10-11,3.301
2021-10-12,3.265
2021-10-13,3.232
2021-10-14,3.201
2021-10-15,3.174
2021-10-16,3.151
2021-10-17,3.132
2021-10-18,3.118
2021-10-19,3.109
2021-10-20,3.105
2021-10-21,3.106
2021-10-22,3.113
2021-10-23,3.125
2021-10-24,3.141
2021-10-25,3.163
2021-10-26,3.190
2021-10-27,3.220
2021-10-28,3.255
2021-10-29,3.293
2021-10-30,3.333
2021-10-31,3.376
2021-11-01,3.420
2021-11-02,3.465
2021-11-03,3.511
2021-11-04,3.556
2021-11-05,3.600
2021-11-06,3.643
2021-11-07,3.684
2021-11-08,3.723
2021-11-09,3.758
2021-11-10,3.791
2021-11-11,3.820
2021-11-12,3.846
2021-11-13,3.868
2021-11-14,3.886
2021-11-15,3.900
2021-11-16,3.911
2021-11-17,3.919
2021-11-18,3.924
2021-11-19,3.926
2021-11-20,3.926
2021-11-21,3.924
2021-11-22,3.921
2021-11-23,3.917
2021-11-24,3.912
2021-11-25,3.908
2021-11-26,3.905
2021-11-27,3.903
2021-11-28,3.902
2021-11-29,3.904
2021-11-30,3.908
2021-12-01,3.915
2021-12-02,3.925
2021-12-03,3.938
2021-12-04,3.954
2021-12-05,3.973
2021-12-06,3.996
2021-12-07,4.021
2021-12-08,4.049
2021-12-09,4.079
2021-12-10,4.112
2021-12-11,4.146
2021-12-12,4.181
2021-12-13,4.217
2021-12-14,4.252
2021-12-15,4.287
2021-12-16,4.321
2021-12-17,4.352
2021-12-18,4.382
2021-12-19,4.408
2021-12-20,4.431
2021-12-21,4.451
2021-12-22,4.465
2021-12-23,4.475
2021-12-24,4.481
2021-12-25,4.481
2021-12-26,4.475
2021-12-27,4.465
2021-12-28,4.449
2021-12-29,4.428
2021-12-30,4.403
2021-12-31,4.373
2022-01-01,4.234
2022-01-02,4.217
2022-01-03,4.206
2022-01-04,4.200
2022-01-05,4.201
2022-01-06,4.208
2022-01-07,4.220
2022-01-08,4.239
2022-01-09,4.262
2022-01-10,4.292
2022-01-11,4.326
2022-01-12,4.365
2022-01-13,4.409
2022-01-14,4.456
2022-01-15,4.507
2022-01-16,4.561
2022-01-17,4.617
2022-01-18,4.675
2022-01-19,4.734
2022-01-20,4.794
2022-01-21,4.854
2022-01-22,4.913
2022-01-23,4.971
2022-01-24,5.028
2022-01-25,5.082
2022-01-26,5.134
2022-01-27,5.182
2022-01-28,5.226
2022-01-29,5.266
2022-01-30,5.301
2022-01-31,5.332
2022-02-01,5.357
2022-02-02,5.376
2022-02-03,5.390
2022-02-04,5.398
2022-02-05,5.400
2022-02-06,5.396
2022-02-07,5.386
2022-02-08,5.370
2022-02-09,5.348
2022-02-10,5.321
2022-02-11,5.289
2022-02-12,5.252
2022-02-13,5.210
2022-02-14,5.164
2022-02-15,5.115
2022-02-16,5.062
2022-02-17,5.007
2022-02-18,4.950
2022-02-19,4.891
2022-02-20,4.831
2022-02-21,4.771
2022-02-22,4.712
2022-02-23,4.653
2022-02-24,4.595
2022-02-25,4.540
2022-02-26,4.488
2022-02-27,4.438
2022-02-28,4.392
2022-03-01,4.350
2022-03-02,4.313
2022-03-03,4.280
2022-03-04,4.253
2022-03-05,4.231
2022-03-06,4.215
2022-03-07,4.205
2022-03-08,4.200
2022-03-09,4.202
2022-03-10,4.209
2022-03-11,4.223
2022-03-12,4.242
2022-03-13,4.267
2022-03-14,4.297
2022-03-15,4.332
2022-03-16,4.372
2022-03-17,4.416
2022-03-18,4.464
2022-03-19,4.516
2022-03-20,4.570
2022-03-21,4.626
2022-03-22,4.684
2022-03-23,4.744
2022-03-24,4.804
2022-03-25,4.864
2022-03-26,4.923
2022-03-27,4.981
2022-03-28,5.037
2022-03-29,5.091
2022-03-30,5.142
2022-03-31,5.189
2022-04-01,5.233
2022-04-02,5.272
2022-04-03,5.307
2022-04-04,5.336
2022-04-05,5.361
2022-04-06,5.379
2022-04-07,5.392
2022-04-08,5.399
2022-04-09,5.400
2022-04-10,5.395
2022-04-11,5.383
2022-04-12,5.367
2022-04-13,5.344
2022-04-14,5.316
2022-04-15,5.283
2022-04-16,5.245
2022-04-17,5.203
2022-04-18,5.156
2022-04-19,5.106
2022-04-20,5.053
2022-04-21,4.997
2022-04-22,4.940
2022-04-23,4.881
2022-04-24,4.821
2022-04-25,4.761
2022-04-26,4.702
2022-04-27,4.643
2022-04-28,4.586
2022-04-29,4.531
2022-04-30,4.479
2022-05-01,4.430
2022-05-02,4.385
2022-05-03,4.343
2022-05-04,4.307
2022-05-05,4.275
2022-05-06,4.249
2022-05-07,4.228
2022-05-08,4.213
2022-05-09,4.203
2022-05-10,4.200
2022-05-11,4.203
2022-05-12,4.211
2022-05-13,4.226
2022-05-14,4.246
2022-05-15,4.272
2022-05-16,4.303
2022-05-17,4.339
2022-05-18,4.379
2022-05-19,4.424
2022-05-20,4.473
2022-05-21,4.525
2022-05-22,4.579
2022-05-23,4.636
2022-05-24,4.694
2022-05-25,4.754
2022-05-26,4.814
2022-05-27,4.874
2022-05-28,4.933
2022-05-29,4.990
2022-05-30,5.046
2022-05-31,5.100
2022-06-01,5.150
2022-06-02,5.197
2022-06-03,5.240
2022-06-04,5.278
2022-06-05,5.312
2022-06-06,5.341
2022-06-07,5.364
2022-06-08,5.382
2022-06-09,5.393
2022-06-10,5.399
2022-06-11,5.399
2022-06-12,5.393
2022-06-13,5.381
2022-06-14,5.363
2022-06-15,5.340
2022-06-16,5.311
2022-06-17,5.277
2022-06-18,5.238
2022-06-19,5.195
2022-06-20,5.148
2022-06-21,5.097
2022-06-22,5.044
2022-06-23,4.988
2022-06-24,4.930
2022-06-25,4.871
2022-06-26,4.811
2022-06-27,4.751
2022-06-28,4.692
2022-06-29,4.633
2022-06-30,4.577
2022-07-01,4.522
2022-07-02,4.470
2022-07-03,4.422
2022-07-04,4.377
2022-07-05,4.337
2022-07-06,4.301
2022-07-07,4.270
2022-07-08,4.245
2022-07-09,4.225
2022-07-10,4.211
2022-07-11,4.202
2022-07-12,4.200
2022-07-13,4.204
2022-07-14,4.213
2022-07-15,4.229
2022-07-16,4.250
2022-07-17,4.277
2022-07-18,4.308
2022-07-19,4.345
2022-07-20,4.387
2022-07-21,4.432
2022-07-22,4.481
2022-07-23,4.534
2022-07-24,4.589
2022-07-25,4.646
2022-07-26,4.704
2022-07-27,4.764
2022-07-28,4.824
2022-07-29,4.884
2022-07-30,4.943
2022-07-31,5.000
2022-08-01,5.055
2022-08-02,5.108
2022-08-03,5.158
2022-08-04,5.205
2022-08-05,5.247
2022-08-06,5.284
2022-08-07,5.317
2022-08-08,5.345
2022-08-09,5.367
2022-08-10,5.384
2022-08-11,5.395
2022-08-12,5.400
2022-08-13,5.399
2022-08-14,5.391
2022-08-15,5.378
2022-08-16,5.360
2022-08-17,5.335
2022-08-18,5.305
2022-08-19,5.271
2022-08-20,5.231
2022-08-21,5.187
2022-08-22,5.140
2022-08-23,5.089
2022-08-24,5.035
2022-08-25,4.978
2022-08-26,4.920
2022-08-27,4.861
2022-08-28,4.801
2022-08-29,4.741
2022-08-30,4.682
2022-08-31,4.624
2022-09-01,4.567
2022-09-02,4.513
2022-09-03,4.462
2022-09-04,4.414
2022-09-05,4.370
2022-09-06,4.331
2022-09-07,4.296
2022-09-08,4.266
2022-09-09,4.241
2022-09-10,4.222
2022-09-11,4.209
2022-09-12,4.202
2022-09-13,4.200
2022-09-14,4.205
2022-09-15,4.215
2022-09-16,4.232
2022-09-17,4.254
2022-09-18,4.282
2022-09-19,4.314
2022-09-20,4.352
2022-09-21,4.394
2022-09-22,4.440
2022-09-23,4.490
2022-09-24,4.543
2022-09-25,4.598
2022-09-26,4.655
2022-09-27,4.714
2022-09-28,4.774
2022-09-29,4.834
2022-09-30,4.894
2022-10-01,4.952
2022-10-02,5.009
2022-10-03,5.065
2022-10-04,5.117
2022-10-05,5.166
2022-10-06,5.212
2022-10-07,5.253
2022-10-08,5.290
2022-10-09,5.322
2022-10-10,5.349
2022-10-11,5.371
2022-10-12,5.386
2022-10-13,5.396
2022-10-14,5.400
2022-10-15,5.398
2022-10-16,5.390
2022-10-17,5.376
2022-10-18,5.356
2022-10-19,5.331
2022-10-20,5.300
2022-10-21,5.264
2022-10-22,5.224
2022-10-23,5.180
2022-10-24,5.131
2022-10-25,5.080
2022-10-26,5.025
2022-10-27,4.969
2022-10-28,4.910
2022-10-29,4.851
2022-10-30,4.791
2022-10-31,4.731
2022-11-01,4.672
2022-11-02,4.614
2022-11-03,4.558
2022-11-04,4.504
2022-11-05,4.454
2022-11-06,4.407
2022-11-07,4.363
2022-11-08,4.324
2022-11-09,4.290
2022-11-10,4.261
2022-11-11,4.238
2022-11-12,4.220
2022-11-13,4.207
2022-11-14,4.201
2022-11-15,4.201
2022-11-16,4.206
2022-11-17,4.218
2022-11-18,4.235
2022-11-19,4.258
2022-11-20,4.287
2022-11-21,4.320
2022-11-22,4.359
2022-11-23,4.401
2022-11-24,4.448
2022-11-25,4.498
2022-11-26,4.552
2022-11-27,4.608
2022-11-28,4.665
2022-11-29,4.724
2022-11-30,4.784
2022-12-01,4.844
2022-12-02,4.904
2022-12-03,4.962
2022-12-04,5.019
2022-12-05,5.074
2022-12-06,5.126
2022-12-07,5.174
2022-12-08,5.219
2022-12-09,5.260
2022-12-10,5.296
2022-12-11,5.327
2022-12-12,5.353
2022-12-13,5.374
2022-12-14,5.388
2022-12-15,5.397
2022-12-16,5.400
2022-12-17,5.397
2022-12-18,5.388
2022-12-19,5.373
2022-12-20,5.352
2022-12-21,5.326
2022-12-22,5.294
2022-12-23,5.258
2022-12-24,5.217
2022-12-25,5.172
2022-12-26,5.123
2022-12-27,5.071
2022-12-28,5.016
2022-12-29,4.959
2022-12-30,4.900
2022-12-31,4.841
2023-01-01,4.116
2023-01-02,4.106
2023-01-03,4.098
2023-01-04,4.093
2023-01-05,4.091
2023-01-06,4.092
2023-01-07,4.096
2023-01-08,4.101
2023-01-09,4.110
2023-01-10,4.120
2023-01-11,4.131
2023-01-12,4.144
2023-01-13,4.157
2023-01-14,4.170
2023-01-15,4.182
2023-01-16,4.194
2023-01-17,4.204
2023-01-18,4.212
2023-01-19,4.217
2023-01-20,4.219
2023-01-21,4.218
2023-01-22,4.213
2023-01-23,4.204
2023-01-24,4.190
2023-01-25,4.172
2023-01-26,4.150
2023-01-27,4.123
2023-01-28,4.092
2023-01-29,4.057
2023-01-30,4.018
2023-01-31,3.975
2023-02-01,3.929
2023-02-02,3.881
2023-02-03,3.831
2023-02-04,3.779
2023-02-05,3.726
2023-02-06,3.673
2023-02-07,3.621
2023-02-08,3.569
2023-02-09,3.519
2023-02-10,3.472
2023-02-11,3.427
2023-02-12,3.386
2023-02-13,3.349
2023-02-14,3.315
2023-02-15,3.286
2023-02-16,3.262
2023-02-17,3.243
2023-02-18,3.229
2023-02-19,3.220
2023-02-20,3.215
2023-02-21,3.215
2023-02-22,3.220
2023-02-23,3.229
2023-02-24,3.241
2023-02-25,3.257
2023-02-26,3.275
2023-02-27,3.296
2023-02-28,3.318
2023-03-01,3.342
2023-03-02,3.366
2023-03-03,3.390
2023-03-04,3.413
2023-03-05,3.435
2023-03-06,3.456
2023-03-07,3.475
2023-03-08,3.492
2023-03-09,3.506
2023-03-10,3.517
2023-03-11,3.526
2023-03-12,3.532
2023-03-13,3.535
2023-03-14,3.535
2023-03-15,3.532
2023-03-16,3.527
2023-03-17,3.521
2023-03-18,3.513
2023-03-19,3.503
2023-03-20,3.493
2023-03-21,3.483
2023-03-22,3.473
2023-03-23,3.464
2023-03-24,3.457
2023-03-25,3.452
2023-03-26,3.449
2023-03-27,3.449
2023-03-28,3.452
2023-03-29,3.459
2023-03-30,3.470
2023-03-31,3.485
2023-04-01,3.504
2023-04-02,3.527
2023-04-03,3.555
2023-04-04,3.587
2023-04-05,3.622
2023-04-06,3.662
2023-04-07,3.705
2023-04-08,3.750
2023-04-09,3.798
2023-04-10,3.848
2023-04-11,3.899
2023-04-12,3.951
2023-04-13,4.003
2023-04-14,4.054
2023-04-15,4.104
2023-04-16,4.152
2023-04-17,4.197
2023-04-18,4.240
2023-04-19,4.279
2023-04-20,4.314
2023-04-21,4.344
2023-04-22,4.370
2023-04-23,4.392
2023-04-24,4.408
2023-04-25,4.419
2023-04-26,4.425
2023-04-27,4.426
2023-04-28,4.422
2023-04-29,4.414
2023-04-30,4.401
2023-05-01,4.385
2023-05-02,4.365
2023-05-03,4.343
2023-05-04,4.319
2023-05-05,4.292
2023-05-06,4.265
2023-05-07,4.237
2023-05-08,4.209
2023-05-09,4.182
2023-05-10,4.156
2023-05-11,4.131
2023-05-12,4.108
2023-05-13,4.088
2023-05-14,4.070
2023-05-15,4.055
2023-05-16,4.043
2023-05-17,4.034
2023-05-18,4.028
2023-05-19,4.024
2023-05-20,4.023
2023-05-21,4.025
2023-05-22,4.029
2023-05-23,4.034
2023-05-24,4.041
2023-05-25,4.048
2023-05-26,4.056
2023-05-27,4.063
2023-05-28,4.070
2023-05-29,4.075
2023-05-30,4.078
2023-05-31,4.080
2023-06-01,4.078
2023-06-02,4.073
2023-06-03,4.065
2023-06-04,4.053
2023-06-05,4.038
2023-06-06,4.018
2023-06-07,3.994
2023-06-08,3.966
2023-06-09,3.934
2023-06-10,3.898
2023-06-11,3.859
2023-06-12,3.817
2023-06-13,3.772
2023-06-14,3.725
2023-06-15,3.677
2023-06-16,3.627
2023-06-17,3.577
2023-06-18,3.527
2023-06-19,3.477
2023-06-20,3.430
2023-06-21,3.384
2023-06-22,3.341
2023-06-23,3.301
2023-06-24,3.265
2023-06-25,3.233
2023-06-26,3.205
2023-06-27,3.182
2023-06-28,3.164
2023-06-29,3.152
2023-06-30,3.144
2023-07-01,3.142
2023-07-02,3.145
2023-07-03,3.152
2023-07-04,3.164
2023-07-05,3.181
2023-07-06,3.201
2023-07-07,3.224
2023-07-08,3.251
2023-07-09,3.279
2023-07-10,3.309
2023-07-11,3.341
2023-07-12,3.372
2023-07-13,3.404
2023-07-14,3.435
2023-07-15,3.465
2023-07-16,3.494
2023-07-17,3.520
2023-07-18,3.544
2023-07-19,3.565
2023-07-20,3.584
2023-07-21,3.599
2023-07-22,3.612
2023-07-23,3.621
2023-07-24,3.627
2023-07-25,3.631
2023-07-26,3.632
2023-07-27,3.631
2023-07-28,3.628
2023-07-29,3.624
2023-07-30,3.618
2023-07-31,3.613
2023-08-01,3.607
2023-08-02,3.602
2023-08-03,3.599
2023-08-04,3.596
2023-08-05,3.596
2023-08-06,3.599
2023-08-07,3.604
2023-08-08,3.613
2023-08-09,3.625
2023-08-10,3.641
2023-08-11,3.661
2023-08-12,3.685
2023-08-13,3.713
2023-08-14,3.744
2023-08-15,3.779
2023-08-16,3.817
2023-08-17,3.858
2023-08-18,3.902
2023-08-19,3.947
2023-08-20,3.994
2023-08-21,4.042
2023-08-22,4.090
2023-08-23,4.138
2023-08-24,4.184
2023-08-25,4.229
2023-08-26,4.272
2023-08-27,4.312
2023-08-28,4.349
2023-08-29,4.382
2023-08-30,4.411
2023-08-31,4.435
2023-09-01,4.454
2023-09-02,4.469
2023-09-03,4.477
2023-09-04,4.481
2023-09-05,4.480
2023-09-06,4.473
2023-09-07,4.461
2023-09-08,4.445
2023-09-09,4.425
2023-09-10,4.401
2023-09-11,4.373
2023-09-12,4.343
2023-09-13,4.311
2023-09-14,4.277
2023-09-15,4.241
2023-09-16,4.206
2023-09-17,4.170
2023-09-18,4.136
2023-09-19,4.102
2023-09-20,4.070
2023-09-21,4.040
2023-09-22,4.013
2023-09-23,3.989
2023-09-24,3.967
2023-09-25,3.949
2023-09-26,3.934
2023-09-27,3.922
2023-09-28,3.913
2023-09-29,3.907
2023-09-30,3.903
2023-10-01,3.902
2023-10-02,3.903
2023-10-03,3.906
2023-10-04,3.909
2023-10-05,3.914
2023-10-06,3.918
2023-10-07,3.922
2023-10-08,3.925
2023-10-09,3.926
2023-10-10,3.926
2023-10-11,3.923
2023-10-12,3.917
2023-10-13,3.908
2023-10-14,3.896
2023-10-15,3.881
2023-10-16,3.861
2023-10-17,3.838
2023-10-18,3.812
2023-10-19,3.781
2023-10-20,3.748
2023-10-21,3.711
2023-10-22,3.672
2023-10-23,3.630
2023-10-24,3.587
2023-10-25,3.542
2023-10-26,3.497
2023-10-27,3.452
2023-10-28,3.407
2023-10-29,3.363
2023-10-30,3.321
2023-10-31,3.281
2023-11-01,3.244
2023-11-02,3.211
2023-11-03,3.181
2023-11-04,3.156
2023-11-05,3.136
2023-11-06,3.120
2023-11-07,3.110
2023-11-08,3.105
2023-11-09,3.106
2023-11-10,3.111
2023-11-11,3.122
2023-11-12,3.137
2023-11-13,3.158
2023-11-14,3.182
2023-11-15,3.210
2023-11-16,3.241
2023-11-17,3.276
2023-11-18,3.312
2023-11-19,3.350
2023-11-20,3.389
2023-11-21,3.428
2023-11-22,3.467
2023-11-23,3.505
2023-11-24,3.542
2023-11-25,3.577
2023-11-26,3.610
2023-11-27,3.640
2023-11-28,3.667
2023-11-29,3.691
2023-11-30,3.712
2023-12-01,3.730
2023-12-02,3.744
2023-12-03,3.755
2023-12-04,3.763
2023-12-05,3.768
2023-12-06,3.770
2023-12-07,3.771
2023-12-08,3.769
2023-12-09,3.767
2023-12-10,3.763
2023-12-11,3.760
2023-12-12,3.756
2023-12-13,3.754
2023-12-14,3.752
2023-12-15,3.753
2023-12-16,3.755
2023-12-17,3.761
2023-12-18,3.769
2023-12-19,3.780
2023-12-20,3.795
2023-12-21,3.813
2023-12-22,3.834
2023-12-23,3.859
2023-12-24,3.888
2023-12-25,3.920
2023-12-26,3.954
2023-12-27,3.991
2023-12-28,4.030
2023-12-29,4.071
2023-12-30,4.113
2023-12-31,4.155
2024-01-01,4.198
2024-01-02,4.240
2024-01-03,4.280
2024-01-04,4.319
2024-01-05,4.355
2024-01-06,4.388
2024-01-07,4.418
2024-01-08,4.443
2024-01-09,4.465
2024-01-10,4.481
2024-01-11,4.493
2024-01-12,4.499
2024-01-13,4.500
2024-01-14,4.495
2024-01-15,4.486
2024-01-16,4.471
2024-01-17,4.451
2024-01-18,4.427
2024-01-19,4.399
2024-01-20,4.367
2024-01-21,4.332
2024-01-22,4.294
2024-01-23,4.254
2024-01-24,4.212
2024-01-25,4.170
2024-01-26,4.128
2024-01-27,4.085
2024-01-28,4.044
2024-01-29,4.004
2024-01-30,3.967
2024-01-31,3.931
2024-02-01,3.898
2024-02-02,3.869
2024-02-03,3.843
2024-02-04,3.820
2024-02-05,3.800
2024-02-06,3.785
2024-02-07,3.772
2024-02-08,3.763
2024-02-09,3.757
2024-02-10,3.753
2024-02-11,3.752
2024-02-12,3.753
2024-02-13,3.755
2024-02-14,3.758
2024-02-15,3.762
2024-02-16,3.766
2024-02-17,3.768
2024-02-18,3.770
2024-02-19,3.771
2024-02-20,3.769
2024-02-21,3.765
2024-02-22,3.758
2024-02-23,3.748
2024-02-24,3.735
2024-02-25,3.719
2024-02-26,3.699
2024-02-27,3.676
2024-02-28,3.650
2024-02-29,3.620
2024-03-01,3.589
2024-03-02,3.554
2024-03-03,3.518
2024-03-04,3.480
2024-03-05,3.441
2024-03-06,3.402
2024-03-07,3.363
2024-03-08,3.325
2024-03-09,3.288
2024-03-10,3.253
2024-03-11,3.221
2024-03-12,3.191
2024-03-13,3.166
2024-03-14,3.144
2024-03-15,3.127
2024-03-16,3.114
2024-03-17,3.107
2024-03-18,3.105
2024-03-19,3.108
2024-03-20,3.116
2024-03-21,3.130
2024-03-22,3.149
2024-03-23,3.172
2024-03-24,3.200
2024-03-25,3.232
2024-03-26,3.268
2024-03-27,3.307
2024-03-28,3.348
2024-03-29,3.391
2024-03-30,3.436
2024-03-31,3.481
2024-04-01,3.527
2024-04-02,3.572
2024-04-03,3.616
2024-04-04,3.658
2024-04-05,3.698
2024-04-06,3.736
2024-04-07,3.770
2024-04-08,3.802
2024-04-09,3.830
2024-04-10,3.854
2024-04-11,3.874
2024-04-12,3.891
2024-04-13,3.905
2024-04-14,3.914
2024-04-15,3.921
2024-04-16,3.925
2024-04-17,3.926
2024-04-18,3.925
2024-04-19,3.923
2024-04-20,3.919
2024-04-21,3.915
2024-04-22,3.911
2024-04-23,3.907
2024-04-24,3.904
2024-04-25,3.902
2024-04-26,3.903
2024-04-27,3.905
2024-04-28,3.910
2024-04-29,3.918
2024-04-30,3.929
2024-05-01,3.943
2024-05-02,3.960
2024-05-03,3.981
2024-05-04,4.004
2024-05-05,4.031
2024-05-06,4.060
2024-05-07,4.091
2024-05-08,4.124
2024-05-09,4.158
2024-05-10,4.194
2024-05-11,4.229
2024-05-12,4.265
2024-05-13,4.299
2024-05-14,4.332
2024-05-15,4.363
2024-05-16,4.392
2024-05-17,4.417
2024-05-18,4.439
2024-05-19,4.456
2024-05-20,4.469
2024-05-21,4.478
2024-05-22,4.481
2024-05-23,4.479
2024-05-24,4.472
2024-05-25,4.460
2024-05-26,4.442
2024-05-27,4.420
2024-05-28,4.393
2024-05-29,4.361
2024-05-30,4.326
2024-05-31,4.287
2024-06-01,4.245
2024-06-02,4.200
2024-06-03,4.154
2024-06-04,4.106
2024-06-05,4.058
2024-06-06,4.010
2024-06-07,3.963
2024-06-08,3.917
2024-06-09,3.873
2024-06-10,3.831
2024-06-11,3.792
2024-06-12,3.756
2024-06-13,3.723
2024-06-14,3.694
2024-06-15,3.669
2024-06-16,3.648
2024-06-17,3.630
2024-06-18,3.617
2024-06-19,3.607
2024-06-20,3.600
2024-06-21,3.597
2024-06-22,3.596
2024-06-23,3.598
2024-06-24,3.601
2024-06-25,3.605
2024-06-26,3.611
2024-06-27,3.617
2024-06-28,3.622
2024-06-29,3.627
2024-06-30,3.630
2024-07-01,3.632
2024-07-02,3.631
2024-07-03,3.629
2024-07-04,3.623
2024-07-05,3.615
2024-07-06,3.604
2024-07-07,3.589
2024-07-08,3.572
2024-07-09,3.552
2024-07-10,3.529
2024-07-11,3.503
2024-07-12,3.475
2024-07-13,3.446
2024-07-14,3.415
2024-07-15,3.383
2024-07-16,3.351
2024-07-17,3.320
2024-07-18,3.289
2024-07-19,3.260
2024-07-20,3.233
2024-07-21,3.209
2024-07-22,3.187
2024-07-23,3.170
2024-07-24,3.156
2024-07-25,3.147
2024-07-26,3.142
2024-07-27,3.143
2024-07-28,3.149
2024-07-29,3.160
2024-07-30,3.176
2024-07-31,3.197
2024-08-01,3.223
2024-08-02,3.253
2024-08-03,3.288
2024-08-04,3.327
2024-08-05,3.369
2024-08-06,3.414
2024-08-07,3.461
2024-08-08,3.510
2024-08-09,3.559
2024-08-10,3.610
2024-08-11,3.659
2024-08-12,3.709
2024-08-13,3.756
2024-08-14,3.802
2024-08-15,3.845
2024-08-16,3.885
2024-08-17,3.922
2024-08-18,3.955
2024-08-19,3.985
2024-08-20,4.010
2024-08-21,4.031
2024-08-22,4.048
2024-08-23,4.062
2024-08-24,4.071
2024-08-25,4.077
2024-08-26,4.079
2024-08-27,4.079
2024-08-28,4.076
2024-08-29,4.072
2024-08-30,4.065
2024-08-31,4.058
2024-09-01,4.051
2024-09-02,4.043
2024-09-03,4.036
2024-09-04,4.030
2024-09-05,4.026
2024-09-06,4.024
2024-09-07,4.024
2024-09-08,4.026
2024-09-09,4.031
2024-09-10,4.039
2024-09-11,4.051
2024-09-12,4.065
2024-09-13,4.082
2024-09-14,4.101
2024-09-15,4.123
2024-09-16,4.147
2024-09-17,4.173
2024-09-18,4.200
2024-09-19,4.228
2024-09-20,4.256
2024-09-21,4.283
2024-09-22,4.310
2024-09-23,4.335
2024-09-24,4.358
2024-09-25,4.379
2024-09-26,4.396
2024-09-27,4.410
2024-09-28,4.419
2024-09-29,4.425
2024-09-30,4.425
2024-10-01,4.421
2024-10-02,4.412
2024-10-03,4.398
2024-10-04,4.378
2024-10-05,4.354
2024-10-06,4.325
2024-10-07,4.291
2024-10-08,4.254
2024-10-09,4.212
2024-10-10,4.168
2024-10-11,4.120
2024-10-12,4.071
2024-10-13,4.020
2024-10-14,3.969
2024-10-15,3.917
2024-10-16,3.865
2024-10-17,3.815
2024-10-18,3.766
2024-10-19,3.720
2024-10-20,3.676
2024-10-21,3.636
2024-10-22,3.599
2024-10-23,3.565
2024-10-24,3.536
2024-10-25,3.511
2024-10-26,3.491
2024-10-27,3.474
2024-10-28,3.462
2024-10-29,3.454
2024-10-30,3.449
2024-10-31,3.448
2024-11-01,3.450
2024-11-02,3.455
2024-11-03,3.462
2024-11-04,3.470
2024-11-05,3.480
2024-11-06,3.490
2024-11-07,3.500
2024-11-08,3.509
2024-11-09,3.518
2024-11-10,3.525
2024-11-11,3.531
2024-11-12,3.534
2024-11-13,3.535
2024-11-14,3.533
2024-11-15,3.528
2024-11-16,3.521
2024-11-17,3.510
2024-11-18,3.497
2024-11-19,3.481
2024-11-20,3.463
2024-11-21,3.443
2024-11-22,3.421
2024-11-23,3.398
2024-11-24,3.374
2024-11-25,3.350
2024-11-26,3.326
2024-11-27,3.304
2024-11-28,3.282
2024-11-29,3.263
2024-11-30,3.246
2024-12-01,3.233
2024-12-02,3.223
2024-12-03,3.217
2024-12-04,3.215
2024-12-05,3.218
2024-12-06,3.225
2024-12-07,3.238
2024-12-08,3.255
2024-12-09,3.278
2024-12-10,3.305
2024-12-11,3.337
2024-12-12,3.373
2024-12-13,3.413
2024-12-14,3.456
2024-12-15,3.503
2024-12-16,3.552
2024-12-17,3.603
2024-12-18,3.655
2024-12-19,3.708
2024-12-20,3.761
2024-12-21,3.813
2024-12-22,3.864
2024-12-23,3.913
2024-12-24,3.960
2024-12-25,4.003
2024-12-26,4.044
2024-12-27,4.080
2024-12-28,4.113
2024-12-29,4.141
2024-12-30,4.165
2024-12-31,4.185
2025-01-01,4.200
2025-01-02,4.210
2025-01-03,4.217
2025-01-04,4.219
2025-01-05,4.218
2025-01-06,4.214
2025-01-07,4.207
2025-01-08,4.198
2025-01-09,4.187
2025-01-10,4.174
2025-01-11,4.161
2025-01-12,4.148
2025-01-13,4.135
2025-01-14,4.123
2025-01-15,4.113
2025-01-16,4.104
2025-01-17,4.097
2025-01-18,4.093
2025-01-19,4.091
2025-01-20,4.092
2025-01-21,4.096
2025-01-22,4.103
2025-01-23,4.112
2025-01-24,4.124
2025-01-25,4.138
2025-01-26,4.155
2025-01-27,4.173
2025-01-28,4.192
2025-01-29,4.212
2025-01-30,4.232
2025-01-31,4.252
2025-02-01,4.271
2025-02-02,4.289
2025-02-03,4.304
2025-02-04,4.317
2025-02-05,4.327
2025-02-06,4.334
2025-02-07,4.337
2025-02-08,4.335
2025-02-09,4.330
2025-02-10,4.319
2025-02-11,4.304
2025-02-12,4.283
2025-02-13,4.259
2025-02-14,4.229
2025-02-15,4.195
2025-02-16,4.157
2025-02-17,4.115
2025-02-18,4.070
2025-02-19,4.022
2025-02-20,3.971
2025-02-21,3.919
2025-02-22,3.866
2025-02-23,3.813
2025-02-24,3.760
2025-02-25,3.707
2025-02-26,3.656
2025-02-27,3.608
2025-02-28,3.561
2025-03-01,3.518
2025-03-02,3.479
2025-03-03,3.443
2025-03-04,3.412
2025-03-05,3.385
2025-03-06,3.363
2025-03-07,3.345
2025-03-08,3.332
2025-03-09,3.323
2025-03-10,3.319
2025-03-11,3.319
2025-03-12,3.323
2025-03-13,3.330
2025-03-14,3.340
2025-03-15,3.352
2025-03-16,3.366
2025-03-17,3.382
2025-03-18,3.398
2025-03-19,3.414
2025-03-20,3.431
2025-03-21,3.446
2025-03-22,3.460
2025-03-23,3.473
2025-03-24,3.483
2025-03-25,3.491
2025-03-26,3.497
2025-03-27,3.500
2025-03-28,3.500
2025-03-29,3.497
2025-03-30,3.491
2025-03-31,3.483
2025-04-01,3.473
2025-04-02,3.460
2025-04-03,3.446
2025-04-04,3.430
2025-04-05,3.414
2025-04-06,3.398
2025-04-07,3.381
2025-04-08,3.366
2025-04-09,3.352
2025-04-10,3.340
2025-04-11,3.330
2025-04-12,3.323
2025-04-13,3.319
2025-04-14,3.319
2025-04-15,3.323
2025-04-16,3.332
2025-04-17,3.345
2025-04-18,3.363
2025-04-19,3.385
2025-04-20,3.412
2025-04-21,3.443
2025-04-22,3.479
2025-04-23,3.519
2025-04-24,3.562
2025-04-25,3.608
2025-04-26,3.657
2025-04-27,3.708
2025-04-28,3.760
2025-04-29,3.813
2025-04-30,3.867
2025-05-01,3.920
2025-05-02,3.972
2025-05-03,4.022
2025-05-04,4.070
2025-05-05,4.115
2025-05-06,4.157
2025-05-07,4.195
2025-05-08,4.229
2025-05-09,4.259
2025-05-10,4.284
2025-05-11,4.304
2025-05-12,4.319
2025-05-13,4.330
2025-05-14,4.335
2025-05-15,4.337
2025-05-16,4.334
2025-05-17,4.327
2025-05-18,4.317
2025-05-19,4.304
2025-05-20,4.288
2025-05-21,4.271
2025-05-22,4.252
2025-05-23,4.232
2025-05-24,4.212
2025-05-25,4.192
2025-05-26,4.173
2025-05-27,4.155
2025-05-28,4.138
2025-05-29,4.124
2025-05-30,4.112
2025-05-31,4.103
2025-06-01,4.096
2025-06-02,4.092
2025-06-03,4.091
2025-06-04,4.093
2025-06-05,4.097
2025-06-06,4.104
2025-06-07,4.113
2025-06-08,4.124
2025-06-09,4.135
2025-06-10,4.148
2025-06-11,4.161
2025-06-12,4.174
2025-06-13,4.187
2025-06-14,4.198
2025-06-15,4.207
2025-06-16,4.214
2025-06-17,4.218
2025-06-18,4.219
2025-06-19,4.217
2025-06-20,4.210
2025-06-21,4.199
2025-06-22,4.184
2025-06-23,4.165
2025-06-24,4.141
2025-06-25,4.113
2025-06-26,4.080
2025-06-27,4.043
2025-06-28,4.003
2025-06-29,3.959
2025-06-30,3.912
2025-07-01,3.863
2025-07-02,3.812
2025-07-03,3.760
2025-07-04,3.707
2025-07-05,3.655
2025-07-06,3.602
2025-07-07,3.551
2025-07-08,3.502
2025-07-09,3.456
2025-07-10,3.412
2025-07-11,3.372
2025-07-12,3.336
2025-07-13,3.304
2025-07-14,3.277
2025-07-15,3.255
2025-07-16,3.237
2025-07-17,3.225
2025-07-18,3.217
2025-07-19,3.215
2025-07-20,3.217
2025-07-21,3.223
2025-07-22,3.233
2025-07-23,3.246
2025-07-24,3.263
2025-07-25,3.282
2025-07-26,3.304
2025-07-27,3.327
2025-07-28,3.350
2025-07-29,3.374
2025-07-30,3.398
2025-07-31,3.421
2025-08-01,3.443
2025-08-02,3.463
2025-08-03,3.481
2025-08-04,3.497
2025-08-05,3.510
2025-08-06,3.521
2025-08-07,3.528
2025-08-08,3.533
2025-08-09,3.535
2025-08-10,3.534
2025-08-11,3.531
2025-08-12,3.525
2025-08-13,3.518
2025-08-14,3.509
2025-08-15,3.500
2025-08-16,3.490
2025-08-17,3.480
2025-08-18,3.470
2025-08-19,3.462
2025-08-20,3.455
2025-08-21,3.450
2025-08-22,3.448
2025-08-23,3.449
2025-08-24,3.454
2025-08-25,3.462
2025-08-26,3.474
2025-08-27,3.491
2025-08-28,3.511
2025-08-29,3.536
2025-08-30,3.566
2025-08-31,3.599
2025-09-01,3.636
2025-09-02,3.677
2025-09-03,3.720
2025-09-04,3.767
2025-09-05,3.816
2025-09-06,3.866
2025-09-07,3.917
2025-09-08,3.969
2025-09-09,4.021
2025-09-10,4.072
2025-09-11,4.121
2025-09-12,4.168
2025-09-13,4.213
2025-09-14,4.254
2025-09-15,4.292
2025-09-16,4.325
2025-09-17,4.354
2025-09-18,4.378
2025-09-19,4.398
2025-09-20,4.412
2025-09-21,4.421
2025-09-22,4.426
2025-09-23,4.425
2025-09-24,4.419
2025-09-25,4.410
2025-09-26,4.396
2025-09-27,4.378
2025-09-28,4.358
2025-09-29,4.335
2025-09-30,4.310
2025-10-01,4.283
2025-10-02,4.255
2025-10-03,4.227
2025-10-04,4.200
2025-10-05,4.173
2025-10-06,4.147
2025-10-07,4.123
2025-10-08,4.101
2025-10-09,4.081
2025-10-10,4.065
2025-10-11,4.050
2025-10-12,4.039
2025-10-13,4.031
2025-10-14,4.026
2025-10-15,4.024
2025-10-16,4.024
2025-10-17,4.026
2025-10-18,4.030
2025-10-19,4.036
2025-10-20,4.043
2025-10-21,4.051
2025-10-22,4.058
2025-10-23,4.065
2025-10-24,4.072
2025-10-25,4.076
2025-10-26,4.079
2025-10-27,4.079
2025-10-28,4.077
2025-10-29,4.071
2025-10-30,4.062
2025-10-31,4.048
2025-11-01,4.031
2025-11-02,4.010
2025-11-03,3.984
2025-11-04,3.955
2025-11-05,3.922
2025-11-06,3.885
2025-11-07,3.845
2025-11-08,3.801
2025-11-09,3.756
2025-11-10,3.708
2025-11-11,3.659
2025-11-12,3.609
2025-11-13,3.559
2025-11-14,3.509
2025-11-15,3.460
2025-11-16,3.413
2025-11-17,3.368
2025-11-18,3.326
2025-11-19,3.288
2025-11-20,3.253
2025-11-21,3.222
2025-11-22,3.196
2025-11-23,3.175
2025-11-24,3.159
2025-11-25,3.149
2025-11-26,3.143
2025-11-27,3.142
2025-11-28,3.147
2025-11-29,3.156
2025-11-30,3.170
2025-12-01,3.188
2025-12-02,3.209
2025-12-03,3.233
2025-12-04,3.260
2025-12-05,3.290
2025-12-06,3.320
2025-12-07,3.352
2025-12-08,3.384
2025-12-09,3.415
2025-12-10,3.446
2025-12-11,3.475
2025-12-12,3.503
2025-12-13,3.529
2025-12-14,3.552
2025-12-15,3.572
2025-12-16,3.590
2025-12-17,3.604
2025-12-18,3.615
2025-12-19,3.623
2025-12-20,3.629
2025-12-21,3.632
2025-12-22,3.632
2025-12-23,3.630
2025-12-24,3.627
2025-12-25,3.622
2025-12-26,3.616
2025-12-27,3.611
2025-12-28,3.605
2025-12-29,3.601
2025-12-30,3.598
2025-12-31,3.596
2026-01-01,3.597
2026-01-02,3.600
2026-01-03,3.607
2026-01-04,3.617
2026-01-05,3.630
2026-01-06,3.648
2026-01-07,3.669
2026-01-08,3.694
2026-01-09,3.723
2026-01-10,3.756
2026-01-11,3.792
2026-01-12,3.831
2026-01-13,3.873
2026-01-14,3.917
2026-01-15,3.963
2026-01-16,4.011
2026-01-17,4.059
2026-01-18,4.107
2026-01-19,4.154
2026-01-20,4.200
2026-01-21,4.245
2026-01-22,4.287
2026-01-23,4.326
2026-01-24,4.361
2026-01-25,4.393
2026-01-26,4.420
2026-01-27,4.443
2026-01-28,4.460
2026-01-29,4.472
2026-01-30,4.479
2026-01-31,4.481
2026-02-01,4.478
2026-02-02,4.469
2026-02-03,4.456
2026-02-04,4.438
2026-02-05,4.417
2026-02-06,4.391
2026-02-07,4.363
2026-02-08,4.332
2026-02-09,4.299
2026-02-10,4.264
2026-02-11,4.229
2026-02-12,4.193
2026-02-13,4.158
2026-02-14,4.123
2026-02-15,4.090
2026-02-16,4.059
2026-02-17,4.030
2026-02-18,4.004
2026-02-19,3.981
2026-02-20,3.960
2026-02-21,3.943
2026-02-22,3.929
2026-02-23,3.918
2026-02-24,3.910
2026-02-25,3.905
2026-02-26,3.903
2026-02-27,3.902
2026-02-28,3.904
2026-03-01,3.907
2026-03-02,3.911
2026-03-03,3.915
2026-03-04,3.919
2026-03-05,3.923
2026-03-06,3.925
2026-03-07,3.926
2026-03-08,3.925
2026-03-09,3.921
2026-03-10,3.914
2026-03-11,3.905
2026-03-12,3.891
2026-03-13,3.874
2026-03-14,3.854
2026-03-15,3.829
2026-03-16,3.801
2026-03-17,3.770
2026-03-18,3.735
2026-03-19,3.698
2026-03-20,3.658
2026-03-21,3.615
2026-03-22,3.571
2026-03-23,3.526
2026-03-24,3.481
2026-03-25,3.435
2026-03-26,3.391
2026-03-27,3.348
2026-03-28,3.306
2026-03-29,3.268
2026-03-30,3.232
2026-03-31,3.200
2026-04-01,3.172
2026-04-02,3.148
2026-04-03,3.130
2026-04-04,3.116
2026-04-05,3.108
2026-04-06,3.105
2026-04-07,3.107
2026-04-08,3.114
2026-04-09,3.127
2026-04-10,3.144
2026-04-11,3.166
2026-04-12,3.191
2026-04-13,3.221
2026-04-14,3.253
2026-04-15,3.288
2026-04-16,3.325
2026-04-17,3.363
2026-04-18,3.402
2026-04-19,3.442
2026-04-20,3.480
2026-04-21,3.518
2026-04-22,3.555
2026-04-23,3.589
2026-04-24,3.621
2026-04-25,3.650
2026-04-26,3.676
2026-04-27,3.699
2026-04-28,3.719
2026-04-29,3.735
2026-04-30,3.748
2026-05-01,3.758
2026-05-02,3.765
2026-05-03,3.769
2026-05-04,3.771
2026-05-05,3.770
2026-05-06,3.768
2026-05-07,3.766
2026-05-08,3.762
2026-05-09,3.758
2026-05-10,3.755
2026-05-11,3.753
2026-05-12,3.752
2026-05-13,3.753
2026-05-14,3.757
2026-05-15,3.763
2026-05-16,3.772
2026-05-17,3.785
2026-05-18,3.801
2026-05-19,3.820
2026-05-20,3.843
2026-05-21,3.869
2026-05-22,3.899
2026-05-23,3.931
2026-05-24,3.967
2026-05-25,4.005
2026-05-26,4.045
2026-05-27,4.086
2026-05-28,4.128
2026-05-29,4.171
2026-05-30,4.213
