observation_date,DGS10
2015-01-01,2.000
2015-01-02,2.003
2015-01-03,2.007
2015-01-04,2.010
2015-01-05,2.014
2015-01-06,2.017
2015-01-07,2.020
2015-01-08,2.024
2015-01-09,2.027
2015-01-10,2.030
2015-01-11,2.034
2015-01-12,2.037
2015-01-13,2.040
2015-01-14,2.043
2015-01-15,2.046
2015-01-16,2.049
2015-01-17,2.052
2015-01-18,2.055
2015-01-19,2.058
2015-01-20,2.061
2015-01-21,2.064
2015-01-22,2.066
2015-01-23,2.069
2015-01-24,2.072
2015-01-25,2.074
2015-01-26,2.076
2015-01-27,2.079
2015-01-28,2.081
2015-01-29,2.083
2015-01-30,2.085
2015-01-31,2.087
2015-02-01,2.089
2015-02-02,2.091
2015-02-03,2.092
2015-02-04,2.094
2015-02-05,2.095
2015-02-06,2.097
2015-02-07,2.098
2015-02-08,2.099
2015-02-09,2.100
2015-02-10,2.101
2015-02-11,2.102
2015-02-12,2.103
2015-02-13,2.103
2015-02-14,2.104
2015-02-15,2.104
2015-02-16,2.104
2015-02-17,2.105
2015-02-18,2.105
2015-02-19,2.105
2015-02-20,2.104
2015-02-21,2.104
2015-02-22,2.104
2015-02-23,2.103
2015-02-24,2.103
2015-02-25,2.102
2015-02-26,2.101
2015-02-27,2.100
2015-02-28,2.099
2015-03-01,2.098
2015-03-02,2.097
2015-03-03,2.095
2015-03-04,2.094
2015-03-05,2.092
2015-03-06,2.091
2015-03-07,2.089
2015-03-08,2.087
2015-03-09,2.085
2015-03-10,2.083
2015-03-11,2.081
2015-03-12,2.079
2015-03-13,2.077
2015-03-14,2.074
2015-03-15,2.072
2015-03-16,2.070
2015-03-17,2.067
2015-03-18,2.064
2015-03-19,2.062
2015-03-20,2.059
2015-03-21,2.056
2015-03-22,2.053
2015-03-23,2.051
2015-03-24,2.048
2015-03-25,2.045
2015-03-26,2.042
2015-03-27,2.038
2015-03-28,2.035
2015-03-29,2.032
2015-03-30,2.029
2015-03-31,2.026
2015-04-01,2.023
2015-04-02,2.020
2015-04-03,2.016
2015-04-04,2.013
2015-04-05,2.010
2015-04-06,2.007
2015-04-07,2.003
2015-04-08,2.000
2015-04-09,1.997
2015-04-10,1.994
2015-04-11,1.991
2015-04-12,1.987
2015-04-13,1.984
2015-04-14,1.981
2015-04-15,1.978
2015-04-16,1.975
2015-04-17,1.972
2015-04-18,1.969
2015-04-19,1.966
2015-04-20,1.963
2015-04-21,1.960
2015-04-22,1.958
2015-04-23,1.955
2015-04-24,1.952
2015-04-25,1.950
2015-04-26,1.947
2015-04-27,1.945
2015-04-28,1.942
2015-04-29,1.940
2015-04-30,1.938
2015-05-01,1.936
2015-05-02,1.934
2015-05-03,1.932
2015-05-04,1.930
2015-05-05,1.928
2015-05-06,1.927
2015-05-07,1.925
2015-05-08,1.923
2015-05-09,1.922
2015-05-10,1.921
2015-05-11,1.920
2015-05-12,1.918
2015-05-13,1.918
2015-05-14,1.917
2015-05-15,1.916
2015-05-16,1.915
2015-05-17,1.915
2015-05-18,1.914
2015-05-19,1.914
2015-05-20,1.914
2015-05-21,1.914
2015-05-22,1.914
2015-05-23,1.914
2015-05-24,1.914
2015-05-25,1.914
2015-05-26,1.915
2015-05-27,1.915
2015-05-28,1.916
2015-05-29,1.917
2015-05-30,1.918
2015-05-31,1.919
2015-06-01,1.920
2015-06-02,1.921
2015-06-03,1.922
2015-06-04,1.924
2015-06-05,1.925
2015-06-06,1.927
2015-06-07,1.928
2015-06-08,1.930
2015-06-09,1.932
2015-06-10,1.934
2015-06-11,1.936
2015-06-12,1.938
2015-06-13,1.941
2015-06-14,1.943
2015-06-15,1.945
2015-06-16,1.948
2015-06-17,1.950
2015-06-18,1.953
2015-06-19,1.956
2015-06-20,1.958
2015-06-21,1.961
2015-06-22,1.964
2015-06-23,1.967
2015-06-24,1.970
2015-06-25,1.973
2015-06-26,1.976
2015-06-27,1.980
2015-06-28,1.983
2015-06-29,1.986
2015-06-30,1.989
2015-07-01,1.993
2015-07-02,1.996
2015-07-03,1.999
2015-07-04,2.003
2015-07-05,2.006
2015-07-06,2.010
2015-07-07,2.013
2015-07-08,2.016
2015-07-09,2.020
2015-07-10,2.023
2015-07-11,2.027
2015-07-12,2.030
2015-07-13,2.033
2015-07-14,2.037
2015-07-15,2.040
2015-07-16,2.044
2015-07-17,2.047
2015-07-18,2.050
2015-07-19,2.053
2015-07-20,2.057
2015-07-21,2.060
2015-07-22,2.063
2015-07-23,2.066
2015-07-24,2.069
2015-07-25,2.072
2015-07-26,2.075
2015-07-27,2.078
2015-07-28,2.080
2015-07-29,2.083
2015-07-30,2.086
2015-07-31,2.088
2015-08-01,2.091
2015-08-02,2.093
2015-08-03,2.096
2015-08-04,2.098
2015-08-05,2.100
2015-08-06,2.102
2015-08-07,2.104
2015-08-08,2.106
2015-08-09,2.108
2015-08-10,2.110
2015-08-11,2.111
2015-08-12,2.113
2015-08-13,2.114
2015-08-14,2.115
2015-08-15,2.117
2015-08-16,2.118
2015-08-17,2.119
2015-08-18,2.120
2015-08-19,2.120
2015-08-20,2.121
2015-08-21,2.122
2015-08-22,2.122
2015-08-23,2.122
2015-08-24,2.123
2015-08-25,2.123
2015-08-26,2.123
2015-08-27,2.123
2015-08-28,2.122
2015-08-29,2.122
2015-08-30,2.122
2015-08-31,2.121
2015-09-01,2.120
2015-09-02,2.120
2015-09-03,2.119
2015-09-04,2.118
2015-09-05,2.117
2015-09-06,2.115
2015-09-07,2.114
2015-09-08,2.113
2015-09-09,2.111
2015-09-10,2.110
2015-09-11,2.108
2015-09-12,2.106
2015-09-13,2.104
2015-09-14,2.102
2015-09-15,2.100
2015-09-16,2.098
2015-09-17,2.096
2015-09-18,2.094
2015-09-19,2.091
2015-09-20,2.089
2015-09-21,2.086
2015-09-22,2.084
2015-09-23,2.081
2015-09-24,2.078
2015-09-25,2.076
2015-09-26,2.073
2015-09-27,2.070
2015-09-28,2.067
2015-09-29,2.064
2015-09-30,2.061
2015-10-01,2.058
2015-10-02,2.055
2015-10-03,2.052
2015-10-04,2.049
2015-10-05,2.046
2015-10-06,2.042
2015-10-07,2.039
2015-10-08,2.036
2015-10-09,2.033
2015-10-10,2.030
2015-10-11,2.026
2015-10-12,2.023
2015-10-13,2.020
2015-10-14,2.017
2015-10-15,2.013
2015-10-16,2.010
2015-10-17,2.007
2015-10-18,2.004
2015-10-19,2.001
2015-10-20,1.998
2015-10-21,1.995
2015-10-22,1.992
2015-10-23,1.989
2015-10-24,1.986
2015-10-25,1.983
2015-10-26,1.980
2015-10-27,1.977
2015-10-28,1.974
2015-10-29,1.972
2015-10-30,1.969
2015-10-31,1.967
2015-11-01,1.964
2015-11-02,1.962
2015-11-03,1.959
2015-11-04,1.957
2015-11-05,1.955
2015-11-06,1.953
2015-11-07,1.951
2015-11-08,1.949
2015-11-09,1.947
2015-11-10,1.945
2015-11-11,1.944
2015-11-12,1.942
2015-11-13,1.941
2015-11-14,1.939
2015-11-15,1.938
2015-11-16,1.937
2015-11-17,1.936
2015-11-18,1.935
2015-11-19,1.934
2015-11-20,1.934
2015-11-21,1.933
2015-11-22,1.933
2015-11-23,1.932
2015-11-24,1.932
2015-11-25,1.932
2015-11-26,1.932
2015-11-27,1.932
2015-11-28,1.932
2015-11-29,1.932
2015-11-30,1.933
2015-12-01,1.933
2015-12-02,1.934
2015-12-03,1.934
2015-12-04,1.935
2015-12-05,1.936
2015-12-06,1.937
2015-12-07,1.938
2015-12-08,1.940
2015-12-09,1.941
2015-12-10,1.942
2015-12-11,1.944
2015-12-12,1.946
2015-12-13,1.947
2015-12-14,1.949
2015-12-15,1.951
2015-12-16,1.953
2015-12-17,1.955
2015-12-18,1.957
2015-12-19,1.960
2015-12-20,1.962
2015-12-21,1.965
2015-12-22,1.967
2015-12-23,1.970
2015-12-24,1.972
2015-12-25,1.975
2015-12-26,1.978
2015-12-27,1.981
2015-12-28,1.984
2015-12-29,1.987
2015-12-30,1.990
2015-12-31,1.993
2016-01-01,1.996
2016-01-02,1.999
2016-01-03,2.003
2016-01-04,2.006
2016-01-05,2.009
2016-01-06,2.012
2016-01-07,2.016
2016-01-08,2.019
2016-01-09,2.023
2016-01-10,2.026
2016-01-11,2.029
2016-01-12,2.033
2016-01-13,2.036
2016-01-14,2.040
2016-01-15,2.043
2016-01-16,2.046
2016-01-17,2.050
2016-01-18,2.053
2016-01-19,2.057
2016-01-20,2.060
2016-01-21,2.063
2016-01-22,2.067
2016-01-23,2.070
2016-01-24,2.073
2016-01-25,2.076
2016-01-26,2.079
2016-01-27,2.083
2016-01-28,2.086
2016-01-29,2.089
2016-01-30,2.092
2016-01-31,2.094
2016-02-01,2.097
2016-02-02,2.100
2016-02-03,2.103
2016-02-04,2.105
2016-02-05,2.108
2016-02-06,2.110
2016-02-07,2.113
2016-02-08,2.115
2016-02-09,2.117
2016-02-10,2.119
2016-02-11,2.121
2016-02-12,2.123
2016-02-13,2.125
2016-02-14,2.127
2016-02-15,2.128
2016-02-16,2.130
2016-02-17,2.131
2016-02-18,2.133
2016-02-19,2.134
2016-02-20,2.135
2016-02-21,2.136
2016-02-22,2.137
2016-02-23,2.138
2016-02-24,2.139
2016-02-25,2.139
2016-02-26,2.140
2016-02-27,2.140
2016-02-28,2.141
2016-02-29,2.141
2016-03-01,2.141
2016-03-02,2.141
2016-03-03,2.141
2016-03-04,2.140
2016-03-05,2.140
2016-03-06,2.139
2016-03-07,2.139
2016-03-08,2.138
2016-03-09,2.137
2016-03-10,2.136
2016-03-11,2.135
2016-03-12,2.134
2016-03-13,2.133
2016-03-14,2.132
2016-03-15,2.130
2016-03-16,2.129
2016-03-17,2.127
2016-03-18,2.125
2016-03-19,2.123
2016-03-20,2.121
2016-03-21,2.119
2016-03-22,2.117
2016-03-23,2.115
2016-03-24,2.113
2016-03-25,2.111
2016-03-26,2.108
2016-03-27,2.106
2016-03-28,2.103
2016-03-29,2.101
2016-03-30,2.098
2016-03-31,2.095
2016-04-01,2.092
2016-04-02,2.090
2016-04-03,2.087
2016-04-04,2.084
2016-04-05,2.081
2016-04-06,2.078
2016-04-07,2.075
2016-04-08,2.072
2016-04-09,2.068
2016-04-10,2.065
2016-04-11,2.062
2016-04-12,2.059
2016-04-13,2.056
2016-04-14,2.052
2016-04-15,2.049
2016-04-16,2.046
2016-04-17,2.043
2016-04-18,2.040
2016-04-19,2.036
2016-04-20,2.033
2016-04-21,2.030
2016-04-22,2.027
2016-04-23,2.024
2016-04-24,2.020
2016-04-25,2.017
2016-04-26,2.014
2016-04-27,2.011
2016-04-28,2.008
2016-04-29,2.005
2016-04-30,2.002
2016-05-01,1.999
2016-05-02,1.997
2016-05-03,1.994
2016-05-04,1.991
2016-05-05,1.988
2016-05-06,1.986
2016-05-07,1.983
2016-05-08,1.981
2016-05-09,1.979
2016-05-10,1.976
2016-05-11,1.974
2016-05-12,1.972
2016-05-13,1.970
2016-05-14,1.968
2016-05-15,1.966
2016-05-16,1.964
2016-05-17,1.963
2016-05-18,1.961
2016-05-19,1.960
2016-05-20,1.958
2016-05-21,1.957
2016-05-22,1.956
2016-05-23,1.955
2016-05-24,1.954
2016-05-25,1.953
2016-05-26,1.952
2016-05-27,1.951
2016-05-28,1.951
2016-05-29,1.950
2016-05-30,1.950
2016-05-31,1.950
2016-06-01,1.950
2016-06-02,1.950
2016-06-03,1.950
2016-06-04,1.950
2016-06-05,1.950
2016-06-06,1.951
2016-06-07,1.951
2016-06-08,1.952
2016-06-09,1.953
2016-06-10,1.954
2016-06-11,1.955
2016-06-12,1.956
2016-06-13,1.957
2016-06-14,1.958
2016-06-15,1.960
2016-06-16,1.961
2016-06-17,1.963
2016-06-18,1.965
2016-06-19,1.966
2016-06-20,1.968
2016-06-21,1.970
2016-06-22,1.972
2016-06-23,1.974
2016-06-24,1.977
2016-06-25,1.979
2016-06-26,1.981
2016-06-27,1.984
2016-06-28,1.987
2016-06-29,1.989
2016-06-30,1.992
2016-07-01,1.995
2016-07-02,1.998
2016-07-03,2.000
2016-07-04,2.003
2016-07-05,2.006
2016-07-06,2.010
2016-07-07,2.013
2016-07-08,2.016
2016-07-09,2.019
2016-07-10,2.022
2016-07-11,2.026
2016-07-12,2.029
2016-07-13,2.032
2016-07-14,2.036
2016-07-15,2.039
2016-07-16,2.042
2016-07-17,2.046
2016-07-18,2.049
2016-07-19,2.053
2016-07-20,2.056
2016-07-21,2.059
2016-07-22,2.063
2016-07-23,2.066
2016-07-24,2.070
2016-07-25,2.073
2016-07-26,2.076
2016-07-27,2.080
2016-07-28,2.083
2016-07-29,2.086
2016-07-30,2.090
2016-07-31,2.093
2016-08-01,2.096
2016-08-02,2.099
2016-08-03,2.102
2016-08-04,2.105
2016-08-05,2.108
2016-08-06,2.111
2016-08-07,2.114
2016-08-08,2.117
2016-08-09,2.119
2016-08-10,2.122
2016-08-11,2.125
2016-08-12,2.127
2016-08-13,2.130
2016-08-14,2.132
2016-08-15,2.134
2016-08-16,2.136
2016-08-17,2.138
2016-08-18,2.140
2016-08-19,2.142
2016-08-20,2.144
2016-08-21,2.146
2016-08-22,2.147
2016-08-23,2.149
2016-08-24,2.150
2016-08-25,2.152
2016-08-26,2.153
2016-08-27,2.154
2016-08-28,2.155
2016-08-29,2.156
2016-08-30,2.157
2016-08-31,2.157
2016-09-01,2.158
2016-09-02,2.158
2016-09-03,2.158
2016-09-04,2.159
2016-09-05,2.159
2016-09-06,2.159
2016-09-07,2.159
2016-09-08,2.158
2016-09-09,2.158
2016-09-10,2.158
2016-09-11,2.157
2016-09-12,2.156
2016-09-13,2.156
2016-09-14,2.155
2016-09-15,2.154
2016-09-16,2.153
2016-09-17,2.152
2016-09-18,2.150
2016-09-19,2.149
2016-09-20,2.147
2016-09-21,2.146
2016-09-22,2.144
2016-09-23,2.142
2016-09-24,2.140
2016-09-25,2.139
2016-09-26,2.136
2016-09-27,2.134
2016-09-28,2.132
2016-09-29,2.130
2016-09-30,2.128
2016-10-01,2.125
2016-10-02,2.123
2016-10-03,2.120
2016-10-04,2.117
2016-10-05,2.115
2016-10-06,2.112
2016-10-07,2.109
2016-10-08,2.106
2016-10-09,2.103
2016-10-10,2.100
2016-10-11,2.097
2016-10-12,2.094
2016-10-13,2.091
2016-10-14,2.088
2016-10-15,2.085
2016-10-16,2.082
2016-10-17,2.079
2016-10-18,2.075
2016-10-19,2.072
2016-10-20,2.069
2016-10-21,2.066
2016-10-22,2.062
2016-10-23,2.059
2016-10-24,2.056
2016-10-25,2.053
2016-10-26,2.050
2016-10-27,2.046
2016-10-28,2.043
2016-10-29,2.040
2016-10-30,2.037
2016-10-31,2.034
2016-11-01,2.031
2016-11-02,2.028
2016-11-03,2.025
2016-11-04,2.022
2016-11-05,2.019
2016-11-06,2.016
2016-11-07,2.013
2016-11-08,2.011
2016-11-09,2.008
2016-11-10,2.005
2016-11-11,2.003
2016-11-12,2.000
2016-11-13,1.998
2016-11-14,1.996
2016-11-15,1.993
2016-11-16,1.991
2016-11-17,1.989
2016-11-18,1.987
2016-11-19,1.985
2016-11-20,1.983
2016-11-21,1.982
2016-11-22,1.980
2016-11-23,1.978
2016-11-24,1.977
2016-11-25,1.976
2016-11-26,1.974
2016-11-27,1.973
2016-11-28,1.972
2016-11-29,1.971
2016-11-30,1.970
2016-12-01,1.970
2016-12-02,1.969
2016-12-03,1.969
2016-12-04,1.968
2016-12-05,1.968
2016-12-06,1.968
2016-12-07,1.968
2016-12-08,1.968
2016-12-09,1.968
2016-12-10,1.968
2016-12-11,1.969
2016-12-12,1.969
2016-12-13,1.970
2016-12-14,1.971
2016-12-15,1.971
2016-12-16,1.972
2016-12-17,1.973
2016-12-18,1.974
2016-12-19,1.976
2016-12-20,1.977
2016-12-21,1.979
2016-12-22,1.980
2016-12-23,1.982
2016-12-24,1.984
2016-12-25,1.985
2016-12-26,1.987
2016-12-27,1.989
2016-12-28,1.991
2016-12-29,1.994
2016-12-30,1.996
2016-12-31,1.998
2017-01-01,2.566
2017-01-02,2.563
2017-01-03,2.560
2017-01-04,2.557
2017-01-05,2.554
2017-01-06,2.550
2017-01-07,2.547
2017-01-08,2.544
2017-01-09,2.540
2017-01-10,2.536
2017-01-11,2.533
2017-01-12,2.529
2017-01-13,2.525
2017-01-14,2.521
2017-01-15,2.517
2017-01-16,2.513
2017-01-17,2.508
2017-01-18,2.504
2017-01-19,2.500
2017-01-20,2.495
2017-01-21,2.490
2017-01-22,2.486
2017-01-23,2.481
2017-01-24,2.476
2017-01-25,2.471
2017-01-26,2.466
2017-01-27,2.461
2017-01-28,2.456
2017-01-29,2.451
2017-01-30,2.446
2017-01-31,2.441
2017-02-01,2.435
2017-02-02,2.430
2017-02-03,2.425
2017-02-04,2.419
2017-02-05,2.413
2017-02-06,2.408
2017-02-07,2.402
2017-02-08,2.397
2017-02-09,2.391
2017-02-10,2.385
2017-02-11,2.379
2017-02-12,2.374
2017-02-13,2.368
2017-02-14,2.362
2017-02-15,2.356
2017-02-16,2.350
2017-02-17,2.344
2017-02-18,2.338
2017-02-19,2.332
2017-02-20,2.326
2017-02-21,2.320
2017-02-22,2.314
2017-02-23,2.308
2017-02-24,2.302
2017-02-25,2.296
2017-02-26,2.290
2017-02-27,2.284
2017-02-28,2.278
2017-03-01,2.272
2017-03-02,2.266
2017-03-03,2.261
2017-03-04,2.255
2017-03-05,2.249
2017-03-06,2.243
2017-03-07,2.237
2017-03-08,2.231
2017-03-09,2.225
2017-03-10,2.219
2017-03-11,2.214
2017-03-12,2.208
2017-03-13,2.202
2017-03-14,2.197
2017-03-15,2.191
2017-03-16,2.185
2017-03-17,2.180
2017-03-18,2.174
2017-03-19,2.169
2017-03-20,2.164
2017-03-21,2.158
2017-03-22,2.153
2017-03-23,2.148
2017-03-24,2.143
2017-03-25,2.138
2017-03-26,2.133
2017-03-27,2.128
2017-03-28,2.123
2017-03-29,2.118
2017-03-30,2.113
2017-03-31,2.109
2017-04-01,2.104
2017-04-02,2.099
2017-04-03,2.095
2017-04-04,2.091
2017-04-05,2.086
2017-04-06,2.082
2017-04-07,2.078
2017-04-08,2.074
2017-04-09,2.070
2017-04-10,2.066
2017-04-11,2.063
2017-04-12,2.059
2017-04-13,2.056
2017-04-14,2.052
2017-04-15,2.049
2017-04-16,2.046
2017-04-17,2.042
2017-04-18,2.039
2017-04-19,2.037
2017-04-20,2.034
2017-04-21,2.031
2017-04-22,2.028
2017-04-23,2.026
2017-04-24,2.024
2017-04-25,2.021
2017-04-26,2.019
2017-04-27,2.017
2017-04-28,2.015
2017-04-29,2.013
2017-04-30,2.012
2017-05-01,2.010
2017-05-02,2.009
2017-05-03,2.007
2017-05-04,2.006
2017-05-05,2.005
2017-05-06,2.004
2017-05-07,2.003
2017-05-08,2.002
2017-05-09,2.001
2017-05-10,2.001
2017-05-11,2.001
2017-05-12,2.000
2017-05-13,2.000
2017-05-14,2.000
2017-05-15,2.000
2017-05-16,2.000
2017-05-17,2.001
2017-05-18,2.001
2017-05-19,2.002
2017-05-20,2.002
2017-05-21,2.003
2017-05-22,2.004
2017-05-23,2.005
2017-05-24,2.006
2017-05-25,2.007
2017-05-26,2.009
2017-05-27,2.010
2017-05-28,2.012
2017-05-29,2.014
2017-05-30,2.015
2017-05-31,2.017
2017-06-01,2.019
2017-06-02,2.022
2017-06-03,2.024
2017-06-04,2.026
2017-06-05,2.029
2017-06-06,2.031
2017-06-07,2.034
2017-06-08,2.037
2017-06-09,2.040
2017-06-10,2.043
2017-06-11,2.046
2017-06-12,2.049
2017-06-13,2.053
2017-06-14,2.056
2017-06-15,2.060
2017-06-16,2.063
2017-06-17,2.067
2017-06-18,2.071
2017-06-19,2.075
2017-06-20,2.079
2017-06-21,2.083
2017-06-22,2.087
2017-06-23,2.091
2017-06-24,2.096
2017-06-25,2.100
2017-06-26,2.105
2017-06-27,2.109
2017-06-28,2.114
2017-06-29,2.119
2017-06-30,2.123
2017-07-01,2.128
2017-07-02,2.133
2017-07-03,2.138
2017-07-04,2.143
2017-07-05,2.148
2017-07-06,2.154
2017-07-07,2.159
2017-07-08,2.164
2017-07-09,2.170
2017-07-10,2.175
2017-07-11,2.181
2017-07-12,2.186
2017-07-13,2.192
2017-07-14,2.197
2017-07-15,2.203
2017-07-16,2.209
2017-07-17,2.214
2017-07-18,2.220
2017-07-19,2.226
2017-07-20,2.232
2017-07-21,2.238
2017-07-22,2.243
2017-07-23,2.249
2017-07-24,2.255
2017-07-25,2.261
2017-07-26,2.267
2017-07-27,2.273
2017-07-28,2.279
2017-07-29,2.285
2017-07-30,2.291
2017-07-31,2.297
2017-08-01,2.303
2017-08-02,2.309
2017-08-03,2.315
2017-08-04,2.321
2017-08-05,2.327
2017-08-06,2.333
2017-08-07,2.339
2017-08-08,2.345
2017-08-09,2.351
2017-08-10,2.357
2017-08-11,2.363
2017-08-12,2.369
2017-08-13,2.374
2017-08-14,2.380
2017-08-15,2.386
2017-08-16,2.392
2017-08-17,2.397
2017-08-18,2.403
2017-08-19,2.409
2017-08-20,2.414
2017-08-21,2.420
2017-08-22,2.425
2017-08-23,2.431
2017-08-24,2.436
2017-08-25,2.441
2017-08-26,2.447
2017-08-27,2.452
2017-08-28,2.457
2017-08-29,2.462
2017-08-30,2.467
2017-08-31,2.472
2017-09-01,2.477
2017-09-02,2.482
2017-09-03,2.486
2017-09-04,2.491
2017-09-05,2.496
2017-09-06,2.500
2017-09-07,2.505
2017-09-08,2.509
2017-09-09,2.513
2017-09-10,2.517
2017-09-11,2.521
2017-09-12,2.525
2017-09-13,2.529
2017-09-14,2.533
2017-09-15,2.537
2017-09-16,2.541
2017-09-17,2.544
2017-09-18,2.548
2017-09-19,2.551
2017-09-20,2.554
2017-09-21,2.557
2017-09-22,2.560
2017-09-23,2.563
2017-09-24,2.566
2017-09-25,2.569
2017-09-26,2.571
2017-09-27,2.574
2017-09-28,2.576
2017-09-29,2.579
2017-09-30,2.581
2017-10-01,2.583
2017-10-02,2.585
2017-10-03,2.587
2017-10-04,2.588
2017-10-05,2.590
2017-10-06,2.591
2017-10-07,2.593
2017-10-08,2.594
2017-10-09,2.595
2017-10-10,2.596
2017-10-11,2.597
2017-10-12,2.598
2017-10-13,2.598
2017-10-14,2.599
2017-10-15,2.599
2017-10-16,2.600
2017-10-17,2.600
2017-10-18,2.600
2017-10-19,2.600
2017-10-20,2.600
2017-10-21,2.599
2017-10-22,2.599
2017-10-23,2.599
2017-10-24,2.598
2017-10-25,2.597
2017-10-26,2.596
2017-10-27,2.595
2017-10-28,2.594
2017-10-29,2.593
2017-10-30,2.591
2017-10-31,2.590
2017-11-01,2.588
2017-11-02,2.587
2017-11-03,2.585
2017-11-04,2.583
2017-11-05,2.581
2017-11-06,2.579
2017-11-07,2.576
2017-11-08,2.574
2017-11-09,2.571
2017-11-10,2.569
2017-11-11,2.566
2017-11-12,2.563
2017-11-13,2.560
2017-11-14,2.557
2017-11-15,2.554
2017-11-16,2.551
2017-11-17,2.548
2017-11-18,2.544
2017-11-19,2.541
2017-11-20,2.537
2017-11-21,2.533
2017-11-22,2.530
2017-11-23,2.526
2017-11-24,2.522
2017-11-25,2.518
2017-11-26,2.513
2017-11-27,2.509
2017-11-28,2.505
2017-11-29,2.500
2017-11-30,2.496
2017-12-01,2.491
2017-12-02,2.487
2017-12-03,2.482
2017-12-04,2.477
2017-12-05,2.472
2017-12-06,2.467
2017-12-07,2.462
2017-12-08,2.457
2017-12-09,2.452
2017-12-10,2.447
2017-12-11,2.441
2017-12-12,2.436
2017-12-13,2.431
2017-12-14,2.425
2017-12-15,2.420
2017-12-16,2.414
2017-12-17,2.409
2017-12-18,2.403
2017-12-19,2.398
2017-12-20,2.392
2017-12-21,2.386
2017-12-22,2.380
2017-12-23,2.375
2017-12-24,2.369
2017-12-25,2.363
2017-12-26,2.357
2017-12-27,2.351
2017-12-28,2.345
2017-12-29,2.339
2017-12-30,2.333
2017-12-31,2.327
2018-01-01,2.321
2018-01-02,2.315
2018-01-03,2.309
2018-01-04,2.303
2018-01-05,2.297
2018-01-06,2.291
2018-01-07,2.285
2018-01-08,2.279
2018-01-09,2.273
2018-01-10,2.267
2018-01-11,2.261
2018-01-12,2.256
2018-01-13,2.250
2018-01-14,2.244
2018-01-15,2.238
2018-01-16,2.232
2018-01-17,2.226
2018-01-18,2.220
2018-01-19,2.215
2018-01-20,2.209
2018-01-21,2.203
2018-01-22,2.197
2018-01-23,2.192
2018-01-24,2.186
2018-01-25,2.181
2018-01-26,2.175
2018-01-27,2.170
2018-01-28,2.164
2018-01-29,2.159
2018-01-30,2.154
2018-01-31,2.149
2018-02-01,2.143
2018-02-02,2.138
2018-02-03,2.133
2018-02-04,2.128
2018-02-05,2.124
2018-02-06,2.119
2018-02-07,2.114
2018-02-08,2.109
2018-02-09,2.105
2018-02-10,2.100
2018-02-11,2.096
2018-02-12,2.091
2018-02-13,2.087
2018-02-14,2.083
2018-02-15,2.079
2018-02-16,2.075
2018-02-17,2.071
2018-02-18,2.067
2018-02-19,2.063
2018-02-20,2.060
2018-02-21,2.056
2018-02-22,2.053
2018-02-23,2.049
2018-02-24,2.046
2018-02-25,2.043
2018-02-26,2.040
2018-02-27,2.037
2018-02-28,2.034
2018-03-01,2.031
2018-03-02,2.029
2018-03-03,2.026
2018-03-04,2.024
2018-03-05,2.022
2018-03-06,2.019
2018-03-07,2.017
2018-03-08,2.015
2018-03-09,2.014
2018-03-10,2.012
2018-03-11,2.010
2018-03-12,2.009
2018-03-13,2.007
2018-03-14,2.006
2018-03-15,2.005
2018-03-16,2.004
2018-03-17,2.003
2018-03-18,2.002
2018-03-19,2.002
2018-03-20,2.001
2018-03-21,2.001
2018-03-22,2.000
2018-03-23,2.000
2018-03-24,2.000
2018-03-25,2.000
2018-03-26,2.000
2018-03-27,2.001
2018-03-28,2.001
2018-03-29,2.001
2018-03-30,2.002
2018-03-31,2.003
2018-04-01,2.004
2018-04-02,2.005
2018-04-03,2.006
2018-04-04,2.007
2018-04-05,2.008
2018-04-06,2.010
2018-04-07,2.012
2018-04-08,2.013
2018-04-09,2.015
2018-04-10,2.017
2018-04-11,2.019
2018-04-12,2.021
2018-04-13,2.023
2018-04-14,2.026
2018-04-15,2.028
2018-04-16,2.031
2018-04-17,2.034
2018-04-18,2.036
2018-04-19,2.039
2018-04-20,2.042
2018-04-21,2.046
2018-04-22,2.049
2018-04-23,2.052
2018-04-24,2.055
2018-04-25,2.059
2018-04-26,2.063
2018-04-27,2.066
2018-04-28,2.070
2018-04-29,2.074
2018-04-30,2.078
2018-05-01,2.082
2018-05-02,2.086
2018-05-03,2.091
2018-05-04,2.095
2018-05-05,2.099
2018-05-06,2.104
2018-05-07,2.108
2018-05-08,2.113
2018-05-09,2.118
2018-05-10,2.123
2018-05-11,2.127
2018-05-12,2.132
2018-05-13,2.137
2018-05-14,2.142
2018-05-15,2.148
2018-05-16,2.153
2018-05-17,2.158
2018-05-18,2.163
2018-05-19,2.169
2018-05-20,2.174
2018-05-21,2.180
2018-05-22,2.185
2018-05-23,2.191
2018-05-24,2.196
2018-05-25,2.202
2018-05-26,2.208
2018-05-27,2.213
2018-05-28,2.219
2018-05-29,2.225
2018-05-30,2.231
2018-05-31,2.237
2018-06-01,2.243
2018-06-02,2.248
2018-06-03,2.254
2018-06-04,2.260
2018-06-05,2.266
2018-06-06,2.272
2018-06-07,2.278
2018-06-08,2.284
2018-06-09,2.290
2018-06-10,2.296
2018-06-11,2.302
2018-06-12,2.308
2018-06-13,2.314
2018-06-14,2.320
2018-06-15,2.326
2018-06-16,2.332
2018-06-17,2.338
2018-06-18,2.344
2018-06-19,2.350
2018-06-20,2.356
2018-06-21,2.362
2018-06-22,2.368
2018-06-23,2.373
2018-06-24,2.379
2018-06-25,2.385
2018-06-26,2.391
2018-06-27,2.396
2018-06-28,2.402
2018-06-29,2.408
2018-06-30,2.413
2018-07-01,2.419
2018-07-02,2.424
2018-07-03,2.430
2018-07-04,2.435
2018-07-05,2.440
2018-07-06,2.446
2018-07-07,2.451
2018-07-08,2.456
2018-07-09,2.461
2018-07-10,2.466
2018-07-11,2.471
2018-07-12,2.476
2018-07-13,2.481
2018-07-14,2.486
2018-07-15,2.490
2018-07-16,2.495
2018-07-17,2.499
2018-07-18,2.504
2018-07-19,2.508
2018-07-20,2.513
2018-07-21,2.517
2018-07-22,2.521
2018-07-23,2.525
2018-07-24,2.529
2018-07-25,2.533
2018-07-26,2.536
2018-07-27,2.540
2018-07-28,2.544
2018-07-29,2.547
2018-07-30,2.550
2018-07-31,2.554
2018-08-01,2.557
2018-08-02,2.560
2018-08-03,2.563
2018-08-04,2.566
2018-08-05,2.568
2018-08-06,2.571
2018-08-07,2.573
2018-08-08,2.576
2018-08-09,2.578
2018-08-10,2.580
2018-08-11,2.582
2018-08-12,2.584
2018-08-13,2.586
2018-08-14,2.588
2018-08-15,2.590
2018-08-16,2.591
2018-08-17,2.593
2018-08-18,2.594
2018-08-19,2.595
2018-08-20,2.596
2018-08-21,2.597
2018-08-22,2.598
2018-08-23,2.598
2018-08-24,2.599
2018-08-25,2.599
2018-08-26,2.600
2018-08-27,2.600
2018-08-28,2.600
2018-08-29,2.600
2018-08-30,2.600
2018-08-31,2.600
2018-09-01,2.599
2018-09-02,2.599
2018-09-03,2.598
2018-09-04,2.597
2018-09-05,2.596
2018-09-06,2.595
2018-09-07,2.594
2018-09-08,2.593
2018-09-09,2.592
2018-09-10,2.590
2018-09-11,2.589
2018-09-12,2.587
2018-09-13,2.585
2018-09-14,2.583
2018-09-15,2.581
2018-09-16,2.579
2018-09-17,2.577
2018-09-18,2.574
2018-09-19,2.572
2018-09-20,2.569
2018-09-21,2.567
2018-09-22,2.564
2018-09-23,2.561
2018-09-24,2.558
2018-09-25,2.555
2018-09-26,2.552
2018-09-27,2.548
2018-09-28,2.545
2018-09-29,2.541
2018-09-30,2.538
2018-10-01,2.534
2018-10-02,2.530
2018-10-03,2.526
2018-10-04,2.522
2018-10-05,2.518
2018-10-06,2.514
2018-10-07,2.510
2018-10-08,2.505
2018-10-09,2.501
2018-10-10,2.497
2018-10-11,2.492
2018-10-12,2.487
2018-10-13,2.483
2018-10-14,2.478
2018-10-15,2.473
2018-10-16,2.468
2018-10-17,2.463
2018-10-18,2.458
2018-10-19,2.453
2018-10-20,2.448
2018-10-21,2.442
2018-10-22,2.437
2018-10-23,2.432
2018-10-24,2.426
2018-10-25,2.421
2018-10-26,2.415
2018-10-27,2.410
2018-10-28,2.404
2018-10-29,2.398
2018-10-30,2.393
2018-10-31,2.387
2018-11-01,2.381
2018-11-02,2.375
2018-11-03,2.370
2018-11-04,2.364
2018-11-05,2.358
2018-11-06,2.352
2018-11-07,2.346
2018-11-08,2.340
2018-11-09,2.334
2018-11-10,2.328
2018-11-11,2.322
2018-11-12,2.316
2018-11-13,2.310
2018-11-14,2.304
2018-11-15,2.298
2018-11-16,2.292
2018-11-17,2.286
2018-11-18,2.280
2018-11-19,2.274
2018-11-20,2.268
2018-11-21,2.262
2018-11-22,2.256
2018-11-23,2.251
2018-11-24,2.245
2018-11-25,2.239
2018-11-26,2.233
2018-11-27,2.227
2018-11-28,2.221
2018-11-29,2.215
2018-11-30,2.210
2018-12-01,2.204
2018-12-02,2.198
2018-12-03,2.193
2018-12-04,2.187
2018-12-05,2.182
2018-12-06,2.176
2018-12-07,2.171
2018-12-08,2.165
2018-12-09,2.160
2018-12-10,2.155
2018-12-11,2.149
2018-12-12,2.144
2018-12-13,2.139
2018-12-14,2.134
2018-12-15,2.129
2018-12-16,2.124
2018-12-17,2.119
2018-12-18,2.115
2018-12-19,2.110
2018-12-20,2.105
2018-12-21,2.101
2018-12-22,2.096
2018-12-23,2.092
2018-12-24,2.088
2018-12-25,2.084
2018-12-26,2.080
2018-12-27,2.075
2018-12-28,2.072
2018-12-29,2.068
2018-12-30,2.064
2018-12-31,2.060
2019-01-01,1.616
2019-01-02,1.618
2019-01-03,1.620
2019-01-04,1.622
2019-01-05,1.624
2019-01-06,1.627
2019-01-07,1.629
2019-01-08,1.632
2019-01-09,1.635
2019-01-10,1.637
2019-01-11,1.640
2019-01-12,1.643
2019-01-13,1.647
2019-01-14,1.650
2019-01-15,1.653
2019-01-16,1.657
2019-01-17,1.660
2019-01-18,1.664
2019-01-19,1.668
2019-01-20,1.671
2019-01-21,1.675
2019-01-22,1.679
2019-01-23,1.683
2019-01-24,1.687
2019-01-25,1.691
2019-01-26,1.696
2019-01-27,1.700
2019-01-28,1.704
2019-01-29,1.709
2019-01-30,1.713
2019-01-31,1.718
2019-02-01,1.722
2019-02-02,1.727
2019-02-03,1.732
2019-02-04,1.736
2019-02-05,1.741
2019-02-06,1.746
2019-02-07,1.751
2019-02-08,1.756
2019-02-09,1.760
2019-02-10,1.765
2019-02-11,1.770
2019-02-12,1.775
2019-02-13,1.780
2019-02-14,1.785
2019-02-15,1.790
2019-02-16,1.795
2019-02-17,1.800
2019-02-18,1.805
2019-02-19,1.810
2019-02-20,1.815
2019-02-21,1.820
2019-02-22,1.825
2019-02-23,1.830
2019-02-24,1.835
2019-02-25,1.840
2019-02-26,1.845
2019-02-27,1.850
2019-02-28,1.854
2019-03-01,1.859
2019-03-02,1.864
2019-03-03,1.869
2019-03-04,1.873
2019-03-05,1.878
2019-03-06,1.883
2019-03-07,1.887
2019-03-08,1.892
2019-03-09,1.896
2019-03-10,1.900
2019-03-11,1.905
2019-03-12,1.909
2019-03-13,1.913
2019-03-14,1.917
2019-03-15,1.921
2019-03-16,1.925
2019-03-17,1.929
2019-03-18,1.933
2019-03-19,1.936
2019-03-20,1.940
2019-03-21,1.944
2019-03-22,1.947
2019-03-23,1.950
2019-03-24,1.954
2019-03-25,1.957
2019-03-26,1.960
2019-03-27,1.963
2019-03-28,1.966
2019-03-29,1.968
2019-03-30,1.971
2019-03-31,1.974
2019-04-01,1.976
2019-04-02,1.978
2019-04-03,1.981
2019-04-04,1.983
2019-04-05,1.985
2019-04-06,1.986
2019-04-07,1.988
2019-04-08,1.990
2019-04-09,1.991
2019-04-10,1.993
2019-04-11,1.994
2019-04-12,1.995
2019-04-13,1.996
2019-04-14,1.997
2019-04-15,1.998
2019-04-16,1.999
2019-04-17,1.999
2019-04-18,2.000
2019-04-19,2.000
2019-04-20,2.000
2019-04-21,2.000
2019-04-22,2.000
2019-04-23,2.000
2019-04-24,1.999
2019-04-25,1.999
2019-04-26,1.998
2019-04-27,1.998
2019-04-28,1.997
2019-04-29,1.996
2019-04-30,1.995
2019-05-01,1.994
2019-05-02,1.992
2019-05-03,1.991
2019-05-04,1.989
2019-05-05,1.988
2019-05-06,1.986
2019-05-07,1.984
2019-05-08,1.982
2019-05-09,1.980
2019-05-10,1.977
2019-05-11,1.975
2019-05-12,1.973
2019-05-13,1.970
2019-05-14,1.967
2019-05-15,1.964
2019-05-16,1.962
2019-05-17,1.959
2019-05-18,1.956
2019-05-19,1.952
2019-05-20,1.949
2019-05-21,1.946
2019-05-22,1.942
2019-05-23,1.939
2019-05-24,1.935
2019-05-25,1.931
2019-05-26,1.927
2019-05-27,1.924
2019-05-28,1.920
2019-05-29,1.916
2019-05-30,1.911
2019-05-31,1.907
2019-06-01,1.903
2019-06-02,1.899
2019-06-03,1.894
2019-06-04,1.890
2019-06-05,1.885
2019-06-06,1.881
2019-06-07,1.876
2019-06-08,1.872
2019-06-09,1.867
2019-06-10,1.862
2019-06-11,1.857
2019-06-12,1.853
2019-06-13,1.848
2019-06-14,1.843
2019-06-15,1.838
2019-06-16,1.833
2019-06-17,1.828
2019-06-18,1.823
2019-06-19,1.818
2019-06-20,1.813
2019-06-21,1.808
2019-06-22,1.803
2019-06-23,1.798
2019-06-24,1.793
2019-06-25,1.788
2019-06-26,1.783
2019-06-27,1.778
2019-06-28,1.773
2019-06-29,1.768
2019-06-30,1.763
2019-07-01,1.758
2019-07-02,1.754
2019-07-03,1.749
2019-07-04,1.744
2019-07-05,1.739
2019-07-06,1.734
2019-07-07,1.730
2019-07-08,1.725
2019-07-09,1.720
2019-07-10,1.716
2019-07-11,1.711
2019-07-12,1.707
2019-07-13,1.702
2019-07-14,1.698
2019-07-15,1.694
2019-07-16,1.690
2019-07-17,1.686
2019-07-18,1.681
2019-07-19,1.677
2019-07-20,1.674
2019-07-21,1.670
2019-07-22,1.666
2019-07-23,1.662
2019-07-24,1.659
2019-07-25,1.655
2019-07-26,1.652
2019-07-27,1.649
2019-07-28,1.645
2019-07-29,1.642
2019-07-30,1.639
2019-07-31,1.636
2019-08-01,1.633
2019-08-02,1.631
2019-08-03,1.628
2019-08-04,1.626
2019-08-05,1.623
2019-08-06,1.621
2019-08-07,1.619
2019-08-08,1.617
2019-08-09,1.615
2019-08-10,1.613
2019-08-11,1.611
2019-08-12,1.610
2019-08-13,1.608
2019-08-14,1.607
2019-08-15,1.606
2019-08-16,1.604
2019-08-17,1.603
2019-08-18,1.603
2019-08-19,1.602
2019-08-20,1.601
2019-08-21,1.601
2019-08-22,1.600
2019-08-23,1.600
2019-08-24,1.600
2019-08-25,1.600
2019-08-26,1.600
2019-08-27,1.600
2019-08-28,1.601
2019-08-29,1.601
2019-08-30,1.602
2019-08-31,1.603
2019-09-01,1.604
2019-09-02,1.605
2019-09-03,1.606
2019-09-04,1.607
2019-09-05,1.608
2019-09-06,1.610
2019-09-07,1.611
2019-09-08,1.613
2019-09-09,1.615
2019-09-10,1.617
2019-09-11,1.619
2019-09-12,1.621
2019-09-13,1.623
2019-09-14,1.626
2019-09-15,1.628
2019-09-16,1.631
2019-09-17,1.634
2019-09-18,1.636
2019-09-19,1.639
2019-09-20,1.642
2019-09-21,1.646
2019-09-22,1.649
2019-09-23,1.652
2019-09-24,1.656
2019-09-25,1.659
2019-09-26,1.663
2019-09-27,1.666
2019-09-28,1.670
2019-09-29,1.674
2019-09-30,1.678
2019-10-01,1.682
2019-10-02,1.686
2019-10-03,1.690
2019-10-04,1.694
2019-10-05,1.698
2019-10-06,1.703
2019-10-07,1.707
2019-10-08,1.712
2019-10-09,1.716
2019-10-10,1.721
2019-10-11,1.725
2019-10-12,1.730
2019-10-13,1.735
2019-10-14,1.740
2019-10-15,1.744
2019-10-16,1.749
2019-10-17,1.754
2019-10-18,1.759
2019-10-19,1.764
2019-10-20,1.769
2019-10-21,1.774
2019-10-22,1.779
2019-10-23,1.784
2019-10-24,1.789
2019-10-25,1.794
2019-10-26,1.799
2019-10-27,1.804
2019-10-28,1.809
2019-10-29,1.814
2019-10-30,1.819
2019-10-31,1.823
2019-11-01,1.828
2019-11-02,1.833
2019-11-03,1.838
2019-11-04,1.843
2019-11-05,1.848
2019-11-06,1.853
2019-11-07,1.858
2019-11-08,1.862
2019-11-09,1.867
2019-11-10,1.872
2019-11-11,1.877
2019-11-12,1.881
2019-11-13,1.886
2019-11-14,1.890
2019-11-15,1.895
2019-11-16,1.899
2019-11-17,1.903
2019-11-18,1.908
2019-11-19,1.912
2019-11-20,1.916
2019-11-21,1.920
2019-11-22,1.924
2019-11-23,1.928
2019-11-24,1.932
2019-11-25,1.935
2019-11-26,1.939
2019-11-27,1.942
2019-11-28,1.946
2019-11-29,1.949
2019-11-30,1.953
2019-12-01,1.956
2019-12-02,1.959
2019-12-03,1.962
2019-12-04,1.965
2019-12-05,1.968
2019-12-06,1.970
2019-12-07,1.973
2019-12-08,1.975
2019-12-09,1.978
2019-12-10,1.980
2019-12-11,1.982
2019-12-12,1.984
2019-12-13,1.986
2019-12-14,1.988
2019-12-15,1.989
2019-12-16,1.991
2019-12-17,1.992
2019-12-18,1.994
2019-12-19,1.995
2019-12-20,1.996
2019-12-21,1.997
2019-12-22,1.998
2019-12-23,1.998
2019-12-24,1.999
2019-12-25,1.999
2019-12-26,2.000
2019-12-27,2.000
2019-12-28,2.000
2019-12-29,2.000
2019-12-30,2.000
2019-12-31,1.999
2020-01-01,0.799
2020-01-02,0.799
2020-01-03,0.798
2020-01-04,0.797
2020-01-05,0.796
2020-01-06,0.795
2020-01-07,0.794
2020-01-08,0.793
2020-01-09,0.791
2020-01-10,0.790
2020-01-11,0.788
2020-01-12,0.786
2020-01-13,0.784
2020-01-14,0.782
2020-01-15,0.780
2020-01-16,0.778
2020-01-17,0.776
2020-01-18,0.773
2020-01-19,0.771
2020-01-20,0.768
2020-01-21,0.765
2020-01-22,0.763
2020-01-23,0.760
2020-01-24,0.757
2020-01-25,0.753
2020-01-26,0.750
2020-01-27,0.747
2020-01-28,0.743
2020-01-29,0.740
2020-01-30,0.736
2020-01-31,0.732
2020-02-01,0.729
2020-02-02,0.725
2020-02-03,0.721
2020-02-04,0.717
2020-02-05,0.713
2020-02-06,0.709
2020-02-07,0.704
2020-02-08,0.700
2020-02-09,0.696
2020-02-10,0.691
2020-02-11,0.687
2020-02-12,0.682
2020-02-13,0.678
2020-02-14,0.673
2020-02-15,0.668
2020-02-16,0.664
2020-02-17,0.659
2020-02-18,0.654
2020-02-19,0.649
2020-02-20,0.644
2020-02-21,0.640
2020-02-22,0.635
2020-02-23,0.630
2020-02-24,0.625
2020-02-25,0.620
2020-02-26,0.615
2020-02-27,0.610
2020-02-28,0.605
2020-02-29,0.600
2020-03-01,0.595
2020-03-02,0.590
2020-03-03,0.585
2020-03-04,0.580
2020-03-05,0.575
2020-03-06,0.570
2020-03-07,0.565
2020-03-08,0.560
2020-03-09,0.555
2020-03-10,0.550
2020-03-11,0.545
2020-03-12,0.541
2020-03-13,0.536
2020-03-14,0.531
2020-03-15,0.527
2020-03-16,0.522
2020-03-17,0.517
2020-03-18,0.513
2020-03-19,0.508
2020-03-20,0.504
2020-03-21,0.500
2020-03-22,0.495
2020-03-23,0.491
2020-03-24,0.487
2020-03-25,0.483
2020-03-26,0.479
2020-03-27,0.475
2020-03-28,0.471
2020-03-29,0.467
2020-03-30,0.464
2020-03-31,0.460
2020-04-01,0.456
2020-04-02,0.453
2020-04-03,0.450
2020-04-04,0.446
2020-04-05,0.443
2020-04-06,0.440
2020-04-07,0.437
2020-04-08,0.434
2020-04-09,0.432
2020-04-10,0.429
2020-04-11,0.426
2020-04-12,0.424
2020-04-13,0.422
2020-04-14,0.419
2020-04-15,0.417
2020-04-16,0.415
2020-04-17,0.414
2020-04-18,0.412
2020-04-19,0.410
2020-04-20,0.409
2020-04-21,0.407
2020-04-22,0.406
2020-04-23,0.405
2020-04-24,0.404
2020-04-25,0.403
2020-04-26,0.402
2020-04-27,0.401
2020-04-28,0.401
2020-04-29,0.400
2020-04-30,0.400
2020-05-01,0.400
2020-05-02,0.400
2020-05-03,0.400
2020-05-04,0.400
2020-05-05,0.401
2020-05-06,0.401
2020-05-07,0.402
2020-05-08,0.402
2020-05-09,0.403
2020-05-10,0.404
2020-05-11,0.405
2020-05-12,0.406
2020-05-13,0.408
2020-05-14,0.409
2020-05-15,0.411
2020-05-16,0.412
2020-05-17,0.414
2020-05-18,0.416
2020-05-19,0.418
2020-05-20,0.420
2020-05-21,0.423
2020-05-22,0.425
2020-05-23,0.427
2020-05-24,0.430
2020-05-25,0.433
2020-05-26,0.436
2020-05-27,0.438
2020-05-28,0.441
2020-05-29,0.445
2020-05-30,0.448
2020-05-31,0.451
2020-06-01,0.454
2020-06-02,0.458
2020-06-03,0.461
2020-06-04,0.465
2020-06-05,0.469
2020-06-06,0.473
2020-06-07,0.477
2020-06-08,0.480
2020-06-09,0.485
2020-06-10,0.489
2020-06-11,0.493
2020-06-12,0.497
2020-06-13,0.501
2020-06-14,0.506
2020-06-15,0.510
2020-06-16,0.515
2020-06-17,0.519
2020-06-18,0.524
2020-06-19,0.529
2020-06-20,0.533
2020-06-21,0.538
2020-06-22,0.543
2020-06-23,0.548
2020-06-24,0.552
2020-06-25,0.557
2020-06-26,0.562
2020-06-27,0.567
2020-06-28,0.572
2020-06-29,0.577
2020-06-30,0.582
2020-07-01,0.587
2020-07-02,0.592
2020-07-03,0.597
2020-07-04,0.602
2020-07-05,0.607
2020-07-06,0.612
2020-07-07,0.617
2020-07-08,0.622
2020-07-09,0.627
2020-07-10,0.632
2020-07-11,0.637
2020-07-12,0.642
2020-07-13,0.646
2020-07-14,0.651
2020-07-15,0.656
2020-07-16,0.661
2020-07-17,0.666
2020-07-18,0.670
2020-07-19,0.675
2020-07-20,0.680
2020-07-21,0.684
2020-07-22,0.689
2020-07-23,0.693
2020-07-24,0.698
2020-07-25,0.702
2020-07-26,0.706
2020-07-27,0.710
2020-07-28,0.714
2020-07-29,0.719
2020-07-30,0.723
2020-07-31,0.726
2020-08-01,0.730
2020-08-02,0.734
2020-08-03,0.738
2020-08-04,0.741
2020-08-05,0.745
2020-08-06,0.748
2020-08-07,0.752
2020-08-08,0.755
2020-08-09,0.758
2020-08-10,0.761
2020-08-11,0.764
2020-08-12,0.767
2020-08-13,0.769
2020-08-14,0.772
2020-08-15,0.774
2020-08-16,0.777
2020-08-17,0.779
2020-08-18,0.781
2020-08-19,0.783
2020-08-20,0.785
2020-08-21,0.787
2020-08-22,0.789
2020-08-23,0.790
2020-08-24,0.792
2020-08-25,0.793
2020-08-26,0.794
2020-08-27,0.796
2020-08-28,0.797
2020-08-29,0.797
2020-08-30,0.798
2020-08-31,0.799
2020-09-01,0.799
2020-09-02,0.800
2020-09-03,0.800
2020-09-04,0.800
2020-09-05,0.800
2020-09-06,0.800
2020-09-07,0.800
2020-09-08,0.799
2020-09-09,0.799
2020-09-10,0.798
2020-09-11,0.797
2020-09-12,0.796
2020-09-13,0.795
2020-09-14,0.794
2020-09-15,0.793
2020-09-16,0.792
2020-09-17,0.790
2020-09-18,0.789
2020-09-19,0.787
2020-09-20,0.785
2020-09-21,0.783
2020-09-22,0.781
2020-09-23,0.779
2020-09-24,0.777
2020-09-25,0.774
2020-09-26,0.772
2020-09-27,0.769
2020-09-28,0.766
2020-09-29,0.764
2020-09-30,0.761
2020-10-01,0.758
2020-10-02,0.754
2020-10-03,0.751
2020-10-04,0.748
2020-10-05,0.744
2020-10-06,0.741
2020-10-07,0.737
2020-10-08,0.734
2020-10-09,0.730
2020-10-10,0.726
2020-10-11,0.722
2020-10-12,0.718
2020-10-13,0.714
2020-10-14,0.710
2020-10-15,0.706
2020-10-16,0.701
2020-10-17,0.697
2020-10-18,0.693
2020-10-19,0.688
2020-10-20,0.684
2020-10-21,0.679
2020-10-22,0.675
2020-10-23,0.670
2020-10-24,0.665
2020-10-25,0.660
2020-10-26,0.656
2020-10-27,0.651
2020-10-28,0.646
2020-10-29,0.641
2020-10-30,0.636
2020-10-31,0.631
2020-11-01,0.626
2020-11-02,0.621
2020-11-03,0.616
2020-11-04,0.611
2020-11-05,0.606
2020-11-06,0.601
2020-11-07,0.596
2020-11-08,0.591
2020-11-09,0.586
2020-11-10,0.581
2020-11-11,0.576
2020-11-12,0.572
2020-11-13,0.567
2020-11-14,0.562
2020-11-15,0.557
2020-11-16,0.552
2020-11-17,0.547
2020-11-18,0.542
2020-11-19,0.537
2020-11-20,0.533
2020-11-21,0.528
2020-11-22,0.523
2020-11-23,0.519
2020-11-24,0.514
2020-11-25,0.510
2020-11-26,0.505
2020-11-27,0.501
2020-11-28,0.497
2020-11-29,0.492
2020-11-30,0.488
2020-12-01,0.484
2020-12-02,0.480
2020-12-03,0.476
2020-12-04,0.472
2020-12-05,0.468
2020-12-06,0.465
2020-12-07,0.461
2020-12-08,0.458
2020-12-09,0.454
2020-12-10,0.451
2020-12-11,0.447
2020-12-12,0.444
2020-12-13,0.441
2020-12-14,0.438
2020-12-15,0.435
2020-12-16,0.432
2020-12-17,0.430
2020-12-18,0.427
2020-12-19,0.425
2020-12-20,0.422
2020-12-21,0.420
2020-12-22,0.418
2020-12-23,0.416
2020-12-24,0.414
2020-12-25,0.412
2020-12-26,0.411
2020-12-27,0.409
2020-12-28,0.408
2020-12-29,0.406
2020-12-30,0.405
2020-12-31,0.404
2021-01-01,0.816
2021-01-02,0.821
2021-01-03,0.826
2021-01-04,0.831
2021-01-05,0.836
2021-01-06,0.841
2021-01-07,0.846
2021-01-08,0.851
2021-01-09,0.856
2021-01-10,0.862
2021-01-11,0.867
2021-01-12,0.873
2021-01-13,0.878
2021-01-14,0.884
2021-01-15,0.890
2021-01-16,0.895
2021-01-17,0.901
2021-01-18,0.907
2021-01-19,0.913
2021-01-20,0.919
2021-01-21,0.925
2021-01-22,0.931
2021-01-23,0.937
2021-01-24,0.943
2021-01-25,0.949
2021-01-26,0.955
2021-01-27,0.961
2021-01-28,0.968
2021-01-29,0.974
2021-01-30,0.981
2021-01-31,0.987
2021-02-01,0.994
2021-02-02,1.000
2021-02-03,1.007
2021-02-04,1.013
2021-02-05,1.020
2021-02-06,1.027
2021-02-07,1.033
2021-02-08,1.040
2021-02-09,1.047
2021-02-10,1.054
2021-02-11,1.061
2021-02-12,1.068
2021-02-13,1.075
2021-02-14,1.081
2021-02-15,1.088
2021-02-16,1.095
2021-02-17,1.103
2021-02-18,1.110
2021-02-19,1.117
2021-02-20,1.124
2021-02-21,1.131
2021-02-22,1.138
2021-02-23,1.145
2021-02-24,1.153
2021-02-25,1.160
2021-02-26,1.167
2021-02-27,1.174
2021-02-28,1.182
2021-03-01,1.189
2021-03-02,1.196
2021-03-03,1.203
2021-03-04,1.211
2021-03-05,1.218
2021-03-06,1.225
2021-03-07,1.233
2021-03-08,1.240
2021-03-09,1.248
2021-03-10,1.255
2021-03-11,1.262
2021-03-12,1.270
2021-03-13,1.277
2021-03-14,1.284
2021-03-15,1.292
2021-03-16,1.299
2021-03-17,1.306
2021-03-18,1.314
2021-03-19,1.321
2021-03-20,1.328
2021-03-21,1.336
2021-03-22,1.343
2021-03-23,1.350
2021-03-24,1.358
2021-03-25,1.365
2021-03-26,1.372
2021-03-27,1.379
2021-03-28,1.387
2021-03-29,1.394
2021-03-30,1.401
2021-03-31,1.408
2021-04-01,1.415
2021-04-02,1.423
2021-04-03,1.430
2021-04-04,1.437
2021-04-05,1.444
2021-04-06,1.451
2021-04-07,1.458
2021-04-08,1.465
2021-04-09,1.472
2021-04-10,1.479
2021-04-11,1.485
2021-04-12,1.492
2021-04-13,1.499
2021-04-14,1.506
2021-04-15,1.513
2021-04-16,1.519
2021-04-17,1.526
2021-04-18,1.533
2021-04-19,1.539
2021-04-20,1.546
2021-04-21,1.552
2021-04-22,1.559
2021-04-23,1.565
2021-04-24,1.571
2021-04-25,1.578
2021-04-26,1.584
2021-04-27,1.590
2021-04-28,1.596
2021-04-29,1.602
2021-04-30,1.609
2021-05-01,1.615
2021-05-02,1.621
2021-05-03,1.626
2021-05-04,1.632
2021-05-05,1.638
2021-05-06,1.644
2021-05-07,1.650
2021-05-08,1.655
2021-05-09,1.661
2021-05-10,1.666
2021-05-11,1.672
2021-05-12,1.677
2021-05-13,1.683
2021-05-14,1.688
2021-05-15,1.693
2021-05-16,1.698
2021-05-17,1.703
2021-05-18,1.709
2021-05-19,1.713
2021-05-20,1.718
2021-05-21,1.723
2021-05-22,1.728
2021-05-23,1.733
2021-05-24,1.738
2021-05-25,1.742
2021-05-26,1.747
2021-05-27,1.751
2021-05-28,1.756
2021-05-29,1.760
2021-05-30,1.764
2021-05-31,1.768
2021-06-01,1.773
2021-06-02,1.777
2021-06-03,1.781
2021-06-04,1.785
2021-06-05,1.788
2021-06-06,1.792
2021-06-07,1.796
2021-06-08,1.800
2021-06-09,1.803
2021-06-10,1.807
2021-06-11,1.810
2021-06-12,1.814
2021-06-13,1.817
2021-06-14,1.820
2021-06-15,1.823
2021-06-16,1.826
2021-06-17,1.829
2021-06-18,1.832
2021-06-19,1.835
2021-06-20,1.838
2021-06-21,1.841
2021-06-22,1.844
2021-06-23,1.846
2021-06-24,1.849
2021-06-25,1.851
2021-06-26,1.854
2021-06-27,1.856
2021-06-28,1.858
2021-06-29,1.861
2021-06-30,1.863
2021-07-01,1.865
2021-07-02,1.867
2021-07-03,1.869
2021-07-04,1.871
2021-07-05,1.872
2021-07-06,1.874
2021-07-07,1.876
2021-07-08,1.877
2021-07-09,1.879
2021-07-10,1.881
2021-07-11,1.882
2021-07-12,1.883
2021-07-13,1.885
2021-07-14,1.886
2021-07-15,1.887
2021-07-16,1.888
2021-07-17,1.889
2021-07-18,1.890
2021-07-19,1.891
2021-07-20,1.892
2021-07-21,1.893
2021-07-22,1.894
2021-07-23,1.894
2021-07-24,1.895
2021-07-25,1.896
2021-07-26,1.896
2021-07-27,1.897
2021-07-28,1.897
2021-07-29,1.898
2021-07-30,1.898
2021-07-31,1.898
2021-08-01,1.898
2021-08-02,1.899
2021-08-03,1.899
2021-08-04,1.899
2021-08-05,1.899
2021-08-06,1.899
2021-08-07,1.899
2021-08-08,1.899
2021-08-09,1.899
2021-08-10,1.899
2021-08-11,1.898
2021-08-12,1.898
2021-08-13,1.898
2021-08-14,1.897
2021-08-15,1.897
2021-08-16,1.897
2021-08-17,1.896
2021-08-18,1.896
2021-08-19,1.895
2021-08-20,1.895
2021-08-21,1.894
2021-08-22,1.894
2021-08-23,1.893
2021-08-24,1.892
2021-08-25,1.892
2021-08-26,1.891
2021-08-27,1.890
2021-08-28,1.890
2021-08-29,1.889
2021-08-30,1.888
2021-08-31,1.887
2021-09-01,1.886
2021-09-02,1.886
2021-09-03,1.885
2021-09-04,1.884
2021-09-05,1.883
2021-09-06,1.882
2021-09-07,1.881
2021-09-08,1.880
2021-09-09,1.879
2021-09-10,1.878
2021-09-11,1.877
2021-09-12,1.877
2021-09-13,1.876
2021-09-14,1.875
2021-09-15,1.874
2021-09-16,1.873
2021-09-17,1.872
2021-09-18,1.871
2021-09-19,1.870
2021-09-20,1.869
2021-09-21,1.868
2021-09-22,1.867
2021-09-23,1.866
2021-09-24,1.865
2021-09-25,1.864
2021-09-26,1.863
2021-09-27,1.862
2021-09-28,1.861
2021-09-29,1.860
2021-09-30,1.860
2021-10-01,1.859
2021-10-02,1.858
2021-10-03,1.857
2021-10-04,1.856
2021-10-05,1.856
2021-10-06,1.855
2021-10-07,1.854
2021-10-08,1.853
2021-10-09,1.853
2021-10-10,1.852
2021-10-11,1.851
2021-10-12,1.851
2021-10-13,1.850
2021-10-14,1.850
2021-10-15,1.849
2021-10-16,1.849
2021-10-17,1.848
2021-10-18,1.848
2021-10-19,1.847
2021-10-20,1.847
2021-10-21,1.847
2021-10-22,1.846
2021-10-23,1.846
2021-10-24,1.846
2021-10-25,1.846
2021-10-26,1.846
2021-10-27,1.846
2021-10-28,1.846
2021-10-29,1.846
2021-10-30,1.846
2021-10-31,1.846
2021-11-01,1.846
2021-11-02,1.846
2021-11-03,1.846
2021-11-04,1.847
2021-11-05,1.847
2021-11-06,1.847
2021-11-07,1.848
2021-11-08,1.848
2021-11-09,1.849
2021-11-10,1.850
2021-11-11,1.850
2021-11-12,1.851
2021-11-13,1.852
2021-11-14,1.853
2021-11-15,1.853
2021-11-16,1.854
2021-11-17,1.855
2021-11-18,1.856
2021-11-19,1.858
2021-11-20,1.859
2021-11-21,1.860
2021-11-22,1.861
2021-11-23,1.863
2021-11-24,1.864
2021-11-25,1.866
2021-11-26,1.867
2021-11-27,1.869
2021-11-28,1.871
2021-11-29,1.872
2021-11-30,1.874
2021-12-01,1.876
2021-12-02,1.878
2021-12-03,1.880
2021-12-04,1.882
2021-12-05,1.884
2021-12-06,1.886
2021-12-07,1.889
2021-12-08,1.891
2021-12-09,1.893
2021-12-10,1.896
2021-12-11,1.899
2021-12-12,1.901
2021-12-13,1.904
2021-12-14,1.907
2021-12-15,1.909
2021-12-16,1.912
2021-12-17,1.915
2021-12-18,1.918
2021-12-19,1.922
2021-12-20,1.925
2021-12-21,1.928
2021-12-22,1.931
2021-12-23,1.935
2021-12-24,1.938
2021-12-25,1.942
2021-12-26,1.945
2021-12-27,1.949
2021-12-28,1.953
2021-12-29,1.957
2021-12-30,1.960
2021-12-31,1.964
2022-01-01,1.968
2022-01-02,1.972
2022-01-03,1.977
2022-01-04,1.981
2022-01-05,1.985
2022-01-06,1.989
2022-01-07,1.994
2022-01-08,1.998
2022-01-09,2.003
2022-01-10,2.008
2022-01-11,2.012
2022-01-12,2.017
2022-01-13,2.022
2022-01-14,2.027
2022-01-15,2.032
2022-01-16,2.037
2022-01-17,2.042
2022-01-18,2.047
2022-01-19,2.052
2022-01-20,2.057
2022-01-21,2.062
2022-01-22,2.068
2022-01-23,2.073
2022-01-24,2.079
2022-01-25,2.084
2022-01-26,2.090
2022-01-27,2.096
2022-01-28,2.101
2022-01-29,2.107
2022-01-30,2.113
2022-01-31,2.119
2022-02-01,2.125
2022-02-02,2.131
2022-02-03,2.137
2022-02-04,2.143
2022-02-05,2.149
2022-02-06,2.155
2022-02-07,2.161
2022-02-08,2.168
2022-02-09,2.174
2022-02-10,2.180
2022-02-11,2.187
2022-02-12,2.193
2022-02-13,2.200
2022-02-14,2.206
2022-02-15,2.213
2022-02-16,2.219
2022-02-17,2.226
2022-02-18,2.233
2022-02-19,2.239
2022-02-20,2.246
2022-02-21,2.253
2022-02-22,2.260
2022-02-23,2.267
2022-02-24,2.274
2022-02-25,2.281
2022-02-26,2.288
2022-02-27,2.295
2022-02-28,2.302
2022-03-01,2.309
2022-03-02,2.316
2022-03-03,2.323
2022-03-04,2.330
2022-03-05,2.337
2022-03-06,2.344
2022-03-07,2.351
2022-03-08,2.359
2022-03-09,2.366
2022-03-10,2.373
2022-03-11,2.380
2022-03-12,2.388
2022-03-13,2.395
2022-03-14,2.402
2022-03-15,2.410
2022-03-16,2.417
2022-03-17,2.424
2022-03-18,2.432
2022-03-19,2.439
2022-03-20,2.446
2022-03-21,2.454
2022-03-22,2.461
2022-03-23,2.468
2022-03-24,2.476
2022-03-25,2.483
2022-03-26,2.490
2022-03-27,2.498
2022-03-28,2.505
2022-03-29,2.512
2022-03-30,2.520
2022-03-31,2.527
2022-04-01,2.535
2022-04-02,2.542
2022-04-03,2.549
2022-04-04,2.556
2022-04-05,2.564
2022-04-06,2.571
2022-04-07,2.578
2022-04-08,2.586
2022-04-09,2.593
2022-04-10,2.600
2022-04-11,2.607
2022-04-12,2.614
2022-04-13,2.621
2022-04-14,2.629
2022-04-15,2.636
2022-04-16,2.643
2022-04-17,2.650
2022-04-18,2.657
2022-04-19,2.664
2022-04-20,2.671
2022-04-21,2.678
2022-04-22,2.685
2022-04-23,2.691
2022-04-24,2.698
2022-04-25,2.705
2022-04-26,2.712
2022-04-27,2.719
2022-04-28,2.725
2022-04-29,2.732
2022-04-30,2.739
2022-05-01,2.745
2022-05-02,2.752
2022-05-03,2.758
2022-05-04,2.765
2022-05-05,2.771
2022-05-06,2.777
2022-05-07,2.784
2022-05-08,2.790
2022-05-09,2.796
2022-05-10,2.802
2022-05-11,2.809
2022-05-12,2.815
2022-05-13,2.821
2022-05-14,2.827
2022-05-15,2.832
2022-05-16,2.838
2022-05-17,2.844
2022-05-18,2.850
2022-05-19,2.856
2022-05-20,2.861
2022-05-21,2.867
2022-05-22,2.872
2022-05-23,2.878
2022-05-24,2.883
2022-05-25,2.889
2022-05-26,2.894
2022-05-27,2.899
2022-05-28,2.904
2022-05-29,2.909
2022-05-30,2.915
2022-05-31,2.920
2022-06-01,2.924
2022-06-02,2.929
2022-06-03,2.934
2022-06-04,2.939
2022-06-05,2.944
2022-06-06,2.948
2022-06-07,2.953
2022-06-08,2.957
2022-06-09,2.962
2022-06-10,2.966
2022-06-11,2.970
2022-06-12,2.974
2022-06-13,2.979
2022-06-14,2.983
2022-06-15,2.987
2022-06-16,2.991
2022-06-17,2.994
2022-06-18,2.998
2022-06-19,3.002
2022-06-20,3.006
2022-06-21,3.009
2022-06-22,3.013
2022-06-23,3.016
2022-06-24,3.020
2022-06-25,3.023
2022-06-26,3.026
2022-06-27,3.029
2022-06-28,3.032
2022-06-29,3.035
2022-06-30,3.038
2022-07-01,3.041
2022-07-02,3.044
2022-07-03,3.047
2022-07-04,3.050
2022-07-05,3.052
2022-07-06,3.055
2022-07-07,3.057
2022-07-08,3.060
2022-07-09,3.062
2022-07-10,3.064
2022-07-11,3.067
2022-07-12,3.069
2022-07-13,3.071
2022-07-14,3.073
2022-07-15,3.075
2022-07-16,3.077
2022-07-17,3.078
2022-07-18,3.080
2022-07-19,3.082
2022-07-20,3.083
2022-07-21,3.085
2022-07-22,3.087
2022-07-23,3.088
2022-07-24,3.089
2022-07-25,3.091
2022-07-26,3.092
2022-07-27,3.093
2022-07-28,3.094
2022-07-29,3.095
2022-07-30,3.096
2022-07-31,3.097
2022-08-01,3.098
2022-08-02,3.099
2022-08-03,3.100
2022-08-04,3.100
2022-08-05,3.101
2022-08-06,3.102
2022-08-07,3.102
2022-08-08,3.103
2022-08-09,3.103
2022-08-10,3.104
2022-08-11,3.104
2022-08-12,3.104
2022-08-13,3.104
2022-08-14,3.105
2022-08-15,3.105
2022-08-16,3.105
2022-08-17,3.105
2022-08-18,3.105
2022-08-19,3.105
2022-08-20,3.105
2022-08-21,3.105
2022-08-22,3.105
2022-08-23,3.104
2022-08-24,3.104
2022-08-25,3.104
2022-08-26,3.103
2022-08-27,3.103
2022-08-28,3.103
2022-08-29,3.102
2022-08-30,3.102
2022-08-31,3.101
2022-09-01,3.101
2022-09-02,3.100
2022-09-03,3.100
2022-09-04,3.099
2022-09-05,3.098
2022-09-06,3.098
2022-09-07,3.097
2022-09-08,3.096
2022-09-09,3.096
2022-09-10,3.095
2022-09-11,3.094
2022-09-12,3.093
2022-09-13,3.092
2022-09-14,3.092
2022-09-15,3.091
2022-09-16,3.090
2022-09-17,3.089
2022-09-18,3.088
2022-09-19,3.087
2022-09-20,3.086
2022-09-21,3.085
2022-09-22,3.084
2022-09-23,3.083
2022-09-24,3.082
2022-09-25,3.082
2022-09-26,3.081
2022-09-27,3.080
2022-09-28,3.079
2022-09-29,3.078
2022-09-30,3.077
2022-10-01,3.076
2022-10-02,3.075
2022-10-03,3.074
2022-10-04,3.073
2022-10-05,3.072
2022-10-06,3.071
2022-10-07,3.070
2022-10-08,3.069
2022-10-09,3.068
2022-10-10,3.067
2022-10-11,3.066
2022-10-12,3.066
2022-10-13,3.065
2022-10-14,3.064
2022-10-15,3.063
2022-10-16,3.062
2022-10-17,3.061
2022-10-18,3.061
2022-10-19,3.060
2022-10-20,3.059
2022-10-21,3.059
2022-10-22,3.058
2022-10-23,3.057
2022-10-24,3.057
2022-10-25,3.056
2022-10-26,3.056
2022-10-27,3.055
2022-10-28,3.055
2022-10-29,3.054
2022-10-30,3.054
2022-10-31,3.053
2022-11-01,3.053
2022-11-02,3.053
2022-11-03,3.052
2022-11-04,3.052
2022-11-05,3.052
2022-11-06,3.052
2022-11-07,3.052
2022-11-08,3.052
2022-11-09,3.052
2022-11-10,3.052
2022-11-11,3.052
2022-11-12,3.052
2022-11-13,3.052
2022-11-14,3.052
2022-11-15,3.052
2022-11-16,3.053
2022-11-17,3.053
2022-11-18,3.053
2022-11-19,3.054
2022-11-20,3.054
2022-11-21,3.055
2022-11-22,3.055
2022-11-23,3.056
2022-11-24,3.057
2022-11-25,3.058
2022-11-26,3.058
2022-11-27,3.059
2022-11-28,3.060
2022-11-29,3.061
2022-11-30,3.062
2022-12-01,3.064
2022-12-02,3.065
2022-12-03,3.066
2022-12-04,3.067
2022-12-05,3.069
2022-12-06,3.070
2022-12-07,3.072
2022-12-08,3.073
2022-12-09,3.075
2022-12-10,3.077
2022-12-11,3.078
2022-12-12,3.080
2022-12-13,3.082
2022-12-14,3.084
2022-12-15,3.086
2022-12-16,3.088
2022-12-17,3.090
2022-12-18,3.092
2022-12-19,3.095
2022-12-20,3.097
2022-12-21,3.100
2022-12-22,3.102
2022-12-23,3.105
2022-12-24,3.107
2022-12-25,3.110
2022-12-26,3.113
2022-12-27,3.116
2022-12-28,3.118
2022-12-29,3.121
2022-12-30,3.124
2022-12-31,3.128
2023-01-01,3.131
2023-01-02,3.134
2023-01-03,3.137
2023-01-04,3.141
2023-01-05,3.144
2023-01-06,3.148
2023-01-07,3.151
2023-01-08,3.155
2023-01-09,3.159
2023-01-10,3.163
2023-01-11,3.166
2023-01-12,3.170
2023-01-13,3.174
2023-01-14,3.178
2023-01-15,3.183
2023-01-16,3.187
2023-01-17,3.191
2023-01-18,3.195
2023-01-19,3.200
2023-01-20,3.204
2023-01-21,3.209
2023-01-22,3.214
2023-01-23,3.218
2023-01-24,3.223
2023-01-25,3.228
2023-01-26,3.233
2023-01-27,3.238
2023-01-28,3.243
2023-01-29,3.248
2023-01-30,3.253
2023-01-31,3.258
2023-02-01,3.263
2023-02-02,3.269
2023-02-03,3.274
2023-02-04,3.279
2023-02-05,3.285
2023-02-06,3.290
2023-02-07,3.296
2023-02-08,3.302
2023-02-09,3.307
2023-02-10,3.313
2023-02-11,3.319
2023-02-12,3.325
2023-02-13,3.331
2023-02-14,3.337
2023-02-15,3.343
2023-02-16,3.349
2023-02-17,3.355
2023-02-18,3.361
2023-02-19,3.367
2023-02-20,3.374
2023-02-21,3.380
2023-02-22,3.386
2023-02-23,3.393
2023-02-24,3.399
2023-02-25,3.406
2023-02-26,3.412
2023-02-27,3.419
2023-02-28,3.425
2023-03-01,3.432
2023-03-02,3.439
2023-03-03,3.445
2023-03-04,3.452
2023-03-05,3.459
2023-03-06,3.466
2023-03-07,3.473
2023-03-08,3.480
2023-03-09,3.487
2023-03-10,3.494
2023-03-11,3.501
2023-03-12,3.508
2023-03-13,3.515
2023-03-14,3.522
2023-03-15,3.529
2023-03-16,3.536
2023-03-17,3.543
2023-03-18,3.550
2023-03-19,3.557
2023-03-20,3.565
2023-03-21,3.572
2023-03-22,3.579
2023-03-23,3.586
2023-03-24,3.594
2023-03-25,3.601
2023-03-26,3.608
2023-03-27,3.616
2023-03-28,3.623
2023-03-29,3.630
2023-03-30,3.638
2023-03-31,3.645
2023-04-01,3.652
2023-04-02,3.660
2023-04-03,3.667
2023-04-04,3.674
2023-04-05,3.682
2023-04-06,3.689
2023-04-07,3.696
2023-04-08,3.704
2023-04-09,3.711
2023-04-10,3.719
2023-04-11,3.726
2023-04-12,3.733
2023-04-13,3.741
2023-04-14,3.748
2023-04-15,3.755
2023-04-16,3.763
2023-04-17,3.770
2023-04-18,3.777
2023-04-19,3.784
2023-04-20,3.792
2023-04-21,3.799
2023-04-22,3.806
2023-04-23,3.813
2023-04-24,3.820
2023-04-25,3.828
2023-04-26,3.835
2023-04-27,3.842
2023-04-28,3.849
2023-04-29,3.856
2023-04-30,3.863
2023-05-01,3.870
2023-05-02,3.877
2023-05-03,3.884
2023-05-04,3.891
2023-05-05,3.898
2023-05-06,3.904
2023-05-07,3.911
2023-05-08,3.918
2023-05-09,3.925
2023-05-10,3.931
2023-05-11,3.938
2023-05-12,3.945
2023-05-13,3.951
2023-05-14,3.958
2023-05-15,3.964
2023-05-16,3.971
2023-05-17,3.977
2023-05-18,3.983
2023-05-19,3.990
2023-05-20,3.996
2023-05-21,4.002
2023-05-22,4.008
2023-05-23,4.015
2023-05-24,4.021
2023-05-25,4.027
2023-05-26,4.033
2023-05-27,4.039
2023-05-28,4.044
2023-05-29,4.050
2023-05-30,4.056
2023-05-31,4.062
2023-06-01,4.067
2023-06-02,4.073
2023-06-03,4.078
2023-06-04,4.084
2023-06-05,4.089
2023-06-06,4.095
2023-06-07,4.100
2023-06-08,4.105
2023-06-09,4.110
2023-06-10,4.116
2023-06-11,4.121
2023-06-12,4.126
2023-06-13,4.130
2023-06-14,4.135
2023-06-15,4.140
2023-06-16,4.145
2023-06-17,4.150
2023-06-18,4.154
2023-06-19,4.159
2023-06-20,4.163
2023-06-21,4.168
2023-06-22,4.172
2023-06-23,4.176
2023-06-24,4.180
2023-06-25,4.185
2023-06-26,4.189
2023-06-27,4.193
2023-06-28,4.197
2023-06-29,4.200
2023-06-30,4.204
2023-07-01,4.208
2023-07-02,4.212
2023-07-03,4.215
2023-07-04,4.219
2023-07-05,4.222
2023-07-06,4.226
2023-07-07,4.229
2023-07-08,4.232
2023-07-09,4.235
2023-07-10,4.238
2023-07-11,4.241
2023-07-12,4.244
2023-07-13,4.247
2023-07-14,4.250
2023-07-15,4.253
2023-07-16,4.256
2023-07-17,4.258
2023-07-18,4.261
2023-07-19,4.263
2023-07-20,4.266
2023-07-21,4.268
2023-07-22,4.270
2023-07-23,4.273
2023-07-24,4.275
2023-07-25,4.277
2023-07-26,4.279
2023-07-27,4.281
2023-07-28,4.283
2023-07-29,4.284
2023-07-30,4.286
2023-07-31,4.288
2023-08-01,4.289
2023-08-02,4.291
2023-08-03,4.293
2023-08-04,4.294
2023-08-05,4.295
2023-08-06,4.297
2023-08-07,4.298
2023-08-08,4.299
2023-08-09,4.300
2023-08-10,4.301
2023-08-11,4.302
2023-08-12,4.303
2023-08-13,4.304
2023-08-14,4.305
2023-08-15,4.306
2023-08-16,4.306
2023-08-17,4.307
2023-08-18,4.308
2023-08-19,4.308
2023-08-20,4.309
2023-08-21,4.309
2023-08-22,4.310
2023-08-23,4.310
2023-08-24,4.310
2023-08-25,4.310
2023-08-26,4.311
2023-08-27,4.311
2023-08-28,4.311
2023-08-29,4.311
2023-08-30,4.311
2023-08-31,4.311
2023-09-01,4.311
2023-09-02,4.311
2023-09-03,4.311
2023-09-04,4.310
2023-09-05,4.310
2023-09-06,4.310
2023-09-07,4.309
2023-09-08,4.309
2023-09-09,4.309
2023-09-10,4.308
2023-09-11,4.308
2023-09-12,4.307
2023-09-13,4.307
2023-09-14,4.306
2023-09-15,4.306
2023-09-16,4.305
2023-09-17,4.304
2023-09-18,4.304
2023-09-19,4.303
2023-09-20,4.302
2023-09-21,4.302
2023-09-22,4.301
2023-09-23,4.300
2023-09-24,4.299
2023-09-25,4.298
2023-09-26,4.298
2023-09-27,4.297
2023-09-28,4.296
2023-09-29,4.295
2023-09-30,4.294
2023-10-01,4.293
2023-10-02,4.292
2023-10-03,4.291
2023-10-04,4.290
2023-10-05,4.289
2023-10-06,4.288
2023-10-07,4.288
2023-10-08,4.287
2023-10-09,4.286
2023-10-10,4.285
2023-10-11,4.284
2023-10-12,4.283
2023-10-13,4.282
2023-10-14,4.281
2023-10-15,4.280
2023-10-16,4.279
2023-10-17,4.278
2023-10-18,4.277
2023-10-19,4.276
2023-10-20,4.275
2023-10-21,4.274
2023-10-22,4.273
2023-10-23,4.272
2023-10-24,4.272
2023-10-25,4.271
2023-10-26,4.270
2023-10-27,4.269
2023-10-28,4.268
2023-10-29,4.267
2023-10-30,4.267
2023-10-31,4.266
2023-11-01,4.265
2023-11-02,4.265
2023-11-03,4.264
2023-11-04,4.263
2023-11-05,4.263
2023-11-06,4.262
2023-11-07,4.262
2023-11-08,4.261
2023-11-09,4.261
2023-11-10,4.260
2023-11-11,4.260
2023-11-12,4.259
2023-11-13,4.259
2023-11-14,4.259
2023-11-15,4.258
2023-11-16,4.258
2023-11-17,4.258
2023-11-18,4.258
2023-11-19,4.258
2023-11-20,4.258
2023-11-21,4.258
2023-11-22,4.258
2023-11-23,4.258
2023-11-24,4.258
2023-11-25,4.258
2023-11-26,4.258
2023-11-27,4.258
2023-11-28,4.259
2023-11-29,4.259
2023-11-30,4.259
2023-12-01,4.260
2023-12-02,4.260
2023-12-03,4.261
2023-12-04,4.261
2023-12-05,4.262
2023-12-06,4.263
2023-12-07,4.264
2023-12-08,4.264
2023-12-09,4.265
2023-12-10,4.266
2023-12-11,4.267
2023-12-12,4.268
2023-12-13,4.270
2023-12-14,4.271
2023-12-15,4.272
2023-12-16,4.273
2023-12-17,4.275
2023-12-18,4.276
2023-12-19,4.278
2023-12-20,4.279
2023-12-21,4.281
2023-12-22,4.283
2023-12-23,4.284
2023-12-24,4.286
2023-12-25,4.288
2023-12-26,4.290
2023-12-27,4.292
2023-12-28,4.294
2023-12-29,4.296
2023-12-30,4.298
2023-12-31,4.301
2024-01-01,4.516
2024-01-02,4.516
2024-01-03,4.516
2024-01-04,4.516
2024-01-05,4.515
2024-01-06,4.515
2024-01-07,4.515
2024-01-08,4.514
2024-01-09,4.514
2024-01-10,4.514
2024-01-11,4.513
2024-01-12,4.513
2024-01-13,4.513
2024-01-14,4.512
2024-01-15,4.512
2024-01-16,4.512
2024-01-17,4.511
2024-01-18,4.511
2024-01-19,4.510
2024-01-20,4.510
2024-01-21,4.510
2024-01-22,4.509
2024-01-23,4.509
2024-01-24,4.508
2024-01-25,4.508
2024-01-26,4.507
2024-01-27,4.507
2024-01-28,4.506
2024-01-29,4.506
2024-01-30,4.505
2024-01-31,4.505
2024-02-01,4.504
2024-02-02,4.503
2024-02-03,4.503
2024-02-04,4.502
2024-02-05,4.502
2024-02-06,4.501
2024-02-07,4.501
2024-02-08,4.500
2024-02-09,4.499
2024-02-10,4.499
2024-02-11,4.498
2024-02-12,4.497
2024-02-13,4.497
2024-02-14,4.496
2024-02-15,4.495
2024-02-16,4.495
2024-02-17,4.494
2024-02-18,4.493
2024-02-19,4.493
2024-02-20,4.492
2024-02-21,4.491
2024-02-22,4.490
2024-02-23,4.490
2024-02-24,4.489
2024-02-25,4.488
2024-02-26,4.487
2024-02-27,4.486
2024-02-28,4.486
2024-02-29,4.485
2024-03-01,4.484
2024-03-02,4.483
2024-03-03,4.482
2024-03-04,4.481
2024-03-05,4.481
2024-03-06,4.480
2024-03-07,4.479
2024-03-08,4.478
2024-03-09,4.477
2024-03-10,4.476
2024-03-11,4.475
2024-03-12,4.474
2024-03-13,4.473
2024-03-14,4.473
2024-03-15,4.472
2024-03-16,4.471
2024-03-17,4.470
2024-03-18,4.469
2024-03-19,4.468
2024-03-20,4.467
2024-03-21,4.466
2024-03-22,4.465
2024-03-23,4.464
2024-03-24,4.463
2024-03-25,4.462
2024-03-26,4.461
2024-03-27,4.460
2024-03-28,4.459
2024-03-29,4.458
2024-03-30,4.457
2024-03-31,4.456
2024-04-01,4.454
2024-04-02,4.453
2024-04-03,4.452
2024-04-04,4.451
2024-04-05,4.450
2024-04-06,4.449
2024-04-07,4.448
2024-04-08,4.447
2024-04-09,4.446
2024-04-10,4.445
2024-04-11,4.443
2024-04-12,4.442
2024-04-13,4.441
2024-04-14,4.440
2024-04-15,4.439
2024-04-16,4.438
2024-04-17,4.436
2024-04-18,4.435
2024-04-19,4.434
2024-04-20,4.433
2024-04-21,4.432
2024-04-22,4.431
2024-04-23,4.429
2024-04-24,4.428
2024-04-25,4.427
2024-04-26,4.426
2024-04-27,4.424
2024-04-28,4.423
2024-04-29,4.422
2024-04-30,4.421
2024-05-01,4.419
2024-05-02,4.418
2024-05-03,4.417
2024-05-04,4.416
2024-05-05,4.414
2024-05-06,4.413
2024-05-07,4.412
2024-05-08,4.411
2024-05-09,4.409
2024-05-10,4.408
2024-05-11,4.407
2024-05-12,4.405
2024-05-13,4.404
2024-05-14,4.403
2024-05-15,4.402
2024-05-16,4.400
2024-05-17,4.399
2024-05-18,4.398
2024-05-19,4.396
2024-05-20,4.395
2024-05-21,4.394
2024-05-22,4.392
2024-05-23,4.391
2024-05-24,4.390
2024-05-25,4.388
2024-05-26,4.387
2024-05-27,4.386
2024-05-28,4.384
2024-05-29,4.383
2024-05-30,4.382
2024-05-31,4.380
2024-06-01,4.379
2024-06-02,4.378
2024-06-03,4.376
2024-06-04,4.375
2024-06-05,4.374
2024-06-06,4.372
2024-06-07,4.371
2024-06-08,4.370
2024-06-09,4.368
2024-06-10,4.367
2024-06-11,4.366
2024-06-12,4.364
2024-06-13,4.363
2024-06-14,4.361
2024-06-15,4.360
2024-06-16,4.359
2024-06-17,4.357
2024-06-18,4.356
2024-06-19,4.355
2024-06-20,4.353
2024-06-21,4.352
2024-06-22,4.351
2024-06-23,4.349
2024-06-24,4.348
2024-06-25,4.346
2024-06-26,4.345
2024-06-27,4.344
2024-06-28,4.342
2024-06-29,4.341
2024-06-30,4.340
2024-07-01,4.338
2024-07-02,4.337
2024-07-03,4.336
2024-07-04,4.334
2024-07-05,4.333
2024-07-06,4.332
2024-07-07,4.330
2024-07-08,4.329
2024-07-09,4.328
2024-07-10,4.326
2024-07-11,4.325
2024-07-12,4.324
2024-07-13,4.322
2024-07-14,4.321
2024-07-15,4.320
2024-07-16,4.318
2024-07-17,4.317
2024-07-18,4.316
2024-07-19,4.314
2024-07-20,4.313
2024-07-21,4.312
2024-07-22,4.310
2024-07-23,4.309
2024-07-24,4.308
2024-07-25,4.307
2024-07-26,4.305
2024-07-27,4.304
2024-07-28,4.303
2024-07-29,4.301
2024-07-30,4.300
2024-07-31,4.299
2024-08-01,4.298
2024-08-02,4.296
2024-08-03,4.295
2024-08-04,4.294
2024-08-05,4.293
2024-08-06,4.291
2024-08-07,4.290
2024-08-08,4.289
2024-08-09,4.288
2024-08-10,4.286
2024-08-11,4.285
2024-08-12,4.284
2024-08-13,4.283
2024-08-14,4.282
2024-08-15,4.280
2024-08-16,4.279
2024-08-17,4.278
2024-08-18,4.277
2024-08-19,4.276
2024-08-20,4.274
2024-08-21,4.273
2024-08-22,4.272
2024-08-23,4.271
2024-08-24,4.270
2024-08-25,4.269
2024-08-26,4.268
2024-08-27,4.266
2024-08-28,4.265
2024-08-29,4.264
2024-08-30,4.263
2024-08-31,4.262
2024-09-01,4.261
2024-09-02,4.260
2024-09-03,4.259
2024-09-04,4.258
2024-09-05,4.257
2024-09-06,4.256
2024-09-07,4.254
2024-09-08,4.253
2024-09-09,4.252
2024-09-10,4.251
2024-09-11,4.250
2024-09-12,4.249
2024-09-13,4.248
2024-09-14,4.247
2024-09-15,4.246
2024-09-16,4.245
2024-09-17,4.244
2024-09-18,4.243
2024-09-19,4.242
2024-09-20,4.242
2024-09-21,4.241
2024-09-22,4.240
2024-09-23,4.239
2024-09-24,4.238
2024-09-25,4.237
2024-09-26,4.236
2024-09-27,4.235
2024-09-28,4.234
2024-09-29,4.233
2024-09-30,4.232
2024-10-01,4.232
2024-10-02,4.231
2024-10-03,4.230
2024-10-04,4.229
2024-10-05,4.228
2024-10-06,4.227
2024-10-07,4.227
2024-10-08,4.226
2024-10-09,4.225
2024-10-10,4.224
2024-10-11,4.223
2024-10-12,4.223
2024-10-13,4.222
2024-10-14,4.221
2024-10-15,4.220
2024-10-16,4.220
2024-10-17,4.219
2024-10-18,4.218
2024-10-19,4.218
2024-10-20,4.217
2024-10-21,4.216
2024-10-22,4.216
2024-10-23,4.215
2024-10-24,4.214
2024-10-25,4.214
2024-10-26,4.213
2024-10-27,4.212
2024-10-28,4.212
2024-10-29,4.211
2024-10-30,4.211
2024-10-31,4.210
2024-11-01,4.209
2024-11-02,4.209
2024-11-03,4.208
2024-11-04,4.208
2024-11-05,4.207
2024-11-06,4.207
2024-11-07,4.206
2024-11-08,4.206
2024-11-09,4.205
2024-11-10,4.205
2024-11-11,4.204
2024-11-12,4.204
2024-11-13,4.203
2024-11-14,4.203
2024-11-15,4.202
2024-11-16,4.202
2024-11-17,4.202
2024-11-18,4.201
2024-11-19,4.201
2024-11-20,4.200
2024-11-21,4.200
2024-11-22,4.200
2024-11-23,4.199
2024-11-24,4.199
2024-11-25,4.199
2024-11-26,4.198
2024-11-27,4.198
2024-11-28,4.198
2024-11-29,4.197
2024-11-30,4.197
2024-12-01,4.197
2024-12-02,4.197
2024-12-03,4.196
2024-12-04,4.196
2024-12-05,4.196
2024-12-06,4.196
2024-12-07,4.195
2024-12-08,4.195
2024-12-09,4.195
2024-12-10,4.195
2024-12-11,4.195
2024-12-12,4.195
2024-12-13,4.194
2024-12-14,4.194
2024-12-15,4.194
2024-12-16,4.194
2024-12-17,4.194
2024-12-18,4.194
2024-12-19,4.194
2024-12-20,4.194
2024-12-21,4.194
2024-12-22,4.193
2024-12-23,4.193
2024-12-24,4.193
2024-12-25,4.193
2024-12-26,4.193
2024-12-27,4.193
2024-12-28,4.193
2024-12-29,4.193
2024-12-30,4.193
2024-12-31,4.193
2025-01-01,4.193
2025-01-02,4.193
2025-01-03,4.193
2025-01-04,4.193
2025-01-05,4.193
2025-01-06,4.194
2025-01-07,4.194
2025-01-08,4.194
2025-01-09,4.194
2025-01-10,4.194
2025-01-11,4.194
2025-01-12,4.194
2025-01-13,4.194
2025-01-14,4.194
2025-01-15,4.195
2025-01-16,4.195
2025-01-17,4.195
2025-01-18,4.195
2025-01-19,4.195
2025-01-20,4.196
2025-01-21,4.196
2025-01-22,4.196
2025-01-23,4.196
2025-01-24,4.196
2025-01-25,4.197
2025-01-26,4.197
2025-01-27,4.197
2025-01-28,4.197
2025-01-29,4.198
2025-01-30,4.198
2025-01-31,4.198
2025-02-01,4.198
2025-02-02,4.199
2025-02-03,4.199
2025-02-04,4.199
2025-02-05,4.200
2025-02-06,4.200
2025-02-07,4.200
2025-02-08,4.201
2025-02-09,4.201
2025-02-10,4.201
2025-02-11,4.202
2025-02-12,4.202
2025-02-13,4.203
2025-02-14,4.203
2025-02-15,4.203
2025-02-16,4.204
2025-02-17,4.204
2025-02-18,4.204
2025-02-19,4.205
2025-02-20,4.205
2025-02-21,4.206
2025-02-22,4.206
2025-02-23,4.207
2025-02-24,4.207
2025-02-25,4.208
2025-02-26,4.208
2025-02-27,4.208
2025-02-28,4.209
2025-03-01,4.209
2025-03-02,4.210
2025-03-03,4.210
2025-03-04,4.211
2025-03-05,4.211
2025-03-06,4.212
2025-03-07,4.212
2025-03-08,4.213
2025-03-09,4.213
2025-03-10,4.214
2025-03-11,4.214
2025-03-12,4.215
2025-03-13,4.215
2025-03-14,4.216
2025-03-15,4.217
2025-03-16,4.217
2025-03-17,4.218
2025-03-18,4.218
2025-03-19,4.219
2025-03-20,4.219
2025-03-21,4.220
2025-03-22,4.220
2025-03-23,4.221
2025-03-24,4.222
2025-03-25,4.222
2025-03-26,4.223
2025-03-27,4.223
2025-03-28,4.224
2025-03-29,4.225
2025-03-30,4.225
2025-03-31,4.226
2025-04-01,4.226
2025-04-02,4.227
2025-04-03,4.228
2025-04-04,4.228
2025-04-05,4.229
2025-04-06,4.229
2025-04-07,4.230
2025-04-08,4.231
2025-04-09,4.231
2025-04-10,4.232
2025-04-11,4.233
2025-04-12,4.233
2025-04-13,4.234
2025-04-14,4.234
2025-04-15,4.235
2025-04-16,4.236
2025-04-17,4.236
2025-04-18,4.237
2025-04-19,4.238
2025-04-20,4.238
2025-04-21,4.239
2025-04-22,4.239
2025-04-23,4.240
2025-04-24,4.241
2025-04-25,4.241
2025-04-26,4.242
2025-04-27,4.243
2025-04-28,4.243
2025-04-29,4.244
2025-04-30,4.245
2025-05-01,4.245
2025-05-02,4.246
2025-05-03,4.247
2025-05-04,4.247
2025-05-05,4.248
2025-05-06,4.248
2025-05-07,4.249
2025-05-08,4.250
2025-05-09,4.250
2025-05-10,4.251
2025-05-11,4.252
2025-05-12,4.252
2025-05-13,4.253
2025-05-14,4.253
2025-05-15,4.254
2025-05-16,4.255
2025-05-17,4.255
2025-05-18,4.256
2025-05-19,4.257
2025-05-20,4.257
2025-05-21,4.258
2025-05-22,4.258
2025-05-23,4.259
2025-05-24,4.260
2025-05-25,4.260
2025-05-26,4.261
2025-05-27,4.261
2025-05-28,4.262
2025-05-29,4.263
2025-05-30,4.263
2025-05-31,4.264
2025-06-01,4.264
2025-06-02,4.265
2025-06-03,4.266
2025-06-04,4.266
2025-06-05,4.267
2025-06-06,4.267
2025-06-07,4.268
2025-06-08,4.268
2025-06-09,4.269
2025-06-10,4.270
2025-06-11,4.270
2025-06-12,4.271
2025-06-13,4.271
2025-06-14,4.272
2025-06-15,4.272
2025-06-16,4.273
2025-06-17,4.273
2025-06-18,4.274
2025-06-19,4.274
2025-06-20,4.275
2025-06-21,4.275
2025-06-22,4.276
2025-06-23,4.276
2025-06-24,4.277
2025-06-25,4.277
2025-06-26,4.278
2025-06-27,4.278
2025-06-28,4.279
2025-06-29,4.279
2025-06-30,4.280
2025-07-01,4.280
2025-07-02,4.280
2025-07-03,4.281
2025-07-04,4.281
2025-07-05,4.282
2025-07-06,4.282
2025-07-07,4.283
2025-07-08,4.283
2025-07-09,4.283
2025-07-10,4.284
2025-07-11,4.284
2025-07-12,4.284
2025-07-13,4.285
2025-07-14,4.285
2025-07-15,4.286
2025-07-16,4.286
2025-07-17,4.286
2025-07-18,4.287
2025-07-19,4.287
2025-07-20,4.287
2025-07-21,4.288
2025-07-22,4.288
2025-07-23,4.288
2025-07-24,4.288
2025-07-25,4.289
2025-07-26,4.289
2025-07-27,4.289
2025-07-28,4.289
2025-07-29,4.290
2025-07-30,4.290
2025-07-31,4.290
2025-08-01,4.290
2025-08-02,4.291
2025-08-03,4.291
2025-08-04,4.291
2025-08-05,4.291
2025-08-06,4.291
2025-08-07,4.292
2025-08-08,4.292
2025-08-09,4.292
2025-08-10,4.292
2025-08-11,4.292
2025-08-12,4.292
2025-08-13,4.292
2025-08-14,4.293
2025-08-15,4.293
2025-08-16,4.293
2025-08-17,4.293
2025-08-18,4.293
2025-08-19,4.293
2025-08-20,4.293
2025-08-21,4.293
2025-08-22,4.293
2025-08-23,4.293
2025-08-24,4.293
2025-08-25,4.293
2025-08-26,4.293
2025-08-27,4.293
2025-08-28,4.293
2025-08-29,4.293
2025-08-30,4.293
2025-08-31,4.293
2025-09-01,4.293
2025-09-02,4.293
2025-09-03,4.293
2025-09-04,4.293
2025-09-05,4.293
2025-09-06,4.293
2025-09-07,4.293
2025-09-08,4.293
2025-09-09,4.292
2025-09-10,4.292
2025-09-11,4.292
2025-09-12,4.292
2025-09-13,4.292
2025-09-14,4.292
2025-09-15,4.291
2025-09-16,4.291
2025-09-17,4.291
2025-09-18,4.291
2025-09-19,4.291
2025-09-20,4.290
2025-09-21,4.290
2025-09-22,4.290
2025-09-23,4.290
2025-09-24,4.289
2025-09-25,4.289
2025-09-26,4.289
2025-09-27,4.288
2025-09-28,4.288
2025-09-29,4.288
2025-09-30,4.287
2025-10-01,4.287
2025-10-02,4.287
2025-10-03,4.286
2025-10-04,4.286
2025-10-05,4.286
2025-10-06,4.285
2025-10-07,4.285
2025-10-08,4.284
2025-10-09,4.284
2025-10-10,4.284
2025-10-11,4.283
2025-10-12,4.283
2025-10-13,4.282
2025-10-14,4.282
2025-10-15,4.281
2025-10-16,4.281
2025-10-17,4.280
2025-10-18,4.280
2025-10-19,4.279
2025-10-20,4.279
2025-10-21,4.278
2025-10-22,4.278
2025-10-23,4.277
2025-10-24,4.276
2025-10-25,4.276
2025-10-26,4.275
2025-10-27,4.275
2025-10-28,4.274
2025-10-29,4.273
2025-10-30,4.273
2025-10-31,4.272
2025-11-01,4.271
2025-11-02,4.271
2025-11-03,4.270
2025-11-04,4.269
2025-11-05,4.269
2025-11-06,4.268
2025-11-07,4.267
2025-11-08,4.267
2025-11-09,4.266
2025-11-10,4.265
2025-11-11,4.264
2025-11-12,4.264
2025-11-13,4.263
2025-11-14,4.262
2025-11-15,4.261
2025-11-16,4.261
2025-11-17,4.260
2025-11-18,4.259
2025-11-19,4.258
2025-11-20,4.257
2025-11-21,4.256
2025-11-22,4.256
2025-11-23,4.255
2025-11-24,4.254
2025-11-25,4.253
2025-11-26,4.252
2025-11-27,4.251
2025-11-28,4.250
2025-11-29,4.250
2025-11-30,4.249
2025-12-01,4.248
2025-12-02,4.247
2025-12-03,4.246
2025-12-04,4.245
2025-12-05,4.244
2025-12-06,4.243
2025-12-07,4.242
2025-12-08,4.241
2025-12-09,4.240
2025-12-10,4.239
2025-12-11,4.238
2025-12-12,4.237
2025-12-13,4.236
2025-12-14,4.235
2025-12-15,4.234
2025-12-16,4.233
2025-12-17,4.232
2025-12-18,4.231
2025-12-19,4.230
2025-12-20,4.229
2025-12-21,4.228
2025-12-22,4.227
2025-12-23,4.225
2025-12-24,4.224
2025-12-25,4.223
2025-12-26,4.222
2025-12-27,4.221
2025-12-28,4.220
2025-12-29,4.219
2025-12-30,4.218
2025-12-31,4.216
2026-01-01,4.215
2026-01-02,4.214
2026-01-03,4.213
2026-01-04,4.212
2026-01-05,4.211
2026-01-06,4.210
2026-01-07,4.208
2026-01-08,4.207
2026-01-09,4.206
2026-01-10,4.205
2026-01-11,4.204
2026-01-12,4.202
2026-01-13,4.201
2026-01-14,4.200
2026-01-15,4.199
2026-01-16,4.197
2026-01-17,4.196
2026-01-18,4.195
2026-01-19,4.194
2026-01-20,4.192
2026-01-21,4.191
2026-01-22,4.190
2026-01-23,4.189
2026-01-24,4.187
2026-01-25,4.186
2026-01-26,4.185
2026-01-27,4.184
2026-01-28,4.182
2026-01-29,4.181
2026-01-30,4.180
2026-01-31,4.178
2026-02-01,4.177
2026-02-02,4.176
2026-02-03,4.175
2026-02-04,4.173
2026-02-05,4.172
2026-02-06,4.171
2026-02-07,4.169
2026-02-08,4.168
2026-02-09,4.167
2026-02-10,4.165
2026-02-11,4.164
2026-02-12,4.163
2026-02-13,4.161
2026-02-14,4.160
2026-02-15,4.159
2026-02-16,4.157
2026-02-17,4.156
2026-02-18,4.155
2026-02-19,4.153
2026-02-20,4.152
2026-02-21,4.151
2026-02-22,4.149
2026-02-23,4.148
2026-02-24,4.147
2026-02-25,4.145
2026-02-26,4.144
2026-02-27,4.143
2026-02-28,4.141
2026-03-01,4.140
2026-03-02,4.138
2026-03-03,4.137
2026-03-04,4.136
2026-03-05,4.134
2026-03-06,4.133
2026-03-07,4.132
2026-03-08,4.130
2026-03-09,4.129
2026-03-10,4.128
2026-03-11,4.126
2026-03-12,4.125
2026-03-13,4.124
2026-03-14,4.122
2026-03-15,4.121
2026-03-16,4.119
2026-03-17,4.118
2026-03-18,4.117
2026-03-19,4.115
2026-03-20,4.114
2026-03-21,4.113
2026-03-22,4.111
2026-03-23,4.110
2026-03-24,4.109
2026-03-25,4.107
2026-03-26,4.106
2026-03-27,4.105
2026-03-28,4.103
2026-03-29,4.102
2026-03-30,4.101
2026-03-31,4.099
2026-04-01,4.098
2026-04-02,4.097
2026-04-03,4.095
2026-04-04,4.094
2026-04-05,4.093
2026-04-06,4.091
2026-04-07,4.090
2026-04-08,4.089
2026-04-09,4.087
2026-04-10,4.086
2026-04-11,4.085
2026-04-12,4.083
2026-04-13,4.082
2026-04-14,4.081
2026-04-15,4.080
2026-04-16,4.078
2026-04-17,4.077
2026-04-18,4.076
2026-04-19,4.074
2026-04-20,4.073
2026-04-21,4.072
2026-04-22,4.071
2026-04-23,4.069
2026-04-24,4.068
2026-04-25,4.067
2026-04-26,4.066
2026-04-27,4.064
2026-04-28,4.063
2026-04-29,4.062
2026-04-30,4.061
2026-05-01,4.059
2026-05-02,4.058
2026-05-03,4.057
2026-05-04,4.056
2026-05-05,4.055
2026-05-06,4.053
2026-05-07,4.052
2026-05-08,4.051
2026-05-09,4.050
2026-05-10,4.049
2026-05-11,4.048
2026-05-12,4.046
2026-05-13,4.045
2026-05-14,4.044
2026-05-15,4.043
2026-05-16,4.042
2026-05-17,4.041
2026-05-18,4.040
2026-05-19,4.038
2026-05-20,4.037
2026-05-21,4.036
2026-05-22,4.035
2026-05-23,4.034
2026-05-24,4.033
2026-05-25,4.032
2026-05-26,4.031
2026-05-27,4.030
2026-05-28,4.029
2026-05-29,4.028
2026-05-30,4.027
