observation_date,RRPONTSYD
2015-01-01,5000.000
2015-01-02,8365.884
2015-01-03,8637.190
2015-01-04,5564.480
2015-01-05,1972.790
2015-01-06,1164.303
2015-01-07,3882.338
2015-01-08,7627.946
2015-01-09,8957.433
2015-01-10,6648.474
2015-01-11,2823.916
2015-01-12,1000.039
2015-01-13,2853.708
2015-01-14,6680.668
2015-01-15,8962.429
2015-01-16,7601.151
2015-01-17,3848.387
2015-01-18,1154.410
2015-01-19,1996.051
2015-01-20,5599.509
2015-01-21,8651.781
2015-01-22,8346.623
2015-01-23,4964.595
2015-01-24,1615.118
2015-01-25,1377.687
2015-01-26,4470.593
2015-01-27,8050.234
2015-01-28,8825.504
2015-01-29,6083.623
2015-01-30,2345.464
2015-01-31,1047.874
2015-02-01,3383.849
2015-02-02,7205.707
2015-02-03,8999.647
2015-02-04,7116.331
2015-02-05,3287.269
2015-02-06,1032.885
2015-02-07,2425.847
2015-02-08,6185.474
2015-02-09,8855.182
2015-02-10,7980.453
2015-02-11,4365.509
2015-02-12,1333.914
2015-02-13,1672.901
2015-02-14,5070.808
2015-02-15,8403.614
2015-02-16,8607.153
2015-02-17,5494.292
2015-02-18,1926.981
2015-02-19,1184.989
2015-02-20,3950.501
2015-02-21,7680.917
2015-02-22,8946.510
2015-02-23,6583.701
2015-02-24,2764.844
2015-02-25,1000.979
2015-02-26,2913.796
2015-02-27,6744.659
2015-02-28,8971.491
2015-03-01,7546.952
2015-03-02,3780.758
2015-03-03,1135.529
2015-03-04,2043.277
2015-03-05,5669.423
2015-03-06,8680.104
2015-03-07,8307.315
2015-03-08,4893.795
2015-03-09,1577.920
2015-03-10,1408.289
2015-03-11,4540.861
2015-03-12,8095.563
2015-03-13,8804.219
2015-03-14,6015.293
2015-03-15,2292.912
2015-03-16,1059.415
2015-03-17,3448.873
2015-03-18,7264.431
2015-03-19,8998.081
2015-03-20,7055.914
2015-03-21,3223.549
2015-03-22,1024.445
2015-03-23,2480.448
2015-03-24,6252.915
2015-03-25,8873.458
2015-03-26,7932.761
2015-03-27,4295.698
2015-03-28,1306.166
2015-03-29,1712.729
2015-03-30,5141.593
2015-03-31,8440.278
2015-04-01,8575.987
2015-04-02,5423.950
2015-04-03,1882.136
2015-04-04,1206.871
2015-04-05,4018.992
2015-04-06,7733.047
2015-04-07,8934.351
2015-04-08,6518.431
2015-04-09,2706.473
2015-04-10,1003.173
2015-04-11,2974.537
2015-04-12,6808.103
2015-04-13,8979.307
2015-04-14,7491.955
2015-04-15,3713.510
2015-04-16,1117.859
2015-04-17,2091.430
2015-04-18,5739.127
2015-04-19,8707.274
2015-04-20,8266.970
2015-04-21,4823.029
2015-04-22,1541.794
2015-04-23,1440.018
2015-04-24,4611.272
2015-04-25,8139.922
2015-04-26,8781.741
2015-04-27,5946.646
2015-04-28,2241.208
2015-04-29,1072.191
2015-04-30,3514.384
2015-05-01,7322.445
2015-05-02,8995.261
2015-05-03,6994.853
2015-05-04,3160.386
2015-05-05,1017.252
2015-05-06,2535.838
2015-05-07,6319.963
2015-05-08,8890.520
2015-05-09,7884.151
2015-05-10,4226.106
2015-05-11,1279.576
2015-05-12,1753.586
2015-05-13,5212.334
2015-05-14,8475.863
2015-05-15,8543.699
2015-05-16,5353.475
2015-05-17,1838.267
2015-05-18,1229.942
2015-05-19,4087.791
2015-05-20,7784.321
2015-05-21,8920.959
2015-05-22,6452.685
2015-05-23,2648.820
2015-05-24,1006.619
2015-05-25,3035.914
2015-05-26,6870.981
2015-05-27,8985.877
2015-05-28,7436.176
2015-05-29,3646.666
2015-05-30,1101.405
2015-05-31,2140.494
2015-06-01,5808.600
2015-06-02,8733.282
2015-06-03,8225.602
2015-06-04,4752.319
2015-06-05,1506.752
2015-06-06,1472.862
2015-06-07,4681.806
2015-06-08,8183.296
2015-06-09,8758.079
2015-06-10,5877.701
2015-06-11,2190.369
2015-06-12,1086.199
2015-06-13,3580.359
2015-06-14,7379.731
2015-06-15,8991.189
2015-06-16,6933.166
2015-06-17,3097.799
2015-06-18,1011.307
2015-06-19,2592.001
2015-06-20,6386.598
2015-06-21,8906.363
2015-06-22,7834.637
2015-06-23,4156.758
2015-06-24,1254.152
2015-06-25,1795.462
2015-06-26,5283.009
2015-06-27,8510.359
2015-06-28,8510.301
2015-06-29,5282.889
2015-06-30,1795.389
2015-07-01,1254.194
2015-07-02,4156.876
2015-07-03,7834.722
2015-07-04,8906.338
2015-07-05,6386.485
2015-07-06,2591.904
2015-07-07,1011.316
2015-07-08,3097.905
2015-07-09,6933.272
2015-07-10,8991.197
2015-07-11,7379.634
2015-07-12,3580.247
2015-07-13,1086.174
2015-07-14,2190.455
2015-07-15,5877.819
2015-07-16,8758.120
2015-07-17,8183.223
2015-07-18,4681.686
2015-07-19,1472.805
2015-07-20,1506.811
2015-07-21,4752.439
2015-07-22,8225.674
2015-07-23,8733.239
2015-07-24,5808.481
2015-07-25,2140.410
2015-07-26,1101.432
2015-07-27,3646.780
2015-07-28,7436.272
2015-07-29,8985.867
2015-07-30,6870.874
2015-07-31,3035.809
2015-08-01,1006.612
2015-08-02,2648.918
2015-08-03,6452.798
2015-08-04,8920.982
2015-08-05,7784.234
2015-08-06,4087.674
2015-08-07,1229.902
2015-08-08,1838.341
2015-08-09,5353.595
2015-08-10,8543.755
2015-08-11,8475.803
2015-08-12,5212.214
2015-08-13,1753.516
2015-08-14,1279.620
2015-08-15,4226.225
2015-08-16,7884.234
2015-08-17,8890.492
2015-08-18,6319.849
2015-08-19,2535.743
2015-08-20,1017.263
2015-08-21,3160.493
2015-08-22,6994.957
2015-08-23,8995.267
2015-08-24,7322.347
2015-08-25,3514.272
2015-08-26,1072.169
2015-08-27,2241.296
2015-08-28,5946.763
2015-08-29,8781.781
2015-08-30,8139.847
2015-08-31,4611.152
2015-09-01,1439.963
2015-09-02,1541.855
2015-09-03,4823.150
2015-09-04,8267.040
2015-09-05,8707.229
2015-09-06,5739.008
2015-09-07,2091.347
2015-09-08,1117.888
2015-09-09,3713.625
2015-09-10,7492.049
2015-09-11,8979.295
2015-09-12,6807.996
2015-09-13,2974.433
2015-09-14,1003.168
2015-09-15,2706.571
2015-09-16,6518.543
2015-09-17,8934.373
2015-09-18,7732.959
2015-09-19,4018.875
2015-09-20,1206.833
2015-09-21,1882.211
2015-09-22,5424.070
2015-09-23,8576.041
2015-09-24,8440.216
2015-09-25,5141.473
2015-09-26,1712.660
2015-09-27,1306.212
2015-09-28,4295.816
2015-09-29,7932.843
2015-09-30,8873.428
2015-10-01,6252.801
2015-10-02,2480.354
2015-10-03,1024.459
2015-10-04,3223.657
2015-10-05,7056.017
2015-10-06,8998.084
2015-10-07,7264.331
2015-10-08,3448.762
2015-10-09,1059.394
2015-10-10,2293.001
2015-10-11,6015.410
2015-10-12,8804.256
2015-10-13,8095.486
2015-10-14,4540.741
2015-10-15,1408.236
2015-10-16,1577.983
2015-10-17,4893.916
2015-10-18,8307.383
2015-10-19,8680.057
2015-10-20,5669.304
2015-10-21,2043.196
2015-10-22,1135.560
2015-10-23,3780.872
2015-10-24,7547.045
2015-10-25,8971.476
2015-10-26,6744.551
2015-10-27,2913.693
2015-10-28,1000.977
2015-10-29,2764.944
2015-10-30,6583.811
2015-10-31,8946.530
2015-11-01,7680.827
2015-11-02,3950.384
2015-11-03,1184.953
2015-11-04,1927.059
2015-11-05,5494.412
2015-11-06,8607.205
2015-11-07,8403.551
2015-11-08,5070.687
2015-11-09,1672.834
2015-11-10,1333.962
2015-11-11,4365.628
2015-11-12,7980.533
2015-11-13,8855.149
2015-11-14,6185.359
2015-11-15,2425.755
2015-11-16,1032.900
2015-11-17,3287.378
2015-11-18,7116.433
2015-11-19,8999.649
2015-11-20,7205.606
2015-11-21,3383.739
2015-11-22,1047.855
2015-11-23,2345.555
2015-11-24,6083.739
2015-11-25,8825.539
2015-11-26,8050.156
2015-11-27,4470.473
2015-11-28,1377.635
2015-11-29,1615.183
2015-11-30,4964.715
2015-12-01,8346.689
2015-12-02,8651.732
2015-12-03,5599.390
2015-12-04,1995.971
2015-12-05,1154.443
2015-12-06,3848.502
2015-12-07,7601.243
2015-12-08,8962.413
2015-12-09,6680.559
2015-12-10,2853.607
2015-12-11,1000.039
2015-12-12,2824.017
2015-12-13,6648.584
2015-12-14,8957.451
2015-12-15,7627.855
2015-12-16,3882.222
2015-12-17,1164.269
2015-12-18,1972.869
2015-12-19,5564.599
2015-12-20,8637.240
2015-12-21,8365.819
2015-12-22,4999.879
2015-12-23,1634.051
2015-12-24,1362.860
2015-12-25,4435.639
2015-12-26,8027.289
2015-12-27,8835.663
2015-12-28,6117.546
2015-12-29,2371.963
2015-12-30,1042.585
2015-12-31,3351.636
2016-01-01,7176.186
2016-01-02,8999.960
2016-01-03,7146.190
2016-01-04,3319.222
2016-01-05,1037.554
2016-01-06,2398.940
2016-01-07,6151.729
2016-01-08,8845.623
2016-01-09,8003.869
2016-01-10,4400.372
2016-01-11,1348.170
2016-01-12,1653.443
2016-01-13,5035.526
2016-01-14,8384.946
2016-01-15,8622.262
2016-01-16,5529.287
2016-01-17,1949.688
2016-01-18,1174.532
2016-01-19,3916.493
2016-01-20,7654.626
2016-01-21,8952.108
2016-01-22,6616.040
2016-01-23,2794.193
2016-01-24,1000.354
2016-01-25,2883.772
2016-01-26,6712.840
2016-01-27,8967.131
2016-01-28,7574.060
2016-01-29,3814.411
2016-01-30,1144.786
2016-01-31,2019.628
2016-02-01,5634.610
2016-02-02,8666.134
2016-02-03,8327.032
2016-02-04,4929.072
2016-02-05,1596.323
2016-02-06,1392.899
2016-02-07,4505.827
2016-02-08,8073.096
2016-02-09,8814.974
2016-02-10,6049.383
2016-02-11,2318.994
2016-02-12,1053.509
2016-02-13,3416.410
2016-02-14,7235.256
2016-02-15,8999.018
2016-02-16,7086.101
2016-02-17,3255.232
2016-02-18,1028.495
2016-02-19,2453.141
2016-02-20,6219.357
2016-02-21,8864.502
2016-02-22,7956.642
2016-02-23,4330.458
2016-02-24,1319.849
2016-02-25,1692.753
2016-02-26,5106.325
2016-02-27,8422.142
2016-02-28,8591.658
2016-02-29,5459.019
2016-03-01,1904.361
2016-03-02,1195.819
2016-03-03,3984.823
2016-03-04,7707.177
2016-03-05,8940.564
2016-03-06,6551.015
2016-03-07,2735.470
2016-03-08,1001.923
2016-03-09,2944.190
2016-03-10,6776.559
2016-03-11,8975.568
2016-03-12,7519.458
2016-03-13,3746.970
2016-03-14,1126.512
2016-03-15,2067.321
2016-03-16,5704.421
2016-03-17,8693.880
2016-03-18,8287.203
2016-03-19,4858.286
2016-03-20,1559.661
2016-03-21,1424.067
2016-03-22,4576.170
2016-03-23,8117.940
2016-03-24,8793.090
2016-03-25,5980.891
2016-03-26,2266.865
2016-03-27,1065.671
2016-03-28,3481.681
2016-03-29,7293.626
2016-03-30,8996.823
2016-03-31,7025.359
2016-04-01,3191.789
2016-04-02,1020.681
2016-04-03,2508.140
2016-04-04,6286.604
2016-04-05,8882.170
2016-04-06,7908.487
2016-04-07,4260.755
2016-04-08,1292.681
2016-04-09,1733.099
2016-04-10,5177.091
2016-04-11,8458.266
2016-04-12,8559.927
2016-04-13,5388.608
2016-04-14,1860.004
2016-04-15,1218.298
2016-04-16,4053.472
2016-04-17,7758.879
2016-04-18,8927.786
2016-04-19,6485.504
2016-04-20,2677.457
2016-04-21,1004.745
2016-04-22,3005.252
2016-04-23,6839.721
2016-04-24,8982.759
2016-04-25,7464.067
2016-04-26,3679.923
2016-04-27,1109.452
2016-04-28,2115.933
2016-04-29,5774.012
2016-04-30,8720.468
2016-05-01,8246.343
2016-05-02,4787.545
2016-05-03,1524.077
2016-05-04,1456.357
2016-05-05,4646.645
2016-05-06,8161.807
2016-05-07,8770.018
2016-05-08,5912.092
2016-05-09,2215.593
2016-05-10,1079.065
2016-05-11,3547.427
2016-05-12,7351.278
2016-05-13,8993.375
2016-05-14,6963.981
2016-05-15,3128.913
2016-05-16,1014.113
2016-05-17,2563.920
2016-05-18,6353.447
2016-05-19,8898.622
2016-05-20,7859.421
2016-05-21,4191.282
2016-05-22,1266.675
2016-05-23,1774.469
2016-05-24,5247.802
2016-05-25,8493.307
2016-05-26,8527.082
2016-05-27,5318.074
2016-05-28,1816.631
2016-05-29,1241.962
2016-05-30,4122.417
2016-05-31,7809.717
2016-06-01,8913.777
2016-06-02,6419.528
2016-06-03,2620.172
2016-06-04,1008.819
2016-06-05,3066.939
2016-06-06,6902.307
2016-06-07,8988.702
2016-06-08,7407.903
2016-06-09,3613.289
2016-06-10,1093.611
2016-06-11,2165.449
2016-06-12,5843.360
2016-06-13,8745.890
2016-06-14,8204.466
2016-06-15,4716.871
2016-06-16,1489.583
2016-06-17,1489.756
2016-06-18,4717.232
2016-06-19,8204.683
2016-06-20,8745.763
2016-06-21,5843.006
2016-06-22,2165.193
2016-06-23,1093.688
2016-06-24,3613.628
2016-06-25,7408.192
2016-06-26,8988.675
2016-06-27,6901.989
2016-06-28,3066.623
2016-06-29,1008.795
2016-06-30,2620.463
2016-07-01,6419.866
2016-07-02,8913.851
2016-07-03,7809.459
2016-07-04,4122.064
2016-07-05,1241.838
2016-07-06,1816.850
2016-07-07,5318.435
2016-07-08,8527.252
2016-07-09,8493.130
2016-07-10,5247.441
2016-07-11,1774.255
2016-07-12,1266.804
2016-07-13,4191.637
2016-07-14,7859.674
2016-07-15,8898.541
2016-07-16,6353.107
2016-07-17,2563.633
2016-07-18,1014.144
2016-07-19,3129.233
2016-07-20,6964.296
2016-07-21,8993.395
2016-07-22,7350.985
2016-07-23,3547.090
2016-07-24,1078.994
2016-07-25,2215.853
2016-07-26,5912.444
2016-07-27,8770.138
2016-07-28,8161.585
2016-07-29,4646.285
2016-07-30,1456.189
2016-07-31,1524.256
2016-08-01,4787.906
2016-08-02,8246.554
2016-08-03,8720.335
2016-08-04,5773.657
2016-08-05,2115.682
2016-08-06,1109.536
2016-08-07,3680.264
2016-08-08,7464.352
2016-08-09,8982.726
2016-08-10,6839.400
2016-08-11,3004.938
2016-08-12,1004.727
2016-08-13,2677.752
2016-08-14,6485.840
2016-08-15,8927.854
2016-08-16,7758.617
2016-08-17,4053.120
2016-08-18,1218.180
2016-08-19,1860.228
2016-08-20,5388.968
2016-08-21,8560.092
2016-08-22,8458.085
2016-08-23,5176.730
2016-08-24,1732.890
2016-08-25,1292.817
2016-08-26,4261.110
2016-08-27,7908.736
2016-08-28,8882.083
2016-08-29,6286.261
2016-08-30,2507.857
2016-08-31,1020.717
2016-09-01,3192.112
2016-09-02,7025.671
2016-09-03,8996.837
2016-09-04,7293.330
2016-09-05,3481.346
2016-09-06,1065.606
2016-09-07,2267.129
2016-09-08,5981.242
2016-09-09,8793.205
2016-09-10,8117.713
2016-09-11,4575.810
2016-09-12,1423.905
2016-09-13,1559.845
2016-09-14,4858.648
2016-09-15,8287.409
2016-09-16,8693.741
2016-09-17,5704.065
2016-09-18,2067.075
2016-09-19,1126.602
2016-09-20,3747.314
2016-09-21,7519.739
2016-09-22,8975.528
2016-09-23,6776.235
2016-09-24,2943.879
2016-09-25,1001.912
2016-09-26,2735.768
2016-09-27,6551.349
2016-09-28,8940.626
2016-09-29,7706.910
2016-09-30,3984.473
2016-10-01,1195.707
2016-10-02,1904.590
2016-10-03,5459.379
2016-10-04,8591.817
2016-10-05,8421.955
2016-10-06,5105.964
2016-10-07,1692.550
2016-10-08,1319.990
2016-10-09,4330.815
2016-10-10,7956.885
2016-10-11,8864.409
2016-10-12,6219.013
2016-10-13,2452.862
2016-10-14,1028.538
2016-10-15,3255.558
2016-10-16,7086.410
2016-10-17,8999.026
2016-10-18,7234.956
2016-10-19,3416.078
2016-10-20,1053.450
2016-10-21,2319.262
2016-10-22,6049.732
2016-10-23,8815.083
2016-10-24,8072.864
2016-10-25,4505.468
2016-10-26,1392.742
2016-10-27,1596.513
2016-10-28,4929.433
2016-10-29,8327.233
2016-10-30,8665.990
2016-10-31,5634.253
2016-11-01,2019.387
2016-11-02,1144.883
2016-11-03,3814.756
2016-11-04,7574.337
2016-11-05,8967.085
2016-11-06,6712.513
2016-11-07,2883.465
2016-11-08,1000.349
2016-11-09,2794.494
2016-11-10,6616.371
2016-11-11,8952.164
2016-11-12,7654.355
2016-11-13,3916.145
2016-11-14,1174.426
2016-11-15,1949.922
2016-11-16,5529.646
2016-11-17,8622.416
2016-11-18,8384.753
2016-11-19,5035.164
2016-11-20,1653.245
2016-11-21,1348.317
2016-11-22,4400.730
2016-11-23,8004.108
2016-11-24,8845.524
2016-11-25,6151.382
2016-11-26,2398.665
2016-11-27,1037.604
2016-11-28,3319.551
2016-11-29,7146.495
2016-11-30,8999.962
2016-12-01,7175.882
2016-12-02,3351.306
2016-12-03,1042.532
2016-12-04,2372.235
2016-12-05,6117.894
2016-12-06,8835.765
2016-12-07,8027.052
2016-12-08,4435.281
2016-12-09,1362.710
2016-12-10,1634.246
2016-12-11,5000.241
2016-12-12,8366.014
2016-12-13,8637.089
2016-12-14,5564.241
2016-12-15,1972.632
2016-12-16,1164.371
2016-12-17,3882.570
2016-12-18,7628.128
2016-12-19,8957.398
2016-12-20,6648.254
2016-12-21,2823.713
2016-12-22,1000.040
2016-12-23,2853.912
2016-12-24,6680.887
2016-12-25,8962.462
2016-12-26,7600.968
2016-12-27,3848.156
2016-12-28,1154.344
2016-12-29,1996.210
2016-12-30,5599.747
2016-12-31,8651.879
2017-01-01,8346.490
2017-01-02,4964.354
2017-01-03,1614.990
2017-01-04,1377.789
2017-01-05,4470.832
2017-01-06,8050.390
2017-01-07,8825.433
2017-01-08,6083.391
2017-01-09,2345.284
2017-01-10,1047.911
2017-01-11,3384.070
2017-01-12,7205.908
2017-01-13,8999.644
2017-01-14,7116.126
2017-01-15,3287.051
2017-01-16,1032.854
2017-01-17,2426.032
2017-01-18,6185.705
2017-01-19,8855.246
2017-01-20,7980.292
2017-01-21,4365.271
2017-01-22,1333.817
2017-01-23,1673.035
2017-01-24,5071.049
2017-01-25,8403.741
2017-01-26,8607.049
2017-01-27,5494.053
2017-01-28,1926.827
2017-01-29,1185.062
2017-01-30,3950.733
2017-01-31,7681.096
2017-02-01,8946.471
2017-02-02,6583.479
2017-02-03,2764.644
2017-02-04,1000.985
2017-02-05,2914.002
2017-02-06,6744.876
2017-02-07,8971.519
2017-02-08,7546.766
2017-02-09,3780.528
2017-02-10,1135.467
2017-02-11,2043.440
2017-02-12,5669.661
2017-02-13,8680.199
2017-02-14,8307.179
2017-02-15,4893.554
2017-02-16,1577.795
2017-02-17,1408.395
2017-02-18,4541.100
2017-02-19,8095.715
2017-02-20,8804.144
2017-02-21,6015.060
2017-02-22,2292.735
2017-02-23,1059.456
2017-02-24,3449.096
2017-02-25,7264.629
2017-02-26,8998.073
2017-02-27,7055.707
2017-02-28,3223.333
2017-03-01,1024.419
2017-03-02,2480.635
2017-03-03,6253.144
2017-03-04,8873.518
2017-03-05,7932.597
2017-03-06,4295.460
2017-03-07,1306.074
2017-03-08,1712.866
2017-03-09,5141.834
2017-03-10,8440.401
2017-03-11,8575.879
2017-03-12,5423.710
2017-03-13,1881.985
2017-03-14,1206.948
2017-03-15,4019.226
2017-03-16,7733.223
2017-03-17,8934.307
2017-03-18,6518.208
2017-03-19,2706.275
2017-03-20,1003.182
2017-03-21,2974.745
2017-03-22,6808.318
2017-03-23,8979.332
2017-03-24,7491.766
2017-03-25,3713.282
2017-03-26,1117.801
2017-03-27,2091.596
2017-03-28,5739.364
2017-03-29,8707.365
2017-03-30,8266.831
2017-03-31,4822.788
2017-04-01,1541.673
2017-04-02,1440.128
2017-04-03,4611.512
2017-04-04,8140.071
2017-04-05,8781.663
2017-04-06,5946.411
2017-04-07,2241.034
2017-04-08,1072.237
2017-04-09,3514.608
2017-04-10,7322.641
2017-04-11,8995.249
2017-04-12,6994.644
2017-04-13,3160.172
2017-04-14,1017.230
2017-04-15,2536.028
2017-04-16,6320.191
2017-04-17,8890.576
2017-04-18,7883.984
2017-04-19,4225.870
2017-04-20,1279.488
2017-04-21,1753.727
2017-04-22,5212.575
2017-04-23,8475.982
2017-04-24,8543.587
2017-04-25,5353.235
2017-04-26,1838.119
2017-04-27,1230.023
2017-04-28,4088.026
2017-04-29,7784.494
2017-04-30,8920.911
2017-05-01,6452.461
2017-05-02,2648.625
2017-05-03,1006.632
2017-05-04,3036.124
2017-05-05,6871.194
2017-05-06,8985.897
2017-05-07,7435.985
2017-05-08,3646.439
2017-05-09,1101.351
2017-05-10,2140.663
2017-05-11,5808.836
2017-05-12,8733.369
2017-05-13,8225.460
2017-05-14,4752.078
2017-05-15,1506.635
2017-05-16,1472.975
2017-05-17,4682.046
2017-05-18,8183.442
2017-05-19,8757.996
2017-05-20,5877.466
2017-05-21,2190.197
2017-05-22,1086.248
2017-05-23,3580.585
2017-05-24,7379.925
2017-05-25,8991.173
2017-05-26,6932.955
2017-05-27,3097.587
2017-05-28,1011.289
2017-05-29,2592.193
2017-05-30,6386.824
2017-05-31,8906.415
2017-06-01,7834.466
2017-06-02,4156.522
2017-06-03,1254.068
2017-06-04,1795.606
2017-06-05,5283.249
2017-06-06,8510.475
2017-06-07,8510.186
2017-06-08,5282.648
2017-06-09,1795.245
2017-06-10,1254.279
2017-06-11,4157.111
2017-06-12,7834.892
2017-06-13,8906.286
2017-06-14,6386.259
2017-06-15,2591.712
2017-06-16,1011.334
2017-06-17,3098.117
2017-06-18,6933.483
2017-06-19,8991.213
2017-06-20,7379.440
2017-06-21,3580.021
2017-06-22,1086.124
2017-06-23,2190.626
2017-06-24,5878.054
2017-06-25,8758.203
2017-06-26,8183.077
2017-06-27,4681.445
2017-06-28,1472.691
2017-06-29,1506.928
2017-06-30,4752.680
2017-07-01,8225.816
2017-07-02,8733.152
2017-07-03,5808.245
2017-07-04,2140.241
2017-07-05,1101.486
2017-07-06,3647.007
2017-07-07,7436.463
2017-07-08,8985.846
2017-07-09,6870.661
2017-07-10,3035.599
2017-07-11,1006.598
2017-07-12,2649.113
2017-07-13,6453.022
2017-07-14,8921.030
2017-07-15,7784.061
2017-07-16,4087.439
2017-07-17,1229.821
2017-07-18,1838.489
2017-07-19,5353.835
2017-07-20,8543.867
2017-07-21,8475.684
2017-07-22,5211.973
2017-07-23,1753.375
2017-07-24,1279.709
2017-07-25,4226.461
2017-07-26,7884.401
2017-07-27,8890.436
2017-07-28,6319.622
2017-07-29,2535.553
2017-07-30,1017.286
2017-07-31,3160.707
2017-08-01,6995.166
2017-08-02,8995.278
2017-08-03,7322.150
2017-08-04,3514.048
2017-08-05,1072.123
2017-08-06,2241.470
2017-08-07,5946.997
2017-08-08,8781.859
2017-08-09,8139.697
2017-08-10,4610.912
2017-08-11,1439.853
2017-08-12,1541.976
2017-08-13,4823.391
2017-08-14,8267.179
2017-08-15,8707.138
2017-08-16,5738.771
2017-08-17,2091.182
2017-08-18,1117.946
2017-08-19,3713.853
2017-08-20,7492.237
2017-08-21,8979.270
2017-08-22,6807.780
2017-08-23,2974.226
2017-08-24,1003.158
2017-08-25,2706.769
2017-08-26,6518.766
2017-08-27,8934.416
2017-08-28,7732.783
2017-08-29,4018.641
2017-08-30,1206.757
2017-08-31,1882.362
2017-09-01,5424.310
2017-09-02,8576.149
2017-09-03,8440.093
2017-09-04,5141.232
2017-09-05,1712.523
2017-09-06,1306.305
2017-09-07,4296.054
2017-09-08,7933.007
2017-09-09,8873.368
2017-09-10,6252.572
2017-09-11,2480.167
2017-09-12,1024.485
2017-09-13,3223.873
2017-09-14,7056.224
2017-09-15,8998.092
2017-09-16,7264.132
2017-09-17,3448.540
2017-09-18,1059.353
2017-09-19,2293.178
2017-09-20,6015.643
2017-09-21,8804.330
2017-09-22,8095.334
2017-09-23,4540.501
2017-09-24,1408.130
2017-09-25,1578.107
2017-09-26,4894.157
2017-09-27,8307.518
2017-09-28,8679.962
2017-09-29,5669.066
2017-09-30,2043.034
2017-10-01,1135.622
2017-10-02,3781.102
2017-10-03,7547.231
2017-10-04,8971.447
2017-10-05,6744.334
2017-10-06,2913.487
2017-10-07,1000.971
2017-10-08,2765.144
2017-10-09,6584.033
2017-10-10,8946.569
2017-10-11,7680.648
2017-10-12,3950.152
2017-10-13,1184.881
2017-10-14,1927.213
2017-10-15,5494.651
2017-10-16,8607.310
2017-10-17,8403.424
2017-10-18,5070.446
2017-10-19,1672.700
2017-10-20,1334.059
2017-10-21,4365.866
2017-10-22,7980.694
2017-10-23,8855.085
2017-10-24,6185.129
2017-10-25,2425.571
2017-10-26,1032.931
2017-10-27,3287.596
2017-10-28,7116.638
2017-10-29,8999.652
2017-10-30,7205.405
2017-10-31,3383.519
2017-11-01,1047.818
2017-11-02,2345.735
2017-11-03,6083.971
2017-11-04,8825.609
2017-11-05,8050.000
2017-11-06,4470.234
2017-11-07,1377.533
2017-11-08,1615.311
2017-11-09,4964.956
2017-11-10,8346.821
2017-11-11,8651.633
2017-11-12,5599.151
2017-11-13,1995.812
2017-11-14,1154.510
2017-11-15,3848.733
2017-11-16,7601.426
2017-11-17,8962.380
2017-11-18,6680.340
2017-11-19,2853.403
2017-11-20,1000.038
2017-11-21,2824.219
2017-11-22,6648.804
2017-11-23,8957.486
2017-11-24,7627.674
2017-11-25,3881.991
2017-11-26,1164.200
2017-11-27,1973.026
2017-11-28,5564.838
2017-11-29,8637.340
2017-11-30,8365.688
2017-12-01,4999.638
2017-12-02,1633.921
2017-12-03,1362.961
2017-12-04,4435.878
2017-12-05,8027.446
2017-12-06,8835.594
2017-12-07,6117.315
2017-12-08,2371.781
2017-12-09,1042.620
2017-12-10,3351.856
2017-12-11,7176.388
2017-12-12,8999.959
2017-12-13,7145.986
2017-12-14,3319.004
2017-12-15,1037.521
2017-12-16,2399.123
2017-12-17,6151.960
2017-12-18,8845.689
2017-12-19,8003.710
2017-12-20,4400.134
2017-12-21,1348.071
2017-12-22,1653.576
2017-12-23,5035.767
2017-12-24,8385.074
2017-12-25,8622.160
2017-12-26,5529.048
2017-12-27,1949.532
2017-12-28,1174.602
2017-12-29,3916.725
2017-12-30,7654.806
2017-12-31,8952.071
2018-01-01,6615.820
2018-01-02,2793.992
2018-01-03,1000.357
2018-01-04,2883.976
2018-01-05,6713.058
2018-01-06,8967.162
2018-01-07,7573.876
2018-01-08,3814.180
2018-01-09,1144.722
2018-01-10,2019.789
2018-01-11,5634.848
2018-01-12,8666.231
2018-01-13,8326.898
2018-01-14,4928.831
2018-01-15,1596.196
2018-01-16,1393.003
2018-01-17,4506.066
2018-01-18,8073.250
2018-01-19,8814.902
2018-01-20,6049.150
2018-01-21,2318.815
2018-01-22,1053.549
2018-01-23,3416.632
2018-01-24,7235.456
2018-01-25,8999.013
2018-01-26,7085.895
2018-01-27,3255.015
2018-01-28,1028.466
2018-01-29,2453.327
2018-01-30,6219.587
2018-01-31,8864.564
2018-02-01,7956.479
2018-02-02,4330.221
2018-02-03,1319.754
2018-02-04,1692.889
2018-02-05,5106.566
2018-02-06,8422.267
2018-02-07,8591.551
2018-02-08,5458.780
2018-02-09,1904.208
2018-02-10,1195.893
2018-02-11,3985.056
2018-02-12,7707.354
2018-02-13,8940.523
2018-02-14,6550.793
2018-02-15,2735.271
2018-02-16,1001.931
2018-02-17,2944.396
2018-02-18,6776.775
2018-02-19,8975.595
2018-02-20,7519.271
2018-02-21,3746.741
2018-02-22,1126.452
2018-02-23,2067.485
2018-02-24,5704.659
2018-02-25,8693.973
2018-02-26,8287.065
2018-02-27,4858.045
2018-02-28,1559.538
2018-03-01,1424.175
2018-03-02,4576.410
2018-03-03,8118.091
2018-03-04,8793.014
2018-03-05,5980.657
2018-03-06,2266.689
2018-03-07,1065.714
2018-03-08,3481.904
2018-03-09,7293.824
2018-03-10,8996.813
2018-03-11,7025.151
2018-03-12,3191.574
2018-03-13,1020.656
2018-03-14,2508.328
2018-03-15,6286.832
2018-03-16,8882.228
2018-03-17,7908.322
2018-03-18,4260.518
2018-03-19,1292.590
2018-03-20,1733.238
2018-03-21,5177.332
2018-03-22,8458.388
2018-03-23,8559.817
2018-03-24,5388.368
2018-03-25,1859.854
2018-03-26,1218.377
2018-03-27,4053.706
2018-03-28,7759.054
2018-03-29,8927.740
2018-03-30,6485.281
2018-03-31,2677.261
2018-04-01,1004.757
2018-04-02,3005.461
2018-04-03,6839.935
2018-04-04,8982.781
2018-04-05,7463.877
2018-04-06,3679.695
2018-04-07,1109.396
2018-04-08,2116.100
2018-04-09,5774.248
2018-04-10,8720.557
2018-04-11,8246.202
2018-04-12,4787.304
2018-04-13,1523.958
2018-04-14,1456.469
2018-04-15,4646.886
2018-04-16,8161.954
2018-04-17,8769.937
2018-04-18,5911.857
2018-04-19,2215.420
2018-04-20,1079.113
2018-04-21,3547.652
2018-04-22,7351.473
2018-04-23,8993.361
2018-04-24,6963.771
2018-04-25,3128.700
2018-04-26,1014.093
2018-04-27,2564.111
2018-04-28,6353.674
2018-04-29,8898.676
2018-04-30,7859.253
2018-05-01,4191.046
2018-05-02,1266.588
2018-05-03,1774.612
2018-05-04,5248.042
2018-05-05,8493.424
2018-05-06,8526.968
2018-05-07,5317.834
2018-05-08,1816.485
2018-05-09,1242.045
2018-05-10,4122.652
2018-05-11,7809.889
2018-05-12,8913.727
2018-05-13,6419.303
2018-05-14,2619.978
2018-05-15,1008.835
2018-05-16,3067.150
2018-05-17,6902.519
2018-05-18,8988.720
2018-05-19,7407.711
2018-05-20,3613.063
2018-05-21,1093.559
2018-05-22,2165.619
2018-05-23,5843.596
2018-05-24,8745.975
2018-05-25,8204.322
2018-05-26,4716.630
2018-05-27,1489.467
2018-05-28,1489.872
2018-05-29,4717.472
2018-05-30,8204.827
2018-05-31,8745.679
2018-06-01,5842.771
2018-06-02,2165.023
2018-06-03,1093.740
2018-06-04,3613.855
2018-06-05,7408.385
2018-06-06,8988.657
2018-06-07,6901.776
2018-06-08,3066.412
2018-06-09,1008.779
2018-06-10,2620.657
2018-06-11,6420.092
2018-06-12,8913.901
2018-06-13,7809.288
2018-06-14,4121.828
2018-06-15,1241.756
2018-06-16,1816.996
2018-06-17,5318.675
2018-06-18,8527.366
2018-06-19,8493.013
2018-06-20,5247.200
2018-06-21,1774.112
2018-06-22,1266.891
2018-06-23,4191.873
2018-06-24,7859.843
2018-06-25,8898.487
2018-06-26,6352.880
2018-06-27,2563.441
2018-06-28,1014.164
2018-06-29,3129.446
2018-06-30,6964.507
2018-07-01,8993.409
2018-07-02,7350.790
2018-07-03,3546.865
2018-07-04,1078.946
2018-07-05,2216.026
2018-07-06,5912.679
2018-07-07,8770.219
2018-07-08,8161.437
2018-07-09,4646.045
2018-07-10,1456.077
2018-07-11,1524.376
2018-07-12,4788.147
2018-07-13,8246.695
2018-07-14,8720.247
2018-07-15,5773.420
2018-07-16,2115.515
2018-07-17,1109.592
2018-07-18,3680.492
2018-07-19,7464.542
2018-07-20,8982.703
2018-07-21,6839.186
2018-07-22,3004.729
2018-07-23,1004.716
2018-07-24,2677.948
2018-07-25,6486.064
2018-07-26,8927.900
2018-07-27,7758.443
2018-07-28,4052.886
2018-07-29,1218.102
2018-07-30,1860.377
2018-07-31,5389.208
2018-08-01,8560.202
2018-08-02,8457.963
2018-08-03,5176.489
2018-08-04,1732.751
2018-08-05,1292.907
2018-08-06,4261.347
2018-08-07,7908.901
2018-08-08,8882.025
2018-08-09,6286.033
2018-08-10,2507.668
2018-08-11,1020.742
2018-08-12,3192.327
2018-08-13,7025.878
2018-08-14,8996.847
2018-08-15,7293.132
2018-08-16,3481.123
2018-08-17,1065.562
2018-08-18,2267.305
2018-08-19,5981.476
2018-08-20,8793.282
2018-08-21,8117.562
2018-08-22,4575.570
2018-08-23,1423.797
2018-08-24,1559.968
2018-08-25,4858.889
2018-08-26,8287.546
2018-08-27,8693.649
2018-08-28,5703.828
2018-08-29,2066.911
2018-08-30,1126.663
2018-08-31,3747.543
2018-09-01,7519.927
2018-09-02,8975.501
2018-09-03,6776.019
2018-09-04,2943.672
2018-09-05,1001.904
2018-09-06,2735.967
2018-09-07,6551.571
2018-09-08,8940.668
2018-09-09,7706.733
2018-09-10,3984.240
2018-09-11,1195.632
2018-09-12,1904.743
2018-09-13,5459.618
2018-09-14,8591.923
2018-09-15,8421.830
2018-09-16,5105.722
2018-09-17,1692.414
2018-09-18,1320.085
2018-09-19,4331.053
2018-09-20,7957.048
2018-09-21,8864.347
2018-09-22,6218.783
2018-09-23,2452.676
2018-09-24,1028.567
2018-09-25,3255.775
2018-09-26,7086.616
2018-09-27,8999.031
2018-09-28,7234.756
2018-09-29,3415.857
2018-09-30,1053.411
2018-10-01,2319.441
2018-10-02,6049.965
2018-10-03,8815.156
2018-10-04,8072.710
2018-10-05,4505.229
2018-10-06,1392.638
2018-10-07,1596.639
2018-10-08,4929.675
2018-10-09,8327.367
2018-10-10,8665.893
2018-10-11,5634.014
2018-10-12,2019.226
2018-10-13,1144.947
2018-10-14,3814.986
2018-10-15,7574.522
2018-10-16,8967.054
2018-10-17,6712.295
2018-10-18,2883.260
2018-10-19,1000.346
2018-10-20,2794.696
2018-10-21,6616.592
2018-10-22,8952.201
2018-10-23,7654.175
2018-10-24,3915.913
2018-10-25,1174.355
2018-10-26,1950.078
2018-10-27,5529.885
2018-10-28,8622.518
2018-10-29,8384.625
2018-10-30,5034.923
2018-10-31,1653.113
2018-11-01,1348.416
2018-11-02,4400.968
2018-11-03,8004.267
2018-11-04,8845.457
2018-11-05,6151.151
2018-11-06,2398.482
2018-11-07,1037.637
2018-11-08,3319.770
2018-11-09,7146.699
2018-11-10,8999.963
2018-11-11,7175.680
2018-11-12,3351.087
2018-11-13,1042.497
2018-11-14,2372.417
2018-11-15,6118.125
2018-11-16,8835.834
2018-11-17,8026.895
2018-11-18,4435.042
2018-11-19,1362.610
2018-11-20,1634.377
2018-11-21,5000.482
2018-11-22,8366.145
2018-11-23,8636.989
2018-11-24,5564.003
2018-11-25,1972.475
2018-11-26,1164.440
2018-11-27,3882.801
2018-11-28,7628.310
2018-11-29,8957.363
2018-11-30,6648.034
2018-12-01,2823.511
2018-12-02,1000.041
2018-12-03,2854.115
2018-12-04,6681.106
2018-12-05,8962.495
2018-12-06,7600.785
2018-12-07,3847.925
2018-12-08,1154.277
2018-12-09,1996.370
2018-12-10,5599.986
2018-12-11,8651.978
2018-12-12,8346.358
2018-12-13,4964.112
2018-12-14,1614.861
2018-12-15,1377.891
2018-12-16,4471.071
2018-12-17,8050.546
2018-12-18,8825.363
2018-12-19,6083.159
2018-12-20,2345.104
2018-12-21,1047.948
2018-12-22,3384.291
2018-12-23,7206.109
2018-12-24,8999.641
2018-12-25,7115.921
2018-12-26,3286.833
2018-12-27,1032.823
2018-12-28,2426.217
2018-12-29,6185.935
2018-12-30,8855.310
2018-12-31,7980.131
2019-01-01,4365.033
2019-01-02,1333.721
2019-01-03,1673.169
2019-01-04,5071.290
2019-01-05,8403.867
2019-01-06,8606.945
2019-01-07,5493.814
2019-01-08,1926.673
2019-01-09,1185.134
2019-01-10,3950.966
2019-01-11,7681.275
2019-01-12,8946.432
2019-01-13,6583.258
2019-01-14,2764.444
2019-01-15,1000.990
2019-01-16,2914.208
2019-01-17,6745.093
2019-01-18,8971.548
2019-01-19,7546.580
2019-01-20,3780.298
2019-01-21,1135.404
2019-01-22,2043.602
2019-01-23,5669.898
2019-01-24,8680.293
2019-01-25,8307.043
2019-01-26,4893.313
2019-01-27,1577.670
2019-01-28,1408.502
2019-01-29,4541.340
2019-01-30,8095.868
2019-01-31,8804.070
2019-02-01,6014.827
2019-02-02,2292.557
2019-02-03,1059.498
2019-02-04,3449.318
2019-02-05,7264.828
2019-02-06,8998.066
2019-02-07,7055.500
2019-02-08,3223.117
2019-02-09,1024.392
2019-02-10,2480.823
2019-02-11,6253.373
2019-02-12,8873.578
2019-02-13,7932.433
2019-02-14,4295.223
2019-02-15,1305.981
2019-02-16,1713.003
2019-02-17,5142.075
2019-02-18,8440.524
2019-02-19,8575.771
2019-02-20,5423.470
2019-02-21,1881.834
2019-02-22,1207.025
2019-02-23,4019.460
2019-02-24,7733.399
2019-02-25,8934.264
2019-02-26,6517.985
2019-02-27,2706.077
2019-02-28,1003.192
2019-03-01,2974.953
2019-03-02,6808.533
2019-03-03,8979.356
2019-03-04,7491.577
2019-03-05,3713.054
2019-03-06,1117.743
2019-03-07,2091.761
2019-03-08,5739.601
2019-03-09,8707.455
2019-03-10,8266.692
2019-03-11,4822.547
2019-03-12,1541.552
2019-03-13,1440.238
2019-03-14,4611.752
2019-03-15,8140.220
2019-03-16,8781.584
2019-03-17,5946.177
2019-03-18,2240.859
2019-03-19,1072.283
2019-03-20,3514.831
2019-03-21,7322.837
2019-03-22,8995.237
2019-03-23,6994.435
2019-03-24,3159.958
2019-03-25,1017.207
2019-03-26,2536.218
2019-03-27,6320.419
2019-03-28,8890.632
2019-03-29,7883.817
2019-03-30,4225.633
2019-03-31,1279.399
2019-04-01,1753.868
2019-04-02,5212.816
2019-04-03,8476.102
2019-04-04,8543.476
2019-04-05,5352.994
2019-04-06,1837.972
2019-04-07,1230.103
2019-04-08,4088.261
2019-04-09,7784.667
2019-04-10,8920.863
2019-04-11,6452.236
2019-04-12,2648.430
2019-04-13,1006.646
2019-04-14,3036.334
2019-04-15,6871.407
2019-04-16,8985.917
2019-04-17,7435.794
2019-04-18,3646.213
2019-04-19,1101.298
2019-04-20,2140.832
2019-04-21,5809.072
2019-04-22,8733.455
2019-04-23,8225.317
2019-04-24,4751.837
2019-04-25,1506.517
2019-04-26,1473.089
2019-04-27,4682.287
2019-04-28,8183.588
2019-04-29,8757.914
2019-04-30,5877.230
2019-05-01,2190.026
2019-05-02,1086.298
2019-05-03,3580.810
2019-05-04,7380.119
2019-05-05,8991.157
2019-05-06,6932.744
2019-05-07,3097.375
2019-05-08,1011.271
2019-05-09,2592.386
2019-05-10,6387.050
2019-05-11,8906.467
2019-05-12,7834.296
2019-05-13,4156.286
2019-05-14,1253.983
2019-05-15,1795.750
2019-05-16,5283.490
2019-05-17,8510.590
2019-05-18,8510.070
2019-05-19,5282.408
2019-05-20,1795.101
2019-05-21,1254.364
2019-05-22,4157.347
2019-05-23,7835.062
2019-05-24,8906.234
2019-05-25,6386.032
2019-05-26,2591.519
2019-05-27,1011.352
2019-05-28,3098.330
2019-05-29,6933.694
2019-05-30,8991.229
2019-05-31,7379.246
2019-06-01,3579.796
2019-06-02,1086.074
2019-06-03,2190.798
2019-06-04,5878.289
2019-06-05,8758.285
2019-06-06,8182.931
2019-06-07,4681.205
2019-06-08,1472.577
2019-06-09,1507.046
2019-06-10,4752.920
2019-06-11,8225.959
2019-06-12,8733.066
2019-06-13,5808.009
2019-06-14,2140.073
2019-06-15,1101.540
2019-06-16,3647.234
2019-06-17,7436.654
2019-06-18,8985.826
2019-06-19,6870.448
2019-06-20,3035.388
2019-06-21,1006.584
2019-06-22,2649.308
2019-06-23,6453.247
2019-06-24,8921.078
2019-06-25,7783.888
2019-06-26,4087.204
2019-06-27,1229.741
2019-06-28,1838.637
2019-06-29,5354.075
2019-06-30,8543.979
2019-07-01,8475.565
2019-07-02,5211.732
2019-07-03,1753.234
2019-07-04,1279.798
2019-07-05,4226.698
2019-07-06,7884.569
2019-07-07,8890.380
2019-07-08,6319.394
2019-07-09,2535.363
2019-07-10,1017.308
2019-07-11,3160.921
2019-07-12,6995.375
2019-07-13,8995.290
2019-07-14,7321.954
2019-07-15,3513.824
2019-07-16,1072.077
2019-07-17,2241.645
2019-07-18,5947.231
2019-07-19,8781.938
2019-07-20,8139.548
2019-07-21,4610.672
2019-07-22,1439.743
2019-07-23,1542.097
2019-07-24,4823.632
2019-07-25,8267.318
2019-07-26,8707.048
2019-07-27,5738.534
2019-07-28,2091.016
2019-07-29,1118.004
2019-07-30,3714.081
2019-07-31,7492.426
2019-08-01,8979.246
2019-08-02,6807.565
2019-08-03,2974.018
2019-08-04,1003.149
2019-08-05,2706.966
2019-08-06,6518.989
2019-08-07,8934.460
2019-08-08,7732.607
2019-08-09,4018.408
2019-08-10,1206.680
2019-08-11,1882.513
2019-08-12,5424.550
2019-08-13,8576.257
2019-08-14,8439.970
2019-08-15,5140.991
2019-08-16,1712.385
2019-08-17,1306.398
2019-08-18,4296.291
2019-08-19,7933.171
2019-08-20,8873.307
2019-08-21,6252.343
2019-08-22,2479.980
2019-08-23,1024.512
2019-08-24,3224.090
2019-08-25,7056.431
2019-08-26,8998.099
2019-08-27,7263.934
2019-08-28,3448.318
2019-08-29,1059.311
2019-08-30,2293.356
2019-08-31,6015.877
2019-09-01,8804.405
2019-09-02,8095.181
2019-09-03,4540.262
2019-09-04,1408.024
2019-09-05,1578.232
2019-09-06,4894.398
2019-09-07,8307.654
2019-09-08,8679.868
2019-09-09,5668.828
2019-09-10,2042.871
2019-09-11,1135.685
2019-09-12,3781.332
2019-09-13,7547.417
2019-09-14,8971.419
2019-09-15,6744.116
2019-09-16,2913.282
2019-09-17,1000.966
2019-09-18,2765.344
2019-09-19,6584.254
2019-09-20,8946.609
2019-09-21,7680.469
2019-09-22,3949.919
2019-09-23,1184.808
2019-09-24,1927.367
2019-09-25,5494.891
2019-09-26,8607.414
2019-09-27,8403.297
2019-09-28,5070.205
2019-09-29,1672.566
2019-09-30,1334.155
2019-10-01,4366.105
2019-10-02,7980.855
2019-10-03,8855.021
2019-10-04,6184.898
2019-10-05,2425.386
2019-10-06,1032.962
2019-10-07,3287.814
2019-10-08,7116.842
2019-10-09,8999.655
2019-10-10,7205.204
2019-10-11,3383.298
2019-10-12,1047.781
2019-10-13,2345.915
2019-10-14,6084.203
2019-10-15,8825.680
2019-10-16,8049.844
2019-10-17,4469.995
2019-10-18,1377.431
2019-10-19,1615.440
2019-10-20,4965.198
2019-10-21,8346.953
2019-10-22,8651.535
2019-10-23,5598.913
2019-10-24,1995.653
2019-10-25,1154.576
2019-10-26,3848.964
2019-10-27,7601.609
2019-10-28,8962.347
2019-10-29,6680.121
2019-10-30,2853.200
2019-10-31,1000.037
2019-11-01,2824.421
2019-11-02,6649.023
2019-11-03,8957.521
2019-11-04,7627.492
2019-11-05,3881.759
2019-11-06,1164.132
2019-11-07,1973.184
2019-11-08,5565.077
2019-11-09,8637.441
2019-11-10,8365.558
2019-11-11,4999.397
2019-11-12,1633.790
2019-11-13,1363.061
2019-11-14,4436.117
2019-11-15,8027.604
2019-11-16,8835.526
2019-11-17,6117.083
2019-11-18,2371.599
2019-11-19,1042.655
2019-11-20,3352.075
2019-11-21,7176.590
2019-11-22,8999.958
2019-11-23,7145.783
2019-11-24,3318.785
2019-11-25,1037.488
2019-11-26,2399.307
2019-11-27,6152.191
2019-11-28,8845.756
2019-11-29,8003.551
2019-11-30,4399.895
2019-12-01,1347.973
2019-12-02,1653.708
2019-12-03,5036.008
2019-12-04,8385.203
2019-12-05,8622.058
2019-12-06,5528.809
2019-12-07,1949.376
2019-12-08,1174.672
2019-12-09,3916.957
2019-12-10,7654.987
2019-12-11,8952.033
2019-12-12,6615.599
2019-12-13,2793.790
2019-12-14,1000.361
2019-12-15,2884.181
2019-12-16,6713.275
2019-12-17,8967.193
2019-12-18,7573.691
2019-12-19,3813.950
2019-12-20,1144.658
2019-12-21,2019.949
2019-12-22,5635.086
2019-12-23,8666.327
2019-12-24,8326.764
2019-12-25,4928.590
2019-12-26,1596.069
2019-12-27,1393.107
2019-12-28,4506.306
2019-12-29,8073.405
2019-12-30,8814.829
2019-12-31,6048.918
2020-01-01,2318.636
2020-01-02,1053.588
2020-01-03,3416.853
2020-01-04,7235.656
2020-01-05,8999.007
2020-01-06,7085.690
2020-01-07,3254.798
2020-01-08,1028.438
2020-01-09,2453.513
2020-01-10,6219.817
2020-01-11,8864.627
2020-01-12,7956.317
2020-01-13,4329.983
2020-01-14,1319.660
2020-01-15,1693.024
2020-01-16,5106.807
2020-01-17,8422.392
2020-01-18,8591.445
2020-01-19,5458.540
2020-01-20,1904.055
2020-01-21,1195.968
2020-01-22,3985.290
2020-01-23,7707.532
2020-01-24,8940.481
2020-01-25,6550.571
2020-01-26,2735.072
2020-01-27,1001.938
2020-01-28,2944.603
2020-01-29,6776.991
2020-01-30,8975.621
2020-01-31,7519.084
2020-02-01,3746.512
2020-02-02,1126.392
2020-02-03,2067.649
2020-02-04,5704.896
2020-02-05,8694.065
2020-02-06,8286.928
2020-02-07,4857.804
2020-02-08,1559.415
2020-02-09,1424.284
2020-02-10,4576.649
2020-02-11,8118.242
2020-02-12,8792.937
2020-02-13,5980.423
2020-02-14,2266.513
2020-02-15,1065.758
2020-02-16,3482.127
2020-02-17,7294.021
2020-02-18,8996.803
2020-02-19,7024.943
2020-02-20,3191.359
2020-02-21,1020.632
2020-02-22,2508.517
2020-02-23,6287.060
2020-02-24,8882.286
2020-02-25,7908.156
2020-02-26,4260.281
2020-02-27,1292.500
2020-02-28,1733.377
2020-02-29,5177.573
2020-03-01,8458.509
2020-03-02,8559.707
2020-03-03,5388.128
2020-03-04,1859.705
2020-03-05,1218.455
2020-03-06,4053.940
2020-03-07,7759.228
2020-03-08,8927.695
2020-03-09,6485.057
2020-03-10,2677.064
2020-03-11,1004.768
2020-03-12,3005.670
2020-03-13,6840.149
2020-03-14,8982.804
2020-03-15,7463.687
2020-03-16,3679.468
2020-03-17,1109.340
2020-03-18,2116.267
2020-03-19,5774.485
2020-03-20,8720.645
2020-03-21,8246.061
2020-03-22,4787.064
2020-03-23,1523.839
2020-03-24,1456.580
2020-03-25,4647.126
2020-03-26,8162.102
2020-03-27,8769.856
2020-03-28,5911.622
2020-03-29,2215.247
2020-03-30,1079.161
2020-03-31,3547.876
2020-04-01,7351.668
2020-04-02,8993.347
2020-04-03,6963.561
2020-04-04,3128.487
2020-04-05,1014.073
2020-04-06,2564.302
2020-04-07,6353.901
2020-04-08,8898.729
2020-04-09,7859.084
2020-04-10,4190.810
2020-04-11,1266.501
2020-04-12,1774.754
2020-04-13,5248.283
2020-04-14,8493.542
2020-04-15,8526.854
2020-04-16,5317.593
2020-04-17,1816.339
2020-04-18,1242.128
2020-04-19,4122.887
2020-04-20,7810.060
2020-04-21,8913.677
2020-04-22,6419.077
2020-04-23,2619.784
2020-04-24,1008.851
2020-04-25,3067.362
2020-04-26,6902.731
2020-04-27,8988.738
2020-04-28,7407.518
2020-04-29,3612.837
2020-04-30,1093.507
2020-05-01,2165.789
2020-05-02,5843.831
2020-05-03,8746.059
2020-05-04,8204.178
2020-05-05,4716.390
2020-05-06,1489.352
2020-05-07,1489.988
2020-05-08,4717.713
2020-05-09,8204.971
2020-05-10,8745.594
2020-05-11,5842.535
2020-05-12,2164.853
2020-05-13,1093.792
2020-05-14,3614.081
2020-05-15,7408.577
2020-05-16,8988.639
2020-05-17,6901.564
2020-05-18,3066.200
2020-05-19,1008.763
2020-05-20,2620.850
2020-05-21,6420.317
2020-05-22,8913.951
2020-05-23,7809.116
2020-05-24,4121.593
2020-05-25,1241.673
2020-05-26,1817.142
2020-05-27,5318.915
2020-05-28,8527.480
2020-05-29,8492.895
2020-05-30,5246.959
2020-05-31,1773.970
2020-06-01,1266.978
2020-06-02,4192.109
2020-06-03,7860.012
2020-06-04,8898.433
2020-06-05,6352.653
2020-06-06,2563.250
2020-06-07,1014.184
2020-06-08,3129.659
2020-06-09,6964.717
2020-06-10,8993.423
2020-06-11,7350.595
2020-06-12,3546.640
2020-06-13,1078.898
2020-06-14,2216.199
2020-06-15,5912.913
2020-06-16,8770.300
2020-06-17,8161.290
2020-06-18,4645.805
2020-06-19,1455.965
2020-06-20,1524.495
2020-06-21,4788.388
2020-06-22,8246.836
2020-06-23,8720.158
2020-06-24,5773.184
2020-06-25,2115.348
2020-06-26,1109.648
2020-06-27,3680.720
2020-06-28,7464.732
2020-06-29,8982.681
2020-06-30,6838.972
2020-07-01,3004.520
2020-07-02,1004.704
2020-07-03,2678.144
2020-07-04,6486.288
2020-07-05,8927.945
2020-07-06,7758.268
2020-07-07,4052.652
2020-07-08,1218.023
2020-07-09,1860.527
2020-07-10,5389.448
2020-07-11,8560.312
2020-07-12,8457.842
2020-07-13,5176.248
2020-07-14,1732.612
2020-07-15,1292.998
2020-07-16,4261.584
2020-07-17,7909.067
2020-07-18,8881.967
2020-07-19,6285.805
2020-07-20,2507.480
2020-07-21,1020.766
2020-07-22,3192.542
2020-07-23,7026.086
2020-07-24,8996.856
2020-07-25,7292.935
2020-07-26,3480.900
2020-07-27,1065.519
2020-07-28,2267.481
2020-07-29,5981.709
2020-07-30,8793.358
2020-07-31,8117.411
2020-08-01,4575.331
2020-08-02,1423.689
2020-08-03,1560.092
2020-08-04,4859.130
2020-08-05,8287.683
2020-08-06,8693.556
2020-08-07,5703.590
2020-08-08,2066.747
2020-08-09,1126.723
2020-08-10,3747.772
2020-08-11,7520.114
2020-08-12,8975.475
2020-08-13,6775.802
2020-08-14,2943.466
2020-08-15,1001.897
2020-08-16,2736.166
2020-08-17,6551.793
2020-08-18,8940.709
2020-08-19,7706.555
2020-08-20,3984.007
2020-08-21,1195.558
2020-08-22,1904.896
2020-08-23,5459.858
2020-08-24,8592.029
2020-08-25,8421.705
2020-08-26,5105.481
2020-08-27,1692.278
2020-08-28,1320.179
2020-08-29,4331.290
2020-08-30,7957.210
2020-08-31,8864.284
2020-09-01,6218.553
2020-09-02,2452.490
2020-09-03,1028.596
2020-09-04,3255.992
2020-09-05,7086.821
2020-09-06,8999.037
2020-09-07,7234.556
2020-09-08,3415.635
2020-09-09,1053.372
2020-09-10,2319.620
2020-09-11,6050.198
2020-09-12,8815.228
2020-09-13,8072.555
2020-09-14,4504.990
2020-09-15,1392.534
2020-09-16,1596.766
2020-09-17,4929.916
2020-09-18,8327.501
2020-09-19,8665.797
2020-09-20,5633.776
2020-09-21,2019.065
2020-09-22,1145.011
2020-09-23,3815.217
2020-09-24,7574.706
2020-09-25,8967.023
2020-09-26,6712.077
2020-09-27,2883.055
2020-09-28,1000.343
2020-09-29,2794.897
2020-09-30,6616.812
2020-10-01,8952.238
2020-10-02,7653.994
2020-10-03,3915.680
2020-10-04,1174.285
2020-10-05,1950.234
2020-10-06,5530.124
2020-10-07,8622.620
2020-10-08,8384.496
2020-10-09,5034.682
2020-10-10,1652.981
2020-10-11,1348.514
2020-10-12,4401.206
2020-10-13,8004.427
2020-10-14,8845.391
2020-10-15,6150.920
2020-10-16,2398.299
2020-10-17,1037.670
2020-10-18,3319.988
2020-10-19,7146.902
2020-10-20,8999.964
2020-10-21,7175.477
2020-10-22,3350.867
2020-10-23,1042.462
2020-10-24,2372.599
2020-10-25,6118.357
2020-10-26,8835.902
2020-10-27,8026.737
2020-10-28,4434.804
2020-10-29,1362.509
2020-10-30,1634.507
2020-10-31,5000.723
2020-11-01,8366.275
2020-11-02,8636.889
2020-11-03,5563.764
2020-11-04,1972.317
2020-11-05,1164.508
2020-11-06,3883.033
2020-11-07,7628.492
2020-11-08,8957.328
2020-11-09,6647.815
2020-11-10,2823.309
2020-11-11,1000.042
2020-11-12,2854.319
2020-11-13,6681.325
2020-11-14,8962.528
2020-11-15,7600.602
2020-11-16,3847.694
2020-11-17,1154.211
2020-11-18,1996.529
2020-11-19,5600.224
2020-11-20,8652.076
2020-11-21,8346.226
2020-11-22,4963.871
2020-11-23,1614.733
2020-11-24,1377.993
2020-11-25,4471.310
2020-11-26,8050.702
2020-11-27,8825.292
2020-11-28,6082.927
2020-11-29,2344.923
2020-11-30,1047.985
2020-12-01,3384.511
2020-12-02,7206.310
2020-12-03,8999.638
2020-12-04,7115.717
2020-12-05,3286.616
2020-12-06,1032.792
2020-12-07,2426.401
2020-12-08,6186.165
2020-12-09,8855.374
2020-12-10,7979.970
2020-12-11,4364.795
2020-12-12,1333.624
2020-12-13,1673.303
2020-12-14,5071.531
2020-12-15,8403.994
2020-12-16,8606.841
2020-12-17,5493.575
2020-12-18,1926.518
2020-12-19,1185.207
2020-12-20,3951.199
2020-12-21,7681.454
2020-12-22,8946.392
2020-12-23,6583.036
2020-12-24,2764.244
2020-12-25,1000.995
2020-12-26,2914.413
2020-12-27,6745.310
2020-12-28,8971.577
2020-12-29,7546.394
2020-12-30,3780.068
2020-12-31,1135.342
2021-01-01,2043.765
2021-01-02,5670.136
2021-01-03,8680.388
2021-01-04,8306.908
2021-01-05,4893.072
2021-01-06,1577.546
2021-01-07,1408.608
2021-01-08,4541.579
2021-01-09,8096.021
2021-01-10,8803.995
2021-01-11,6014.594
2021-01-12,2292.380
2021-01-13,1059.539
2021-01-14,3449.540
2021-01-15,7265.027
2021-01-16,8998.058
2021-01-17,7055.293
2021-01-18,3222.901
2021-01-19,1024.366
2021-01-20,2481.010
2021-01-21,6253.602
2021-01-22,8873.638
2021-01-23,7932.269
2021-01-24,4294.985
2021-01-25,1305.889
2021-01-26,1713.141
2021-01-27,5142.316
2021-01-28,8440.647
2021-01-29,8575.662
2021-01-30,5423.231
2021-01-31,1881.683
2021-02-01,1207.101
2021-02-02,4019.693
2021-02-03,7733.575
2021-02-04,8934.220
2021-02-05,6517.762
2021-02-06,2705.880
2021-02-07,1003.202
2021-02-08,2975.161
2021-02-09,6808.748
2021-02-10,8979.381
2021-02-11,7491.389
2021-02-12,3712.825
2021-02-13,1117.685
2021-02-14,2091.927
2021-02-15,5739.838
2021-02-16,8707.546
2021-02-17,8266.553
2021-02-18,4822.307
2021-02-19,1541.431
2021-02-20,1440.348
2021-02-21,4611.992
2021-02-22,8140.370
2021-02-23,8781.506
2021-02-24,5945.943
2021-02-25,2240.684
2021-02-26,1072.328
2021-02-27,3515.055
2021-02-28,7323.034
2021-03-01,-40736.127
2021-03-02,-42256.327
2021-03-03,-41955.249
2021-03-04,-39708.242
2021-03-05,-35468.236
2021-03-06,-29267.614
2021-03-07,-21216.922
2021-03-08,-11500.465
2021-03-09,-368.953
2021-03-10,11870.486
2021-03-11,24866.558
2021-03-12,38237.802
2021-03-13,51587.802
2021-03-14,64520.988
2021-03-15,76658.406
2021-03-16,87652.829
2021-03-17,97202.595
2021-03-18,105063.639
2021-03-19,111059.218
2021-03-20,115086.958
2021-03-21,117122.940
2021-03-22,117222.647
2021-03-23,115518.757
2021-03-24,112215.851
2021-03-25,107582.258
2021-03-26,101939.356
2021-03-27,95648.764
2021-03-28,89097.918
2021-03-29,82684.634
2021-03-30,76801.241
2021-03-31,71818.944
2021-04-01,68073.023
2021-04-02,65849.469
2021-04-03,65373.580
2021-04-04,66800.981
2021-04-05,70211.419
2021-04-06,75605.582
2021-04-07,82905.074
2021-04-08,91955.541
2021-04-09,102532.820
2021-04-10,114351.882
2021-04-11,127078.191
2021-04-12,140341.040
2021-04-13,153748.334
2021-04-14,166902.219
2021-04-15,179414.944
2021-04-16,190924.319
2021-04-17,201108.152
2021-04-18,209697.099
2021-04-19,216485.399
2021-04-20,221339.075
2021-04-21,224201.279
2021-04-22,225094.557
2021-04-23,224119.948
2021-04-24,221452.961
2021-04-25,217336.570
2021-04-26,212071.537
2021-04-27,206004.414
2021-04-28,199513.730
2021-04-29,192994.901
2021-04-30,186844.464
2021-05-01,181444.271
2021-05-02,177146.261
2021-05-03,174258.437
2021-05-04,173032.577
2021-05-05,173654.207
2021-05-06,176235.196
2021-05-07,180809.300
2021-05-08,187330.817
2021-05-09,195676.407
2021-05-10,205650.010
2021-05-11,216990.661
2021-05-12,229382.899
2021-05-13,242469.335
2021-05-14,255864.906
2021-05-15,269172.227
2021-05-16,281997.429
2021-05-17,293965.863
2021-05-18,304737.039
2021-05-19,314018.196
2021-05-20,321575.975
2021-05-21,327245.725
2021-05-22,330938.063
2021-05-23,332642.439
2021-05-24,332427.558
2021-05-25,330438.638
2021-05-26,326891.624
2021-05-27,322064.577
2021-05-28,316286.588
2021-05-29,309924.659
2021-05-30,303369.074
2021-05-31,297017.834
2021-06-01,291260.796
2021-06-02,286464.128
2021-06-03,282955.710
2021-06-04,281012.064
2021-06-05,280847.328
2021-06-06,282604.724
2021-06-07,286350.841
2021-06-08,292072.987
2021-06-09,299679.689
2021-06-10,309004.344
2021-06-11,319811.862
2021-06-12,331808.031
2021-06-13,344651.256
2021-06-14,357966.170
2021-06-15,371358.601
2021-06-16,384431.288
2021-06-17,396799.717
2021-06-18,408107.449
2021-06-19,418040.334
2021-06-20,426339.031
2021-06-21,432809.349
2021-06-22,437329.990
2021-06-23,439857.383
2021-06-24,440427.420
2021-06-25,439154.029
2021-06-26,436224.628
2021-06-27,431892.655
2021-06-28,426467.464
2021-06-29,420301.994
2021-06-30,413778.695
2021-07-01,407294.282
2021-07-02,401243.920
2021-07-03,396005.471
2021-07-04,391924.429
2021-07-05,389300.142
2021-07-06,388373.886
2021-07-07,389319.241
2021-07-08,392235.169
2021-07-09,397142.075
2021-07-10,403980.988
2021-07-11,412615.915
2021-07-12,422839.261
2021-07-13,434380.105
2021-07-14,446915.003
2021-07-15,460080.880
2021-07-16,473489.507
2021-07-17,486742.977
2021-07-18,499449.568
2021-07-19,511239.360
2021-07-20,521778.985
2021-07-21,530784.912
2021-07-22,538034.757
2021-07-23,543376.143
2021-07-24,546732.779
2021-07-25,548107.498
2021-07-26,547582.148
2021-07-27,545314.323
2021-07-28,541531.089
2021-07-29,536519.923
2021-07-30,530617.256
2021-07-31,524195.062
2021-08-01,517646.025
2021-08-02,511367.888
2021-08-03,505747.593
2021-08-04,501145.854
2021-08-05,497882.782
2021-08-06,496225.118
2021-08-07,496375.598
2021-08-08,498464.877
2021-08-09,502546.314
2021-08-10,508593.847
2021-08-11,516503.033
2021-08-12,526095.210
2021-08-13,537124.619
2021-08-14,549288.207
2021-08-15,562237.701
2021-08-16,575593.499
2021-08-17,588959.798
2021-08-18,601940.380
2021-08-19,614154.402
2021-08-20,625251.582
2021-08-21,634926.162
2021-08-22,642929.100
2021-08-23,649077.997
2021-08-24,653264.367
2021-08-25,655457.966
2021-08-26,655707.995
2021-08-27,654141.137
2021-08-28,650956.511
2021-08-29,646417.730
2021-08-30,640842.393
2021-08-31,634589.425
2021-09-01,628044.763
2021-09-02,621605.974
2021-09-03,615666.406
2021-09-04,610599.502
2021-09-05,606743.917
2021-09-06,604390.013
2021-09-07,603768.284
2021-09-08,605040.170
2021-09-09,608291.617
2021-09-10,613529.652
2021-09-11,620682.104
2021-09-12,629600.479
2021-09-13,640065.883
2021-09-14,651797.745
2021-09-15,664465.005
2021-09-16,677699.311
2021-09-17,691109.707
2021-09-18,704298.215
2021-09-19,716875.702
2021-09-20,728477.396
2021-09-21,738777.427
2021-09-22,747501.817
2021-09-23,754439.405
2021-09-24,759450.264
2021-09-25,762471.278
2021-09-26,763518.662
2021-09-27,762687.312
2021-09-28,760147.024
2021-09-29,756135.723
2021-09-30,750949.981
2021-10-01,744933.187
2021-10-02,738461.866
2021-10-03,731930.661
2021-10-04,725736.603
2021-10-05,720263.281
2021-10-06,715865.552
2021-10-07,712855.393
2021-10-08,711489.460
2021-10-09,711958.862
2021-10-10,714381.538
2021-10-11,718797.555
2021-10-12,725167.514
2021-10-13,733374.116
2021-10-14,743226.842
2021-10-15,754469.548
2021-10-16,766790.675
2021-10-17,779835.671
2021-10-18,793221.125
2021-10-19,806550.054
2021-10-20,819427.729
2021-10-21,831477.408
2021-10-22,842355.362
2021-10-23,851764.573
2021-10-24,859466.579
2021-10-25,865290.977
2021-10-26,869142.219
2021-10-27,871003.420
2021-10-28,870937.033
2021-10-29,869082.356
2021-10-30,865649.983
2021-10-31,860913.403
2021-11-01,855198.101
2021-11-02,848868.581
2021-11-03,842313.834
2021-11-04,835931.827
2021-11-05,830113.645
2021-11-06,825227.892
2021-11-07,821606.001
2021-11-08,819529.016
2021-11-09,819216.394
2021-11-10,820817.249
2021-11-11,824404.414
2021-11-12,829971.531
2021-11-13,837433.310
2021-11-14,846628.925
2021-11-15,857328.428
2021-11-16,869241.917
2021-11-17,882031.091
2021-11-18,895322.737
2021-11-19,908723.614
2021-11-20,921836.121
2021-11-21,934274.157
2021-11-22,945678.510
2021-11-23,955731.176
2021-11-24,964168.039
2021-11-25,970789.402
2021-11-26,975467.942
2021-11-27,978153.794
2021-11-28,978876.534
2021-11-29,977744.002
2021-11-30,974937.999
2021-12-01,970707.044
2021-12-02,965356.466
2021-12-03,959236.226
2021-12-04,952726.972
2021-12-05,946224.860
2021-12-06,940125.761
2021-12-07,934809.478
2021-12-08,930624.608
2021-12-09,927874.641
2021-12-10,926805.862
2021-12-11,927597.531
2021-12-12,930354.740
2021-12-13,935104.220
2021-12-14,941793.277
2021-12-15,950291.891
2021-12-16,960397.901
2021-12-17,971845.066
2021-12-18,984313.676
2021-12-19,997443.298
2021-12-20,1010847.149
2021-12-21,1024127.511
2021-12-22,1036891.591
2021-12-23,1048767.178
2021-12-24,1059417.481
2021-12-25,1068554.560
2021-12-26,1075950.800
2021-12-27,1081447.988
2021-12-28,1084963.622
2021-12-29,1086494.197
2021-12-30,1086115.346
2021-12-31,1083978.824
2022-01-01,1080306.461
2022-01-02,1075381.315
2022-01-03,1069536.387
2022-01-04,1063141.349
2022-01-05,1056587.804
2022-01-06,1050273.673
2022-01-07,1044587.333
2022-01-08,1039892.132
2022-01-09,1036511.906
2022-01-10,1034718.067
2022-01-11,1034718.780
2022-01-12,1036650.671
2022-01-13,1040573.373
2022-01-14,1046467.153
2022-01-15,1054233.696
2022-01-16,1063700.028
2022-01-17,1074625.408
2022-01-18,1086710.928
2022-01-19,1099611.430
2022-01-20,1112949.262
2022-01-21,1126329.340
2022-01-22,1139354.895
2022-01-23,1151643.292
2022-01-24,1162841.283
2022-01-25,1172639.093
2022-01-26,1180782.765
2022-01-27,1187084.289
2022-01-28,1191429.097
2022-01-29,1193780.627
2022-01-30,1194181.782
2022-01-31,1192753.223
2022-02-01,1189688.554
2022-02-02,1185246.607
2022-02-03,1179741.119
2022-02-04,1173528.230
2022-02-05,1166992.281
2022-02-06,1160530.490
2022-02-07,1154537.123
2022-02-08,1149387.768
2022-02-09,1145424.366
2022-02-10,1142941.577
2022-02-11,1142175.036
2022-02-12,1143291.953
2022-02-13,1146384.454
2022-02-14,1151465.902
2022-02-15,1158470.368
2022-02-16,1167255.260
2022-02-17,1177607.003
2022-02-18,1189249.558
2022-02-19,1201855.426
2022-02-20,1215058.704
2022-02-21,1228469.669
2022-02-22,1241690.323
2022-02-23,1254330.251
2022-02-24,1266022.192
2022-02-25,1276436.678
2022-02-26,1285295.167
2022-02-27,1292381.153
2022-02-28,1297548.793
2022-03-01,1300728.720
2022-03-02,1301930.813
2022-03-03,1301243.802
2022-03-04,1298831.728
2022-03-05,1294927.404
2022-03-06,1289823.136
2022-03-07,1283859.069
2022-03-08,1277409.621
2022-03-09,1270868.566
2022-03-10,1264633.327
2022-03-11,1259089.134
2022-03-12,1254593.671
2022-03-13,1251462.810
2022-03-14,1249958.020
2022-03-15,1250275.945
2022-03-16,1252540.562
2022-03-17,1256798.242
2022-03-18,1263015.895
2022-03-19,1271082.297
2022-03-20,1280812.518
2022-03-21,1291955.296
2022-03-22,1304203.057
2022-03-23,1317204.173
2022-03-24,1330576.984
2022-03-25,1343925.010
2022-03-26,1356852.760
2022-03-27,1368981.497
2022-03-28,1379964.340
2022-03-29,1389500.089
2022-03-30,1397345.237
2022-03-31,1403323.674
2022-04-01,1407333.713
2022-04-02,1409352.136
2022-04-03,1409435.130
2022-04-04,1407716.036
2022-04-05,1404400.044
2022-04-06,1399756.002
2022-04-07,1394105.707
2022-04-08,1387811.071
2022-04-09,1381259.693
2022-04-10,1374849.408
2022-04-11,1368972.426
2022-04-12,1363999.698
2022-04-13,1360266.121
2022-04-14,1358057.195
2022-04-15,1357597.634
2022-04-16,1359042.413
2022-04-17,1362470.584
2022-04-18,1367882.130
2022-04-19,1375197.962
2022-04-20,1384263.073
2022-04-21,1394852.718
2022-04-22,1406681.374
2022-04-23,1419414.122
2022-04-24,1432680.000
2022-04-25,1446086.792
2022-04-26,1459236.662
2022-04-27,1471742.021
2022-04-28,1483240.971
2022-04-29,1493411.738
2022-04-30,1501985.497
2022-05-01,1508757.093
2022-05-02,1513593.215
2022-05-03,1516437.715
2022-05-04,1517313.845
2022-05-05,1516323.327
2022-05-06,1513642.303
2022-05-07,1509514.310
2022-05-08,1504240.570
2022-05-09,1498167.982
2022-05-10,1491675.295
2022-05-11,1485158.002
2022-05-12,1479012.582
2022-05-13,1473620.683
2022-05-14,1469333.918
2022-05-15,1466459.837
2022-05-16,1465249.674
2022-05-17,1465888.327
2022-05-18,1468486.987
2022-05-19,1473078.706
2022-05-20,1479617.078
2022-05-21,1487978.093
2022-05-22,1497965.075
2022-05-23,1509316.527
2022-05-24,1521716.554
2022-05-25,1534807.461
2022-05-26,1548204.004
2022-05-27,1561508.760
2022-05-28,1574327.961
2022-05-29,1586287.199
2022-05-30,1597046.350
2022-05-31,1606313.132
2022-06-01,1613854.760
2022-06-02,1619507.226
2022-06-03,1623181.836
2022-06-04,1624868.747
2022-06-05,1624637.361
2022-06-06,1622633.553
2022-06-07,1619073.862
2022-06-08,1614236.855
2022-06-09,1608452.018
2022-06-10,1602086.629
2022-06-11,1595531.107
2022-06-12,1589183.452
2022-06-13,1583433.379
2022-06-14,1578646.776
2022-06-15,1575151.123
2022-06-16,1573222.433
2022-06-17,1573074.249
2022-06-18,1574849.131
2022-06-19,1578612.973
2022-06-20,1584352.373
2022-06-21,1591975.174
2022-06-22,1601314.130
2022-06-23,1612133.578
2022-06-24,1624138.835
2022-06-25,1636987.941
2022-06-26,1650305.294
2022-06-27,1663696.626
2022-06-28,1676764.720
2022-06-29,1689125.245
2022-06-30,1700422.076
2022-07-01,1710341.499
2022-07-02,1718624.709
2022-07-03,1725078.132
2022-07-04,1729581.145
2022-07-05,1732090.878
2022-07-06,1732643.928
2022-07-07,1731354.900
2022-07-08,1728411.835
2022-07-09,1724068.717
2022-07-10,1718635.344
2022-07-11,1712464.980
2022-07-12,1705940.270
2022-07-13,1699457.987
2022-07-14,1693413.210
2022-07-15,1688183.579
2022-07-16,1684114.235
2022-07-17,1681504.062
2022-07-18,1680593.771
2022-07-19,1681556.306
2022-07-20,1684489.945
2022-07-21,1689414.387
2022-07-22,1696269.961
2022-07-23,1704920.010
2022-07-24,1715156.335
2022-07-25,1726707.500
2022-07-26,1739249.649
2022-07-27,1752419.417
2022-07-28,1765828.420
2022-07-29,1779078.736
2022-07-30,1791778.769
2022-07-31,1803558.860
2022-08-01,1814086.028
2022-08-02,1823077.240
2022-08-03,1830310.696
2022-08-04,1835634.675
2022-08-05,1838973.578
2022-08-06,1840330.945
2022-08-07,1839789.317
2022-08-08,1837506.937
2022-08-09,1833711.450
2022-08-10,1828690.822
2022-08-11,1822781.862
2022-08-12,1816356.794
2022-08-13,1809808.417
2022-08-14,1803534.447
2022-08-15,1797921.660
2022-08-16,1793330.473
2022-08-17,1790080.573
2022-08-18,1788438.176
2022-08-19,1788605.413
2022-08-20,1790712.267
2022-08-21,1794811.399
2022-08-22,1800876.040
2022-08-23,1808801.065
2022-08-24,1818407.181
2022-08-25,1829448.074
2022-08-26,1841620.232
2022-08-27,1854575.041
2022-08-28,1867932.686
2022-08-29,1881297.292
2022-08-30,1894272.708
2022-08-31,1906478.296
2022-09-01,1917564.111
2022-09-02,1927224.849
2022-09-03,1935212.018
2022-09-04,1941343.848
2022-09-05,1945512.535
2022-09-06,1947688.539
2022-09-07,1947921.761
2022-09-08,1946339.556
2022-09-09,1943141.655
2022-09-10,1938592.199
2022-09-11,1933009.213
2022-09-12,1926751.926
2022-09-13,1920206.449
2022-09-14,1913770.381
2022-09-15,1907836.961
2022-09-16,1902779.387
2022-09-17,1898935.942
2022-09-18,1896596.504
2022-09-19,1895990.990
2022-09-20,1897280.195
2022-09-21,1900549.373
2022-09-22,1905804.845
2022-09-23,1912973.744
2022-09-24,1921906.921
2022-09-25,1932384.891
2022-09-26,1944126.584
2022-09-27,1956800.546
2022-09-28,1970038.159
2022-09-29,1983448.335
2022-09-30,1996633.103
2022-10-01,2009203.482
2022-10-02,2020794.982
2022-10-03,2031082.139
2022-10-04,2039791.489
2022-10-05,2046712.470
2022-10-06,2051705.817
2022-10-07,2054709.113
2022-10-08,2055739.278
2022-10-09,2054891.896
2022-10-10,2052337.402
2022-10-11,2048314.286
2022-10-12,2043119.592
2022-10-13,2037097.066
2022-10-14,2030623.461
2022-10-15,2024093.511
2022-10-16,2017904.197
2022-10-17,2012438.920
2022-10-18,2008052.215
2022-10-19,2005055.619
2022-10-20,2003705.250
2022-10-21,2004191.594
2022-10-22,2006631.914
2022-10-23,2011065.577
2022-10-24,2017452.476
2022-10-25,2025674.641
2022-10-26,2035540.930
2022-10-27,2046794.659
2022-10-28,2059123.829
2022-10-29,2072173.568
2022-10-30,2085560.276
2022-10-31,2098886.919
2022-11-01,2111758.859
2022-11-02,2123799.585
2022-11-03,2134665.723
2022-11-04,2144060.727
2022-11-05,2151746.700
2022-11-06,2157553.879
2022-11-07,2161387.403
2022-11-08,2163231.092
2022-11-09,2163148.099
2022-11-10,2161278.383
2022-11-11,2157833.137
2022-11-12,2153086.364
2022-11-13,2147363.956
2022-11-14,2141030.698
2022-11-15,2134475.731
2022-11-16,2128097.033
2022-11-17,2122285.555
2022-11-18,2117409.634
2022-11-19,2113800.310
2022-11-20,2111738.129
2022-11-21,2111441.954
2022-11-22,2113060.246
2022-11-23,2116665.142
2022-11-24,2122249.577
2022-11-25,2129727.571
2022-11-26,2138937.651
2022-11-27,2149649.293
2022-11-28,2161572.111
2022-11-29,2174367.431
2022-11-30,2187661.797
2022-12-01,2201061.856
2022-12-02,2214170.044
2022-12-03,2226600.430
2022-12-04,2237994.106
2022-12-05,2248033.495
2022-12-06,2256455.011
2022-12-07,2263059.566
2022-12-08,2267720.511
2022-12-09,2270388.680
2022-12-10,2271094.354
2022-12-11,2269946.053
2022-12-12,2267126.208
2022-12-13,2262883.890
2022-12-14,2257524.880
2022-12-15,2251399.475
2022-12-16,2244888.530
2022-12-17,2238388.267
2022-12-18,2232294.484
2022-12-19,2226986.773
2022-12-20,2222813.388
2022-12-21,2220077.361
2022-12-22,2219024.422
2022-12-23,2219833.199
2022-12-24,2222608.103
2022-12-25,2227375.158
2022-12-26,2234080.970
2022-12-27,2242594.852
2022-12-28,2252714.034
2022-12-29,2264171.748
2022-12-30,2276647.865
2022-12-31,2289781.653
2023-01-01,2299043.666
2023-01-02,2294528.858
2023-01-03,2290053.469
2023-01-04,2285646.965
2023-01-05,2281338.127
2023-01-06,2277154.759
2023-01-07,2273123.411
2023-01-08,2269269.116
2023-01-09,2265615.135
2023-01-10,2262182.729
2023-01-11,2258990.946
2023-01-12,2256056.429
2023-01-13,2253393.250
2023-01-14,2251012.770
2023-01-15,2248923.526
2023-01-16,2247131.144
2023-01-17,2245638.286
2023-01-18,2244444.619
2023-01-19,2243546.821
2023-01-20,2242938.614
2023-01-21,2242610.828
2023-01-22,2242551.489
2023-01-23,2242745.942
2023-01-24,2243176.994
2023-01-25,2243825.092
2023-01-26,2244668.511
2023-01-27,2245683.576
2023-01-28,2246844.896
2023-01-29,2248125.619
2023-01-30,2249497.701
2023-01-31,2250932.183
2023-02-01,2252399.485
2023-02-02,2253869.697
2023-02-03,2255312.881
2023-02-04,2256699.369
2023-02-05,2258000.060
2023-02-06,2259186.708
2023-02-07,2260232.210
2023-02-08,2261110.870
2023-02-09,2261798.660
2023-02-10,2262273.461
2023-02-11,2262515.280
2023-02-12,2262506.452
2023-02-13,2262231.818
2023-02-14,2261678.872
2023-02-15,2260837.892
2023-02-16,2259702.032
2023-02-17,2258267.392
2023-02-18,2256533.060
2023-02-19,2254501.114
2023-02-20,2252176.611
2023-02-21,2249567.526
2023-02-22,2246684.681
2023-02-23,2243541.632
2023-02-24,2240154.535
2023-02-25,2236541.984
2023-02-26,2232724.827
2023-02-27,2228725.954
2023-02-28,2224570.073
2023-03-01,2220283.459
2023-03-02,2215893.696
2023-03-03,2211429.395
2023-03-04,2206919.914
2023-03-05,2202395.062
2023-03-06,2197884.801
2023-03-07,2193418.949
2023-03-08,2189026.877
2023-03-09,2184737.223
2023-03-10,2180577.598
2023-03-11,2176574.316
2023-03-12,2172752.127
2023-03-13,2169133.974
2023-03-14,2165740.760
2023-03-15,2162591.139
2023-03-16,2159701.335
2023-03-17,2157084.972
2023-03-18,2154752.943
2023-03-19,2152713.303
2023-03-20,2150971.180
2023-03-21,2149528.735
2023-03-22,2148385.130
2023-03-23,2147536.545
2023-03-24,2146976.210
2023-03-25,2146694.474
2023-03-26,2146678.905
2023-03-27,2146914.410
2023-03-28,2147383.388
2023-03-29,2148065.903
2023-03-30,2148939.890
2023-03-31,2149981.366
2023-04-01,2151164.677
2023-04-02,2152462.751
2023-04-03,2153847.371
2023-04-04,2155289.453
2023-04-05,2156759.341
2023-04-06,2158227.098
2023-04-07,2159662.812
2023-04-08,2161036.889
2023-04-09,2162320.352
2023-04-10,2163485.128
2023-04-11,2164504.330
2023-04-12,2165352.527
2023-04-13,2166005.996
2023-04-14,2166442.959
2023-04-15,2166643.801
2023-04-16,2166591.269
2023-04-17,2166270.637
2023-04-18,2165669.862
2023-04-19,2164779.698
2023-04-20,2163593.791
2023-04-21,2162108.741
2023-04-22,2160324.139
2023-04-23,2158242.567
2023-04-24,2155869.576
2023-04-25,2153213.626
2023-04-26,2150286.008
2023-04-27,2147100.725
2023-04-28,2143674.354
2023-04-29,2140025.883
2023-04-30,2136176.517
2023-05-01,2132149.470
2023-05-02,2127969.730
2023-05-03,2123663.812
2023-05-04,2119259.490
2023-05-05,2114785.523
2023-05-06,2110271.365
2023-05-07,2105746.871
2023-05-08,2101242.000
2023-05-09,2096786.516
2023-05-10,2092409.688
2023-05-11,2088139.998
2023-05-12,2084004.861
2023-05-13,2080030.344
2023-05-14,2076240.912
2023-05-15,2072659.178
2023-05-16,2069305.683
2023-05-17,2066198.684
2023-05-18,2063353.978
2023-05-19,2060784.739
2023-05-20,2058501.390
2023-05-21,2056511.498
2023-05-22,2054819.696
2023-05-23,2053427.640
2023-05-24,2052333.990
2023-05-25,2051534.426
2023-05-26,2051021.688
2023-05-27,2050785.651
2023-05-28,2050813.426
2023-05-29,2051089.485
2023-05-30,2051595.823
2023-05-31,2052312.133
2023-06-01,2053216.008
2023-06-02,2054283.169
2023-06-03,2055487.705
2023-06-04,2056802.332
2023-06-05,2058198.668
2023-06-06,2059647.510
2023-06-07,2061119.136
2023-06-08,2062583.593
2023-06-09,2064011.000
2023-06-10,2065371.846
2023-06-11,2066637.286
2023-06-12,2067779.428
2023-06-13,2068771.611
2023-06-14,2069588.675
2023-06-15,2070207.205
2023-06-16,2070605.775
2023-06-17,2070765.153
2023-06-18,2070668.499
2023-06-19,2070301.530
2023-06-20,2069652.664
2023-06-21,2068713.136
2023-06-22,2067477.085
2023-06-23,2065941.614
2023-06-24,2064106.815
2023-06-25,2061975.774
2023-06-26,2059554.534
2023-06-27,2056852.039
2023-06-28,2053880.044
2023-06-29,2050652.996
2023-06-30,2047187.888
2023-07-01,2043504.097
2023-07-02,2039623.180
2023-07-03,2035568.665
2023-07-04,2031365.817
2023-07-05,2027041.380
2023-07-06,2022623.313
2023-07-07,2018140.514
2023-07-08,2013622.523
2023-07-09,2009099.235
2023-07-10,2004600.597
2023-07-11,2000156.310
2023-07-12,1995795.530
2023-07-13,1991546.581
2023-07-14,1987436.669
2023-07-15,1983491.610
2023-07-16,1979735.574
2023-07-17,1976190.841
2023-07-18,1972877.581
2023-07-19,1969813.651
2023-07-20,1967014.416
2023-07-21,1964492.596
2023-07-22,1962258.141
2023-07-23,1960318.128
2023-07-24,1958676.693
2023-07-25,1957334.988
2023-07-26,1956291.171
2023-07-27,1955540.423
2023-07-28,1955074.996
2023-07-29,1954884.294
2023-07-30,1954954.972
2023-07-31,1955271.076
2023-08-01,1955814.201
2023-08-02,1956563.669
2023-08-03,1957496.746
2023-08-04,1958588.859
2023-08-05,1959813.848
2023-08-06,1961144.225
2023-08-07,1962551.450
2023-08-08,1964006.212
2023-08-09,1965478.729
2023-08-10,1966939.040
2023-08-11,1968357.304
2023-08-12,1969704.103
2023-08-13,1970950.731
2023-08-14,1972069.485
2023-08-15,1973033.938
2023-08-16,1973819.204
2023-08-17,1974402.191
2023-08-18,1974761.823
2023-08-19,1974879.260
2023-08-20,1974738.081
2023-08-21,1974324.446
2023-08-22,1973627.241
2023-08-23,1972638.183
2023-08-24,1971351.907
2023-08-25,1969766.017
2023-08-26,1967881.109
2023-08-27,1965700.769
2023-08-28,1963231.534
2023-08-29,1960482.826
2023-08-30,1957466.863
2023-08-31,1954198.530
2023-09-01,1950695.235
2023-09-02,1946976.733
2023-09-03,1943064.930
2023-09-04,1938983.663
2023-09-05,1934758.463
2023-09-06,1930416.298
2023-09-07,1925985.305
2023-09-08,1921494.509
2023-09-09,1916973.532
2023-09-10,1912452.297
2023-09-11,1907960.732
2023-09-12,1903528.466
2023-09-13,1899184.536
2023-09-14,1894957.098
2023-09-15,1890873.141
2023-09-16,1886958.224
2023-09-17,1883236.215
2023-09-18,1879729.053
2023-09-19,1876456.534
2023-09-20,1873436.107
2023-09-21,1870682.703
2023-09-22,1868208.584
2023-09-23,1866023.223
2023-09-24,1864133.207
2023-09-25,1862542.172
2023-09-26,1861250.766
2023-09-27,1860256.645
2023-09-28,1859554.493
2023-09-29,1859136.078
2023-09-30,1858990.332
2023-10-01,1859103.463
2023-10-02,1859459.091
2023-10-03,1860038.416
2023-10-04,1860820.401
2023-10-05,1861781.984
2023-10-06,1862898.309
2023-10-07,1864142.974
2023-10-08,1865488.293
2023-10-09,1866905.577
2023-10-10,1868365.417
2023-10-11,1869837.977
2023-10-12,1871293.296
2023-10-13,1872701.585
2023-10-14,1874033.525
2023-10-15,1875260.558
2023-10-16,1876355.176
2023-10-17,1877291.193
2023-10-18,1878044.010
2023-10-19,1878590.856
2023-10-20,1878911.018
2023-10-21,1878986.050
2023-10-22,1878799.952
2023-10-23,1878339.338
2023-10-24,1877593.559
2023-10-25,1876554.820
2023-10-26,1875218.251
2023-10-27,1873581.959
2023-10-28,1871647.043
2023-10-29,1869417.590
2023-10-30,1866900.625
2023-10-31,1864106.051
2023-11-01,1861046.541
2023-11-02,1857737.416
2023-11-03,1854196.492
2023-11-04,1850443.899
2023-11-05,1846501.885
2023-11-06,1842394.589
2023-11-07,1838147.800
2023-11-08,1833788.703
2023-11-09,1829345.605
2023-11-10,1824847.650
2023-11-11,1820324.533
2023-11-12,1815806.199
2023-11-13,1811322.544
2023-11-14,1806903.121
2023-11-15,1802576.839
2023-11-16,1798371.674
2023-11-17,1794314.397
2023-11-18,1790430.297
2023-11-19,1786742.935
2023-11-20,1783273.905
2023-11-21,1780042.621
2023-11-22,1777066.120
2023-11-23,1774358.893
2023-11-24,1771932.743
2023-11-25,1769796.663
2023-11-26,1767956.746
2023-11-27,1766416.129
2023-11-28,1765174.956
2023-11-29,1764230.381
2023-11-30,1763576.593
2023-12-01,1763204.876
2023-12-02,1763103.696
2023-12-03,1763258.815
2023-12-04,1763653.436
2023-12-05,1764268.367
2023-12-06,1765082.215
2023-12-07,1766071.601
2023-12-08,1767211.391
2023-12-09,1768474.947
2023-12-10,1769834.397
2023-12-11,1771260.909
2023-12-12,1772724.981
2023-12-13,1774196.737
2023-12-14,1775646.222
2023-12-15,1777043.707
2023-12-16,1778359.979
2023-12-17,1779566.637
2023-12-18,1780636.379
2023-12-19,1781543.265
2023-12-20,1782262.988
2023-12-21,1782773.107
2023-12-22,1783053.277
2023-12-23,1783085.450
2023-12-24,1782854.057
2023-12-25,1782346.161
2023-12-26,1781551.588
2023-12-27,1780463.030
2023-12-28,1779076.114
2023-12-29,1777389.451
2023-12-30,1775404.643
2023-12-31,1773126.274
2024-01-01,1770561.862
2024-01-02,1767721.779
2024-01-03,1764619.155
2024-01-04,1761269.743
2024-01-05,1757691.759
2024-01-06,1753905.706
2024-01-07,1749934.164
2024-01-08,1745801.567
2024-01-09,1741533.959
2024-01-10,1737158.731
2024-01-11,1732704.352
2024-01-12,1728200.079
2024-01-13,1723675.669
2024-01-14,1719161.081
2024-01-15,1714686.175
2024-01-16,1710280.413
2024-01-17,1705972.568
2024-01-18,1701790.436
2024-01-19,1697760.553
2024-01-20,1693907.937
2024-01-21,1690255.833
2024-01-22,1686825.484
2024-01-23,1683635.917
2024-01-24,1680703.751
2024-01-25,1678043.037
2024-01-26,1675665.110
2024-01-27,1673578.483
2024-01-28,1671788.754
2024-01-29,1670298.559
2024-01-30,1669107.539
2024-01-31,1668212.345
2024-02-01,1667606.673
2024-02-02,1667281.328
2024-02-03,1667224.312
2024-02-04,1667420.945
2024-02-05,1667854.015
2024-02-06,1668503.946
2024-02-07,1669348.996
2024-02-08,1670365.474
2024-02-09,1671527.975
2024-02-10,1672809.634
2024-02-11,1674182.398
2024-02-12,1675617.303
2024-02-13,1677084.763
2024-02-14,1678554.866
2024-02-15,1679997.677
2024-02-16,1681383.530
2024-02-17,1682683.331
2024-02-18,1683868.843
2024-02-19,1684912.974
2024-02-20,1685790.041
2024-02-21,1686476.035
2024-02-22,1686948.851
2024-02-23,1687188.518
2024-02-24,1687177.392
2024-02-25,1686900.337
2024-02-26,1686344.871
2024-02-27,1685501.298
2024-02-28,1684362.797
2024-02-29,1682925.495
2024-03-01,1681188.506
2024-03-02,1679153.936
2024-03-03,1676826.865
2024-03-04,1674215.298
2024-03-05,1671330.078
2024-03-06,1668184.787
2024-03-07,1664795.602
2024-03-08,1661181.139
2024-03-09,1657362.264
2024-03-10,1653361.885
2024-03-11,1649204.725
2024-03-12,1644917.072
2024-03-13,1640526.520
2024-03-14,1636061.687
2024-03-15,1631551.938
2024-03-16,1627027.084
2024-03-17,1622517.087
2024-03-18,1618051.761
2024-03-19,1613660.475
2024-03-20,1609371.855
2024-03-21,1605213.505
2024-03-22,1601211.725
2024-03-23,1597391.250
2024-03-24,1593775.006
2024-03-25,1590383.877
2024-03-26,1587236.496
2024-03-27,1584349.064
2024-03-28,1581735.183
2024-03-29,1579405.720
2024-03-30,1577368.704
2024-03-31,1575629.238
2024-04-01,1574189.455
2024-04-02,1573048.492
2024-04-03,1572202.501
2024-04-04,1571644.686
2024-04-05,1571365.373
2024-04-06,1571352.105
2024-04-07,1571589.764
2024-04-08,1572060.730
2024-04-09,1572745.046
2024-04-10,1573620.628
2024-04-11,1574663.479
2024-04-12,1575847.930
2024-04-13,1577146.899
2024-04-14,1578532.158
2024-04-15,1579974.619
2024-04-16,1581444.619
2024-04-17,1582912.223
2024-04-18,1584347.520
2024-04-19,1585720.919
2024-04-20,1587003.449
2024-04-21,1588167.048
2024-04-22,1589184.841
2024-04-23,1590031.411
2024-04-24,1590683.049
2024-04-25,1591117.998
2024-04-26,1591316.663
2024-04-27,1591261.810
2024-04-28,1590938.739
2024-04-29,1590335.430
2024-04-30,1589442.663
2024-05-01,1588254.109
2024-05-02,1586766.397
2024-05-03,1584979.141
2024-05-04,1582894.952
2024-05-05,1580519.406
2024-05-06,1577860.990
2024-05-07,1574931.018
2024-05-08,1571743.517
2024-05-09,1568315.086
2024-05-10,1564664.734
2024-05-11,1560813.685
2024-05-12,1556785.170
2024-05-13,1552604.190
2024-05-14,1548297.274
2024-05-15,1543892.206
2024-05-16,1539417.752
2024-05-17,1534903.370
2024-05-18,1530378.919
2024-05-19,1525874.356
2024-05-20,1521419.443
2024-05-21,1517043.442
2024-05-22,1512774.829
2024-05-23,1508641.005
2024-05-24,1504668.027
2024-05-25,1500880.343
2024-05-26,1497300.549
2024-05-27,1493949.166
2024-05-28,1490844.431
2024-05-29,1488002.118
2024-05-30,1485435.376
2024-05-31,1483154.605
2024-06-01,1481167.344
2024-06-02,1479478.201
2024-06-03,1478088.806
2024-06-04,1476997.792
2024-06-05,1476200.811
2024-06-06,1475690.580
2024-06-07,1475456.947
2024-06-08,1475486.998
2024-06-09,1475765.186
2024-06-10,1476273.482
2024-06-11,1476991.558
2024-06-12,1477896.993
2024-06-13,1478965.490
2024-06-14,1480171.126
2024-06-15,1481486.606
2024-06-16,1482883.537
2024-06-17,1484332.714
2024-06-18,1485804.408
2024-06-19,1487268.667
2024-06-20,1488695.611
2024-06-21,1490055.736
2024-06-22,1491320.202
2024-06-23,1492461.127
2024-06-24,1493451.864
2024-06-25,1494267.264
2024-06-26,1494883.932
2024-06-27,1495280.459
2024-06-28,1495437.634
2024-06-29,1495338.637
2024-06-30,1494969.211
2024-07-01,1494317.798
2024-07-02,1493375.658
2024-07-03,1492136.957
2024-07-04,1490598.822
2024-07-05,1488761.374
2024-07-06,1486627.724
2024-07-07,1484203.943
2024-07-08,1481498.999
2024-07-09,1478524.671
2024-07-10,1475295.430
2024-07-11,1471828.291
2024-07-12,1468142.651
2024-07-13,1464260.086
2024-07-14,1460204.140
2024-07-15,1456000.092
2024-07-16,1451674.699
2024-07-17,1447255.929
2024-07-18,1442772.686
2024-07-19,1438254.517
2024-07-20,1433731.316
2024-07-21,1429233.031
2024-07-22,1424789.358
2024-07-23,1420429.448
2024-07-24,1416181.616
2024-07-25,1412073.056
2024-07-26,1408129.573
2024-07-27,1404375.318
2024-07-28,1400832.556
2024-07-29,1397521.435
2024-07-30,1394459.792
2024-07-31,1391662.969
2024-08-01,1389143.662
2024-08-02,1386911.795
2024-08-03,1384974.420
2024-08-04,1383335.647
2024-08-05,1381996.600
2024-08-06,1380955.412
2024-08-07,1380207.236
2024-08-08,1379744.300
2024-08-09,1379555.981
2024-08-10,1379628.913
2024-08-11,1379947.119
2024-08-12,1380492.170
2024-08-13,1381243.372
2024-08-14,1382177.972
2024-08-15,1383271.382
2024-08-16,1384497.430
2024-08-17,1385828.617
2024-08-18,1387236.394
2024-08-19,1388691.446
2024-08-20,1390163.986
2024-08-21,1391624.054
2024-08-22,1393041.812
2024-08-23,1394387.846
2024-08-24,1395633.459
2024-08-25,1396750.957
2024-08-26,1397713.925
2024-08-27,1398497.494
2024-08-28,1399078.586
2024-08-29,1399436.147
2024-08-30,1399551.356
2024-08-31,1399407.813
2024-09-01,1398991.705
2024-09-02,1398291.940
2024-09-03,1397300.262
2024-09-04,1396011.331
2024-09-05,1394422.778
2024-09-06,1392535.226
2024-09-07,1390352.287
2024-09-08,1387880.524
2024-09-09,1385129.385
2024-09-10,1382111.111
2024-09-11,1378840.611
2024-09-12,1375335.314
2024-09-13,1371614.996
2024-09-14,1367701.580
2024-09-15,1363618.920
2024-09-16,1359392.561
2024-09-17,1355049.481
2024-09-18,1350617.828
2024-09-19,1346126.633
2024-09-20,1341605.521
2024-09-21,1337084.419
2024-09-22,1332593.251
2024-09-23,1328161.642
2024-09-24,1323818.625
2024-09-25,1319592.344
2024-09-26,1315509.779
2024-09-27,1311596.473
2024-09-28,1307876.278
2024-09-29,1304371.117
2024-09-30,1301100.763
2024-10-01,1298082.646
2024-10-02,1295331.672
2024-10-03,1292860.081
2024-10-04,1290677.318
2024-10-05,1288789.946
2024-10-06,1287201.573
2024-10-07,1285912.823
2024-10-08,1284921.323
2024-10-09,1284221.732
2024-10-10,1283805.791
2024-10-11,1283662.408
2024-10-12,1283777.769
2024-10-13,1284135.470
2024-10-14,1284716.691
2024-10-15,1285500.375
2024-10-16,1286463.445
2024-10-17,1287581.028
2024-10-18,1288826.710
2024-10-19,1290172.796
2024-10-20,1291590.588
2024-10-21,1293050.672
2024-10-22,1294523.211
2024-10-23,1295978.244
2024-10-24,1297385.983
2024-10-25,1298717.115
2024-10-26,1299943.091
2024-10-27,1301036.413
2024-10-28,1301970.910
2024-10-29,1302721.995
2024-10-30,1303266.915
2024-10-31,1303584.978
2024-11-01,1303657.757
2024-11-02,1303469.276
2024-11-03,1303006.171
2024-11-04,1302257.821
2024-11-05,1301216.454
2024-11-06,1299877.227
2024-11-07,1298238.273
2024-11-08,1296300.719
2024-11-09,1294068.677
2024-11-10,1291549.199
2024-11-11,1288752.212
2024-11-12,1285690.413
2024-11-13,1282379.148
2024-11-14,1278836.252
2024-11-15,1275081.876
2024-11-16,1271138.285
2024-11-17,1267029.634
2024-11-18,1262781.726
2024-11-19,1258421.757
2024-11-20,1253978.042
2024-11-21,1249479.733
2024-11-22,1244956.526
2024-11-23,1240438.369
2024-11-24,1235955.156
2024-11-25,1231536.434
2024-11-26,1227211.105
2024-11-27,1223007.139
2024-11-28,1218951.290
2024-11-29,1215068.837
2024-11-30,1211383.322
2024-12-01,1207916.322
2024-12-02,1204687.229
2024-12-03,1201713.059
2024-12-04,1199008.282
2024-12-05,1196584.673
2024-12-06,1194451.200
2024-12-07,1192613.932
2024-12-08,1191075.978
2024-12-09,1189837.456
2024-12-10,1188895.494
2024-12-11,1188244.253
2024-12-12,1187874.994
2024-12-13,1187776.157
2024-12-14,1187933.481
2024-12-15,1188330.147
2024-12-16,1188946.941
2024-12-17,1189762.455
2024-12-18,1190753.289
2024-12-19,1191894.298
2024-12-20,1193158.830
2024-12-21,1194519.003
2024-12-22,1195945.979
2024-12-23,1197410.252
2024-12-24,1198881.941
2024-12-25,1200331.096
2024-12-26,1201727.986
2024-12-27,1203043.408
2024-12-28,1204248.969
2024-12-29,1205317.376
2024-12-30,1206222.705
2024-12-31,1206940.662
2025-01-01,1207448.824
2025-01-02,1207726.868
2025-01-03,1207756.765
2025-01-04,1207522.969
2025-01-05,1207012.567
2025-01-06,1206215.411
2025-01-07,1205124.218
2025-01-08,1203734.642
2025-01-09,1202045.319
2025-01-10,1200057.879
2025-01-11,1197776.933
2025-01-12,1195210.022
2025-01-13,1192367.546
2025-01-14,1189262.657
2025-01-15,1185911.131
2025-01-16,1182331.205
2025-01-17,1178543.402
2025-01-18,1174570.320
2025-01-19,1170436.407
2025-01-20,1166167.721
2025-01-21,1161791.664
2025-01-22,1157336.711
2025-01-23,1152832.128
2025-01-24,1148307.674
2025-01-25,1143793.307
2025-01-26,1139318.886
2025-01-27,1134913.868
2025-01-28,1130607.020
2025-01-29,1126426.124
2025-01-30,1122397.708
2025-01-31,1118546.774
2025-02-01,1114896.549
2025-02-02,1111468.259
2025-02-03,1108280.908
2025-02-04,1105351.095
2025-02-05,1102692.847
2025-02-06,1100317.474
2025-02-07,1098233.463
2025-02-08,1096446.388
2025-02-09,1094958.856
2025-02-10,1093770.482
2025-02-11,1092877.891
2025-02-12,1092274.754
2025-02-13,1091951.849
2025-02-14,1091897.154
2025-02-15,1092095.966
2025-02-16,1092531.052
2025-02-17,1093182.815
2025-02-18,1094029.495
2025-02-19,1095047.384
2025-02-20,1096211.063
2025-02-21,1097493.656
2025-02-22,1098867.101
2025-02-23,1100302.426
2025-02-24,1101770.041
2025-02-25,1103240.034
2025-02-26,1104682.468
2025-02-27,1106067.684
2025-02-28,1107366.593
2025-03-01,1108550.967
2025-03-02,1109593.724
2025-03-03,1110469.198
2025-03-04,1111153.392
2025-03-05,1111624.222
2025-03-06,1111861.736
2025-03-07,1111848.311
2025-03-08,1111568.834
2025-03-09,1111010.848
2025-03-10,1110164.681
2025-03-11,1109023.539
2025-03-12,1107583.575
2025-03-13,1105843.929
2025-03-14,1103806.734
2025-03-15,1101477.098
2025-03-16,1098863.047
2025-03-17,1095975.454
2025-03-18,1092827.922
2025-03-19,1089436.651
2025-03-20,1085820.277
2025-03-21,1081999.686
2025-03-22,1077997.804
2025-03-23,1073839.367
2025-03-24,1069550.677
2025-03-25,1065159.338
2025-03-26,1060693.976
2025-03-27,1056183.961
2025-03-28,1051659.107
2025-03-29,1047149.376
2025-03-30,1042684.580
2025-03-31,1038294.080
2025-04-01,1034006.498
2025-04-02,1029849.425
2025-04-03,1025849.148
2025-04-04,1022030.390
2025-04-05,1018416.056
2025-04-06,1015027.013
2025-04-07,1011881.874
2025-04-08,1008996.816
2025-04-09,1006385.416
2025-04-10,1004058.520
2025-04-11,1002024.128
2025-04-12,1000287.319
2025-04-13,998850.198
2025-04-14,997711.876
2025-04-15,996868.479
2025-04-16,996313.185
2025-04-17,996036.294
2025-04-18,996025.324
2025-04-19,996265.137
2025-04-20,996738.088
2025-04-21,997424.204
2025-04-22,998301.380
2025-04-23,999345.603
2025-04-24,1000531.193
2025-04-25,1001831.054
2025-04-26,1003216.950
2025-04-27,1004659.786
2025-04-28,1006129.897
2025-04-29,1007597.346
2025-04-30,1009032.222
2025-05-01,1010404.940
2025-05-02,1011686.536
2025-05-03,1012848.957
2025-05-04,1013865.339
2025-05-05,1014710.279
2025-05-06,1015360.085
2025-05-07,1015793.018
2025-05-08,1015989.504
2025-05-09,1015932.329
2025-05-10,1015606.818
2025-05-11,1015000.975
2025-05-12,1014105.605
2025-05-13,1012914.404
2025-05-14,1011424.028
2025-05-15,1009634.120
2025-05-16,1007547.314
2025-05-17,1005169.214
2025-05-18,1002508.333
2025-05-19,999576.008
2025-05-20,996386.290
2025-05-21,992955.801
2025-05-22,989303.570
2025-05-23,985450.840
2025-05-24,981420.858
2025-05-25,977238.641
2025-05-26,972930.729
2025-05-27,968524.917
2025-05-28,964049.977
2025-05-29,959535.374
2025-05-30,955010.968
2025-05-31,950506.716
2025-06-01,946052.376
2025-06-02,941677.205
2025-06-03,937409.670
2025-06-04,933277.162
2025-06-05,929305.725
2025-06-06,925519.791
2025-06-07,921941.939
2025-06-08,918592.669
2025-06-09,915490.200
2025-06-10,912650.279
2025-06-11,910086.036
2025-06-12,907807.843
2025-06-13,905823.214
2025-06-14,904136.731
2025-06-15,902749.996
2025-06-16,901661.616
2025-06-17,900867.219
2025-06-18,900359.493
2025-06-19,900128.263
2025-06-20,900160.591
2025-06-21,900440.905
2025-06-22,900951.156
2025-06-23,901670.999
2025-06-24,902577.991
2025-06-25,903647.823
2025-06-26,904854.556
2025-06-27,906170.886
2025-06-28,907568.410
2025-06-29,909017.918
2025-06-30,910489.679
2025-07-01,911953.737
2025-07-02,913380.217
2025-07-03,914739.618
2025-07-04,916003.108
2025-07-05,917142.815
2025-07-06,918132.102
2025-07-07,918945.838
2025-07-08,919560.642
2025-07-09,919955.124
2025-07-10,920110.094
2025-07-11,920008.755
2025-07-12,919636.871
2025-07-13,918982.910
2025-07-14,918038.157
2025-07-15,916796.804
2025-07-16,915256.006
2025-07-17,913415.910
2025-07-18,911279.652
2025-07-19,908853.330
2025-07-20,906145.937
2025-07-21,903169.278
2025-07-22,899937.845
2025-07-23,896468.677
2025-07-24,892781.190
2025-07-25,888896.978
2025-07-26,884839.604
2025-07-27,880634.358
2025-07-28,876308.011
2025-07-29,871888.540
2025-07-30,867404.856
2025-07-31,862886.510
2025-08-01,858363.399
2025-08-02,853865.469
2025-08-03,849422.412
2025-08-04,845063.375
2025-08-05,840816.662
2025-08-06,836709.457
2025-08-07,832767.550
2025-08-08,829015.079
2025-08-09,825474.289
2025-08-10,822165.309
2025-08-11,819105.954
2025-08-12,816311.544
2025-08-13,813794.750
2025-08-14,811565.473
2025-08-15,809630.736
2025-08-16,807994.624
2025-08-17,806658.236
2025-08-18,805619.675
2025-08-19,804874.071
2025-08-20,804413.625
2025-08-21,804227.690
2025-08-22,804302.874
2025-08-23,804623.179
2025-08-24,805170.155
2025-08-25,805923.090
2025-08-26,806859.211
2025-08-27,807953.916
2025-08-28,809181.021
2025-08-29,810513.015
2025-08-30,811921.341
2025-08-31,813376.680
2025-09-01,814849.242
2025-09-02,816309.065
2025-09-03,817726.314
2025-09-04,819071.582
2025-09-05,820316.177
2025-09-06,821432.416
2025-09-07,822393.898
2025-09-08,823175.768
2025-09-09,823754.964
2025-09-10,824110.452
2025-09-11,824223.431
2025-09-12,824077.524
2025-09-13,823658.941
2025-09-14,822956.616
2025-09-15,821962.317
2025-09-16,820670.731
2025-09-17,819079.515
2025-09-18,817189.319
2025-09-19,815003.782
2025-09-20,812529.491
2025-09-21,809775.922
2025-09-22,806755.339
2025-09-23,803482.673
2025-09-24,799975.376
2025-09-25,796253.243
2025-09-26,792338.217
2025-09-27,788254.166
2025-09-28,784026.649
2025-09-29,779682.657
2025-09-30,775250.347
2025-10-01,770758.754
2025-10-02,766237.511
2025-10-03,761716.543
2025-10-04,757225.774
2025-10-05,752794.826
2025-10-06,748452.723
2025-10-07,744227.602
2025-10-08,740146.429
2025-10-09,736234.736
2025-10-10,732516.358
2025-10-11,729013.198
2025-10-12,725745.012
2025-10-13,722729.206
2025-10-14,719980.664
2025-10-15,717511.600
2025-10-16,715331.437
2025-10-17,713446.708
2025-10-18,711860.999
2025-10-19,710574.903
2025-10-20,709586.023
2025-10-21,708888.992
2025-10-22,708475.525
2025-10-23,708334.505
2025-10-24,708452.094
2025-10-25,708811.867
2025-10-26,709394.982
2025-10-27,710180.364
2025-10-28,711144.917
2025-10-29,712263.756
2025-10-30,713510.454
2025-10-31,714857.304
2025-11-01,716275.603
2025-11-02,717735.929
2025-11-03,719208.444
2025-11-04,720663.187
2025-11-05,722070.374
2025-11-06,723400.696
2025-11-07,724625.614
2025-11-08,725717.639
2025-11-09,726650.612
2025-11-10,727399.963
2025-11-11,727942.956
2025-11-12,728258.918
2025-11-13,728329.443
2025-11-14,728138.578
2025-11-15,727672.983
2025-11-16,726922.060
2025-11-17,725878.064
2025-11-18,724536.179
2025-11-19,722894.563
2025-11-20,720954.371
2025-11-21,718719.741
2025-11-22,716197.751
2025-11-23,713398.352
2025-11-24,710334.266
2025-11-25,707020.861
2025-11-26,703475.995
2025-11-27,699719.838
2025-11-28,695774.672
2025-11-29,691664.668
2025-11-30,687415.644
2025-12-01,683054.805
2025-12-02,678610.475
2025-12-03,674111.814
2025-12-04,669588.520
2025-12-05,665070.542
2025-12-06,660587.772
2025-12-07,656169.754
2025-12-08,651845.381
2025-12-09,647642.614
2025-12-10,643588.197
2025-12-11,639707.392
2025-12-12,636023.726
2025-12-13,632558.757
2025-12-14,629331.857
2025-12-15,626360.020
2025-12-16,623657.692
2025-12-17,621236.625
2025-12-18,619105.760
2025-12-19,617271.142
2025-12-20,615735.851
2025-12-21,614499.980
2025-12-22,613560.630
2025-12-23,612911.937
2025-12-24,612545.134
2025-12-25,612448.639
2025-12-26,612608.166
2025-12-27,613006.875
2025-12-28,613625.532
2025-12-29,614442.708
2025-12-30,615434.990
2025-12-31,616577.214
2026-01-01,617842.720
2026-01-02,619203.615
2026-01-03,620631.053
2026-01-04,622095.523
2026-01-05,623567.144
2026-01-06,625015.965
2026-01-07,626412.259
2026-01-08,627726.829
2026-01-09,628931.290
2026-01-10,629998.361
2026-01-11,630902.130
2026-01-12,631618.319
2026-01-13,632124.524
2026-01-14,632400.439
2026-01-15,632428.059
2026-01-16,632191.859
2026-01-17,631678.951
2026-01-18,630879.211
2026-01-19,629785.383
2026-01-20,628393.146
2026-01-21,626701.163
2026-01-22,624711.092
2026-01-23,622427.569
2026-01-24,619858.160
2026-01-25,617013.292
2026-01-26,613906.139
2026-01-27,610552.501
2026-01-28,606970.636
2026-01-29,603181.085
2026-01-30,599206.464
2026-01-31,595071.237
2026-02-01,590801.475
2026-02-02,586424.590
2026-02-03,581969.067
2026-02-04,577464.176
2026-02-05,572939.679
2026-02-06,568425.536
2026-02-07,563951.602
2026-02-08,559547.331
2026-02-09,555241.481
2026-02-10,551061.825
2026-02-11,547034.878
2026-02-12,543185.626
2026-02-13,539537.283
2026-02-14,536111.052
2026-02-15,532925.919
2026-02-16,529998.461
2026-02-17,527342.679
2026-02-18,524969.861
2026-02-19,522888.467
2026-02-20,521104.045
2026-02-21,519619.176
2026-02-22,518433.448
2026-02-23,517543.461
2026-02-24,516942.858
2026-02-25,516622.392
2026-02-26,516570.016
2026-02-27,516771.007
2026-02-28,517208.106
2026-03-01,517861.699
2026-03-02,518710.007
2026-03-03,519729.305
2026-03-04,520894.160
2026-03-05,522177.686
2026-03-06,523551.809
2026-03-07,524987.552
2026-03-08,526455.319
2026-03-09,527925.199
2026-03-10,529367.255
2026-03-11,530751.832
2026-03-12,532049.846
2026-03-13,533233.079
2026-03-14,534274.462
2026-03-15,535148.339
2026-03-16,535830.733
2026-03-17,536299.575
2026-03-18,536534.934
2026-03-19,536519.209
2026-03-20,536237.309
2026-03-21,535676.802
2026-03-22,534828.041
2026-03-23,533684.257
2026-03-24,532241.631
2026-03-25,530499.329
2026-03-26,528459.510
2026-03-27,526127.307
2026-03-28,523510.776
2026-03-29,520620.810
2026-03-30,517471.038
2026-03-31,514077.682
2026-04-01,510459.399
2026-04-02,506637.095
2026-04-03,502633.710
2026-04-04,498473.999
2026-04-05,494184.274
2026-04-06,489792.150
2026-04-07,485326.262
2026-04-08,480815.983
2026-04-09,476291.131
2026-04-10,471781.669
2026-04-11,467317.404
2026-04-12,462927.694
2026-04-13,458641.151
2026-04-14,454485.357
2026-04-15,450486.586
2026-04-16,446669.545
2026-04-17,443057.124
2026-04-18,439670.169
2026-04-19,436527.272
2026-04-20,433644.588
2026-04-21,431035.672
2026-04-22,428711.343
2026-04-23,426679.576
2026-04-24,424945.424
2026-04-25,423510.965
2026-04-26,422375.284
2026-04-27,421534.480
2026-04-28,420981.706
2026-04-29,420707.235
2026-04-30,420698.563
2026-05-01,420940.528
2026-05-02,421415.464
2026-05-03,422103.376
2026-05-04,422982.144
2026-05-05,424027.739
2026-05-06,425214.464
2026-05-07,426515.215
2026-05-08,427901.747
2026-05-09,429344.956
2026-05-10,430815.175
2026-05-11,432282.466
2026-05-12,433716.920
2026-05-13,435088.955
2026-05-14,436369.615
2026-05-15,437530.854
2026-05-16,438545.823
2026-05-17,439389.131
2026-05-18,440037.104
2026-05-19,440468.020
2026-05-20,440662.325
2026-05-21,440602.828
2026-05-22,440274.876
2026-05-23,439666.497
2026-05-24,438768.523
2026-05-25,437574.676
2026-05-26,436081.637
2026-05-27,434289.075
2026-05-28,432199.653
2026-05-29,429819.000
2026-05-30,427155.654
