observation_date,T10Y2Y
2015-01-01,1.300
2015-01-02,1.300
2015-01-03,1.300
2015-01-04,1.300
2015-01-05,1.300
2015-01-06,1.300
2015-01-07,1.300
2015-01-08,1.300
2015-01-09,1.300
2015-01-10,1.300
2015-01-11,1.300
2015-01-12,1.300
2015-01-13,1.300
2015-01-14,1.300
2015-01-15,1.300
2015-01-16,1.300
2015-01-17,1.300
2015-01-18,1.300
2015-01-19,1.300
2015-01-20,1.300
2015-01-21,1.300
2015-01-22,1.299
2015-01-23,1.299
2015-01-24,1.299
2015-01-25,1.299
2015-01-26,1.299
2015-01-27,1.299
2015-01-28,1.299
2015-01-29,1.299
2015-01-30,1.299
2015-01-31,1.299
2015-02-01,1.299
2015-02-02,1.299
2015-02-03,1.299
2015-02-04,1.299
2015-02-05,1.299
2015-02-06,1.299
2015-02-07,1.299
2015-02-08,1.299
2015-02-09,1.299
2015-02-10,1.299
2015-02-11,1.299
2015-02-12,1.299
2015-02-13,1.299
2015-02-14,1.299
2015-02-15,1.299
2015-02-16,1.299
2015-02-17,1.299
2015-02-18,1.299
2015-02-19,1.299
2015-02-20,1.299
2015-02-21,1.299
2015-02-22,1.299
2015-02-23,1.299
2015-02-24,1.299
2015-02-25,1.299
2015-02-26,1.299
2015-02-27,1.299
2015-02-28,1.299
2015-03-01,1.299
2015-03-02,1.299
2015-03-03,1.299
2015-03-04,1.299
2015-03-05,1.298
2015-03-06,1.298
2015-03-07,1.298
2015-03-08,1.298
2015-03-09,1.298
2015-03-10,1.298
2015-03-11,1.298
2015-03-12,1.298
2015-03-13,1.298
2015-03-14,1.298
2015-03-15,1.298
2015-03-16,1.298
2015-03-17,1.298
2015-03-18,1.298
2015-03-19,1.298
2015-03-20,1.298
2015-03-21,1.298
2015-03-22,1.298
2015-03-23,1.298
2015-03-24,1.298
2015-03-25,1.298
2015-03-26,1.298
2015-03-27,1.298
2015-03-28,1.298
2015-03-29,1.298
2015-03-30,1.298
2015-03-31,1.298
2015-04-01,1.298
2015-04-02,1.298
2015-04-03,1.298
2015-04-04,1.298
2015-04-05,1.298
2015-04-06,1.298
2015-04-07,1.298
2015-04-08,1.298
2015-04-09,1.298
2015-04-10,1.298
2015-04-11,1.298
2015-04-12,1.298
2015-04-13,1.298
2015-04-14,1.298
2015-04-15,1.298
2015-04-16,1.297
2015-04-17,1.297
2015-04-18,1.297
2015-04-19,1.297
2015-04-20,1.297
2015-04-21,1.297
2015-04-22,1.297
2015-04-23,1.297
2015-04-24,1.297
2015-04-25,1.297
2015-04-26,1.297
2015-04-27,1.297
2015-04-28,1.297
2015-04-29,1.297
2015-04-30,1.297
2015-05-01,1.297
2015-05-02,1.297
2015-05-03,1.297
2015-05-04,1.297
2015-05-05,1.297
2015-05-06,1.297
2015-05-07,1.297
2015-05-08,1.297
2015-05-09,1.297
2015-05-10,1.297
2015-05-11,1.297
2015-05-12,1.297
2015-05-13,1.297
2015-05-14,1.297
2015-05-15,1.297
2015-05-16,1.297
2015-05-17,1.297
2015-05-18,1.297
2015-05-19,1.297
2015-05-20,1.297
2015-05-21,1.297
2015-05-22,1.297
2015-05-23,1.297
2015-05-24,1.297
2015-05-25,1.297
2015-05-26,1.297
2015-05-27,1.296
2015-05-28,1.296
2015-05-29,1.296
2015-05-30,1.296
2015-05-31,1.296
2015-06-01,1.296
2015-06-02,1.296
2015-06-03,1.296
2015-06-04,1.296
2015-06-05,1.296
2015-06-06,1.296
2015-06-07,1.296
2015-06-08,1.296
2015-06-09,1.296
2015-06-10,1.296
2015-06-11,1.296
2015-06-12,1.296
2015-06-13,1.296
2015-06-14,1.296
2015-06-15,1.296
2015-06-16,1.296
2015-06-17,1.296
2015-06-18,1.296
2015-06-19,1.296
2015-06-20,1.296
2015-06-21,1.296
2015-06-22,1.296
2015-06-23,1.296
2015-06-24,1.296
2015-06-25,1.296
2015-06-26,1.296
2015-06-27,1.296
2015-06-28,1.296
2015-06-29,1.296
2015-06-30,1.296
2015-07-01,1.296
2015-07-02,1.296
2015-07-03,1.296
2015-07-04,1.296
2015-07-05,1.296
2015-07-06,1.296
2015-07-07,1.296
2015-07-08,1.295
2015-07-09,1.295
2015-07-10,1.295
2015-07-11,1.295
2015-07-12,1.295
2015-07-13,1.295
2015-07-14,1.295
2015-07-15,1.295
2015-07-16,1.295
2015-07-17,1.295
2015-07-18,1.295
2015-07-19,1.295
2015-07-20,1.295
2015-07-21,1.295
2015-07-22,1.295
2015-07-23,1.295
2015-07-24,1.295
2015-07-25,1.295
2015-07-26,1.295
2015-07-27,1.295
2015-07-28,1.295
2015-07-29,1.295
2015-07-30,1.295
2015-07-31,1.295
2015-08-01,1.295
2015-08-02,1.295
2015-08-03,1.295
2015-08-04,1.295
2015-08-05,1.295
2015-08-06,1.295
2015-08-07,1.295
2015-08-08,1.295
2015-08-09,1.295
2015-08-10,1.295
2015-08-11,1.295
2015-08-12,1.295
2015-08-13,1.295
2015-08-14,1.295
2015-08-15,1.295
2015-08-16,1.295
2015-08-17,1.295
2015-08-18,1.295
2015-08-19,1.294
2015-08-20,1.294
2015-08-21,1.294
2015-08-22,1.294
2015-08-23,1.294
2015-08-24,1.294
2015-08-25,1.294
2015-08-26,1.294
2015-08-27,1.294
2015-08-28,1.294
2015-08-29,1.294
2015-08-30,1.294
2015-08-31,1.294
2015-09-01,1.294
2015-09-02,1.294
2015-09-03,1.294
2015-09-04,1.294
2015-09-05,1.294
2015-09-06,1.294
2015-09-07,1.294
2015-09-08,1.294
2015-09-09,1.294
2015-09-10,1.294
2015-09-11,1.294
2015-09-12,1.294
2015-09-13,1.294
2015-09-14,1.294
2015-09-15,1.294
2015-09-16,1.294
2015-09-17,1.294
2015-09-18,1.294
2015-09-19,1.294
2015-09-20,1.294
2015-09-21,1.294
2015-09-22,1.294
2015-09-23,1.294
2015-09-24,1.294
2015-09-25,1.294
2015-09-26,1.294
2015-09-27,1.294
2015-09-28,1.294
2015-09-29,1.293
2015-09-30,1.293
2015-10-01,1.293
2015-10-02,1.293
2015-10-03,1.293
2015-10-04,1.293
2015-10-05,1.293
2015-10-06,1.293
2015-10-07,1.293
2015-10-08,1.293
2015-10-09,1.293
2015-10-10,1.293
2015-10-11,1.293
2015-10-12,1.293
2015-10-13,1.293
2015-10-14,1.293
2015-10-15,1.293
2015-10-16,1.293
2015-10-17,1.293
2015-10-18,1.293
2015-10-19,1.293
2015-10-20,1.293
2015-10-21,1.293
2015-10-22,1.293
2015-10-23,1.293
2015-10-24,1.293
2015-10-25,1.293
2015-10-26,1.293
2015-10-27,1.293
2015-10-28,1.293
2015-10-29,1.293
2015-10-30,1.293
2015-10-31,1.293
2015-11-01,1.293
2015-11-02,1.293
2015-11-03,1.293
2015-11-04,1.293
2015-11-05,1.293
2015-11-06,1.293
2015-11-07,1.293
2015-11-08,1.293
2015-11-09,1.293
2015-11-10,1.292
2015-11-11,1.292
2015-11-12,1.292
2015-11-13,1.292
2015-11-14,1.292
2015-11-15,1.292
2015-11-16,1.292
2015-11-17,1.292
2015-11-18,1.292
2015-11-19,1.292
2015-11-20,1.292
2015-11-21,1.292
2015-11-22,1.292
2015-11-23,1.292
2015-11-24,1.292
2015-11-25,1.292
2015-11-26,1.292
2015-11-27,1.292
2015-11-28,1.292
2015-11-29,1.292
2015-11-30,1.292
2015-12-01,1.292
2015-12-02,1.292
2015-12-03,1.292
2015-12-04,1.292
2015-12-05,1.292
2015-12-06,1.292
2015-12-07,1.292
2015-12-08,1.292
2015-12-09,1.292
2015-12-10,1.292
2015-12-11,1.292
2015-12-12,1.292
2015-12-13,1.292
2015-12-14,1.292
2015-12-15,1.292
2015-12-16,1.292
2015-12-17,1.292
2015-12-18,1.292
2015-12-19,1.292
2015-12-20,1.292
2015-12-21,1.292
2015-12-22,1.291
2015-12-23,1.291
2015-12-24,1.291
2015-12-25,1.291
2015-12-26,1.291
2015-12-27,1.291
2015-12-28,1.291
2015-12-29,1.291
2015-12-30,1.291
2015-12-31,1.291
2016-01-01,1.291
2016-01-02,1.291
2016-01-03,1.291
2016-01-04,1.291
2016-01-05,1.291
2016-01-06,1.291
2016-01-07,1.291
2016-01-08,1.291
2016-01-09,1.291
2016-01-10,1.291
2016-01-11,1.291
2016-01-12,1.291
2016-01-13,1.291
2016-01-14,1.291
2016-01-15,1.291
2016-01-16,1.291
2016-01-17,1.291
2016-01-18,1.291
2016-01-19,1.291
2016-01-20,1.291
2016-01-21,1.291
2016-01-22,1.291
2016-01-23,1.291
2016-01-24,1.291
2016-01-25,1.291
2016-01-26,1.291
2016-01-27,1.291
2016-01-28,1.291
2016-01-29,1.291
2016-01-30,1.291
2016-01-31,1.291
2016-02-01,1.290
2016-02-02,1.290
2016-02-03,1.290
2016-02-04,1.290
2016-02-05,1.290
2016-02-06,1.290
2016-02-07,1.290
2016-02-08,1.290
2016-02-09,1.290
2016-02-10,1.290
2016-02-11,1.290
2016-02-12,1.290
2016-02-13,1.290
2016-02-14,1.290
2016-02-15,1.290
2016-02-16,1.290
2016-02-17,1.290
2016-02-18,1.290
2016-02-19,1.290
2016-02-20,1.290
2016-02-21,1.290
2016-02-22,1.290
2016-02-23,1.290
2016-02-24,1.290
2016-02-25,1.290
2016-02-26,1.290
2016-02-27,1.290
2016-02-28,1.290
2016-02-29,1.290
2016-03-01,1.290
2016-03-02,1.290
2016-03-03,1.290
2016-03-04,1.290
2016-03-05,1.290
2016-03-06,1.290
2016-03-07,1.290
2016-03-08,1.290
2016-03-09,1.290
2016-03-10,1.290
2016-03-11,1.290
2016-03-12,1.290
2016-03-13,1.290
2016-03-14,1.289
2016-03-15,1.289
2016-03-16,1.289
2016-03-17,1.289
2016-03-18,1.289
2016-03-19,1.289
2016-03-20,1.289
2016-03-21,1.289
2016-03-22,1.289
2016-03-23,1.289
2016-03-24,1.289
2016-03-25,1.289
2016-03-26,1.289
2016-03-27,1.289
2016-03-28,1.289
2016-03-29,1.289
2016-03-30,1.289
2016-03-31,1.289
2016-04-01,1.289
2016-04-02,1.289
2016-04-03,1.289
2016-04-04,1.289
2016-04-05,1.289
2016-04-06,1.289
2016-04-07,1.289
2016-04-08,1.289
2016-04-09,1.289
2016-04-10,1.289
2016-04-11,1.289
2016-04-12,1.289
2016-04-13,1.289
2016-04-14,1.289
2016-04-15,1.289
2016-04-16,1.289
2016-04-17,1.289
2016-04-18,1.289
2016-04-19,1.289
2016-04-20,1.289
2016-04-21,1.289
2016-04-22,1.289
2016-04-23,1.289
2016-04-24,1.289
2016-04-25,1.288
2016-04-26,1.288
2016-04-27,1.288
2016-04-28,1.288
2016-04-29,1.288
2016-04-30,1.288
2016-05-01,1.288
2016-05-02,1.288
2016-05-03,1.288
2016-05-04,1.288
2016-05-05,1.288
2016-05-06,1.288
2016-05-07,1.288
2016-05-08,1.288
2016-05-09,1.288
2016-05-10,1.288
2016-05-11,1.288
2016-05-12,1.288
2016-05-13,1.288
2016-05-14,1.288
2016-05-15,1.288
2016-05-16,1.288
2016-05-17,1.288
2016-05-18,1.288
2016-05-19,1.288
2016-05-20,1.288
2016-05-21,1.288
2016-05-22,1.288
2016-05-23,1.288
2016-05-24,1.288
2016-05-25,1.288
2016-05-26,1.288
2016-05-27,1.288
2016-05-28,1.288
2016-05-29,1.288
2016-05-30,1.288
2016-05-31,1.288
2016-06-01,1.288
2016-06-02,1.288
2016-06-03,1.288
2016-06-04,1.288
2016-06-05,1.288
2016-06-06,1.287
2016-06-07,1.287
2016-06-08,1.287
2016-06-09,1.287
2016-06-10,1.287
2016-06-11,1.287
2016-06-12,1.287
2016-06-13,1.287
2016-06-14,1.287
2016-06-15,1.287
2016-06-16,1.287
2016-06-17,1.287
2016-06-18,1.287
2016-06-19,1.287
2016-06-20,1.287
2016-06-21,1.287
2016-06-22,1.287
2016-06-23,1.287
2016-06-24,1.287
2016-06-25,1.287
2016-06-26,1.287
2016-06-27,1.287
2016-06-28,1.287
2016-06-29,1.287
2016-06-30,1.287
2016-07-01,1.287
2016-07-02,1.287
2016-07-03,1.287
2016-07-04,1.287
2016-07-05,1.287
2016-07-06,1.287
2016-07-07,1.287
2016-07-08,1.287
2016-07-09,1.287
2016-07-10,1.287
2016-07-11,1.287
2016-07-12,1.287
2016-07-13,1.287
2016-07-14,1.287
2016-07-15,1.287
2016-07-16,1.287
2016-07-17,1.286
2016-07-18,1.286
2016-07-19,1.286
2016-07-20,1.286
2016-07-21,1.286
2016-07-22,1.286
2016-07-23,1.286
2016-07-24,1.286
2016-07-25,1.286
2016-07-26,1.286
2016-07-27,1.286
2016-07-28,1.286
2016-07-29,1.286
2016-07-30,1.286
2016-07-31,1.286
2016-08-01,1.286
2016-08-02,1.286
2016-08-03,1.286
2016-08-04,1.286
2016-08-05,1.286
2016-08-06,1.286
2016-08-07,1.286
2016-08-08,1.286
2016-08-09,1.286
2016-08-10,1.286
2016-08-11,1.286
2016-08-12,1.286
2016-08-13,1.286
2016-08-14,1.286
2016-08-15,1.286
2016-08-16,1.286
2016-08-17,1.286
2016-08-18,1.286
2016-08-19,1.286
2016-08-20,1.286
2016-08-21,1.286
2016-08-22,1.286
2016-08-23,1.286
2016-08-24,1.286
2016-08-25,1.286
2016-08-26,1.286
2016-08-27,1.286
2016-08-28,1.285
2016-08-29,1.285
2016-08-30,1.285
2016-08-31,1.285
2016-09-01,1.285
2016-09-02,1.285
2016-09-03,1.285
2016-09-04,1.285
2016-09-05,1.285
2016-09-06,1.285
2016-09-07,1.285
2016-09-08,1.285
2016-09-09,1.285
2016-09-10,1.285
2016-09-11,1.285
2016-09-12,1.285
2016-09-13,1.285
2016-09-14,1.285
2016-09-15,1.285
2016-09-16,1.285
2016-09-17,1.285
2016-09-18,1.285
2016-09-19,1.285
2016-09-20,1.285
2016-09-21,1.285
2016-09-22,1.285
2016-09-23,1.285
2016-09-24,1.285
2016-09-25,1.285
2016-09-26,1.285
2016-09-27,1.285
2016-09-28,1.285
2016-09-29,1.285
2016-09-30,1.285
2016-10-01,1.285
2016-10-02,1.285
2016-10-03,1.285
2016-10-04,1.285
2016-10-05,1.285
2016-10-06,1.285
2016-10-07,1.285
2016-10-08,1.285
2016-10-09,1.284
2016-10-10,1.284
2016-10-11,1.284
2016-10-12,1.284
2016-10-13,1.284
2016-10-14,1.284
2016-10-15,1.284
2016-10-16,1.284
2016-10-17,1.284
2016-10-18,1.284
2016-10-19,1.284
2016-10-20,1.284
2016-10-21,1.284
2016-10-22,1.284
2016-10-23,1.284
2016-10-24,1.284
2016-10-25,1.284
2016-10-26,1.284
2016-10-27,1.284
2016-10-28,1.284
2016-10-29,1.284
2016-10-30,1.284
2016-10-31,1.284
2016-11-01,1.284
2016-11-02,1.284
2016-11-03,1.284
2016-11-04,1.284
2016-11-05,1.284
2016-11-06,1.284
2016-11-07,1.284
2016-11-08,1.284
2016-11-09,1.284
2016-11-10,1.284
2016-11-11,1.284
2016-11-12,1.284
2016-11-13,1.284
2016-11-14,1.284
2016-11-15,1.284
2016-11-16,1.284
2016-11-17,1.284
2016-11-18,1.284
2016-11-19,1.283
2016-11-20,1.283
2016-11-21,1.283
2016-11-22,1.283
2016-11-23,1.283
2016-11-24,1.283
2016-11-25,1.283
2016-11-26,1.283
2016-11-27,1.283
2016-11-28,1.283
2016-11-29,1.283
2016-11-30,1.283
2016-12-01,1.283
2016-12-02,1.283
2016-12-03,1.283
2016-12-04,1.283
2016-12-05,1.283
2016-12-06,1.283
2016-12-07,1.283
2016-12-08,1.283
2016-12-09,1.283
2016-12-10,1.283
2016-12-11,1.283
2016-12-12,1.283
2016-12-13,1.283
2016-12-14,1.283
2016-12-15,1.283
2016-12-16,1.283
2016-12-17,1.283
2016-12-18,1.283
2016-12-19,1.283
2016-12-20,1.283
2016-12-21,1.283
2016-12-22,1.283
2016-12-23,1.283
2016-12-24,1.283
2016-12-25,1.283
2016-12-26,1.283
2016-12-27,1.283
2016-12-28,1.283
2016-12-29,1.283
2016-12-30,1.283
2016-12-31,1.282
2017-01-01,1.189
2017-01-02,1.188
2017-01-03,1.187
2017-01-04,1.186
2017-01-05,1.185
2017-01-06,1.183
2017-01-07,1.182
2017-01-08,1.181
2017-01-09,1.180
2017-01-10,1.179
2017-01-11,1.178
2017-01-12,1.176
2017-01-13,1.175
2017-01-14,1.174
2017-01-15,1.172
2017-01-16,1.171
2017-01-17,1.169
2017-01-18,1.168
2017-01-19,1.167
2017-01-20,1.165
2017-01-21,1.163
2017-01-22,1.162
2017-01-23,1.160
2017-01-24,1.159
2017-01-25,1.157
2017-01-26,1.155
2017-01-27,1.154
2017-01-28,1.152
2017-01-29,1.150
2017-01-30,1.149
2017-01-31,1.147
2017-02-01,1.145
2017-02-02,1.143
2017-02-03,1.142
2017-02-04,1.140
2017-02-05,1.138
2017-02-06,1.136
2017-02-07,1.134
2017-02-08,1.132
2017-02-09,1.130
2017-02-10,1.128
2017-02-11,1.126
2017-02-12,1.125
2017-02-13,1.123
2017-02-14,1.121
2017-02-15,1.119
2017-02-16,1.117
2017-02-17,1.115
2017-02-18,1.113
2017-02-19,1.111
2017-02-20,1.109
2017-02-21,1.107
2017-02-22,1.105
2017-02-23,1.103
2017-02-24,1.101
2017-02-25,1.099
2017-02-26,1.097
2017-02-27,1.095
2017-02-28,1.093
2017-03-01,1.091
2017-03-02,1.089
2017-03-03,1.087
2017-03-04,1.085
2017-03-05,1.083
2017-03-06,1.081
2017-03-07,1.079
2017-03-08,1.077
2017-03-09,1.075
2017-03-10,1.073
2017-03-11,1.071
2017-03-12,1.069
2017-03-13,1.067
2017-03-14,1.066
2017-03-15,1.064
2017-03-16,1.062
2017-03-17,1.060
2017-03-18,1.058
2017-03-19,1.056
2017-03-20,1.055
2017-03-21,1.053
2017-03-22,1.051
2017-03-23,1.049
2017-03-24,1.048
2017-03-25,1.046
2017-03-26,1.044
2017-03-27,1.043
2017-03-28,1.041
2017-03-29,1.039
2017-03-30,1.038
2017-03-31,1.036
2017-04-01,1.035
2017-04-02,1.033
2017-04-03,1.032
2017-04-04,1.030
2017-04-05,1.029
2017-04-06,1.027
2017-04-07,1.026
2017-04-08,1.025
2017-04-09,1.023
2017-04-10,1.022
2017-04-11,1.021
2017-04-12,1.020
2017-04-13,1.019
2017-04-14,1.017
2017-04-15,1.016
2017-04-16,1.015
2017-04-17,1.014
2017-04-18,1.013
2017-04-19,1.012
2017-04-20,1.011
2017-04-21,1.010
2017-04-22,1.009
2017-04-23,1.009
2017-04-24,1.008
2017-04-25,1.007
2017-04-26,1.006
2017-04-27,1.006
2017-04-28,1.005
2017-04-29,1.004
2017-04-30,1.004
2017-05-01,1.003
2017-05-02,1.003
2017-05-03,1.002
2017-05-04,1.002
2017-05-05,1.002
2017-05-06,1.001
2017-05-07,1.001
2017-05-08,1.001
2017-05-09,1.000
2017-05-10,1.000
2017-05-11,1.000
2017-05-12,1.000
2017-05-13,1.000
2017-05-14,1.000
2017-05-15,1.000
2017-05-16,1.000
2017-05-17,1.000
2017-05-18,1.000
2017-05-19,1.001
2017-05-20,1.001
2017-05-21,1.001
2017-05-22,1.001
2017-05-23,1.002
2017-05-24,1.002
2017-05-25,1.002
2017-05-26,1.003
2017-05-27,1.003
2017-05-28,1.004
2017-05-29,1.005
2017-05-30,1.005
2017-05-31,1.006
2017-06-01,1.006
2017-06-02,1.007
2017-06-03,1.008
2017-06-04,1.009
2017-06-05,1.010
2017-06-06,1.010
2017-06-07,1.011
2017-06-08,1.012
2017-06-09,1.013
2017-06-10,1.014
2017-06-11,1.015
2017-06-12,1.016
2017-06-13,1.018
2017-06-14,1.019
2017-06-15,1.020
2017-06-16,1.021
2017-06-17,1.022
2017-06-18,1.024
2017-06-19,1.025
2017-06-20,1.026
2017-06-21,1.028
2017-06-22,1.029
2017-06-23,1.030
2017-06-24,1.032
2017-06-25,1.033
2017-06-26,1.035
2017-06-27,1.036
2017-06-28,1.038
2017-06-29,1.040
2017-06-30,1.041
2017-07-01,1.043
2017-07-02,1.044
2017-07-03,1.046
2017-07-04,1.048
2017-07-05,1.049
2017-07-06,1.051
2017-07-07,1.053
2017-07-08,1.055
2017-07-09,1.057
2017-07-10,1.058
2017-07-11,1.060
2017-07-12,1.062
2017-07-13,1.064
2017-07-14,1.066
2017-07-15,1.068
2017-07-16,1.070
2017-07-17,1.071
2017-07-18,1.073
2017-07-19,1.075
2017-07-20,1.077
2017-07-21,1.079
2017-07-22,1.081
2017-07-23,1.083
2017-07-24,1.085
2017-07-25,1.087
2017-07-26,1.089
2017-07-27,1.091
2017-07-28,1.093
2017-07-29,1.095
2017-07-30,1.097
2017-07-31,1.099
2017-08-01,1.101
2017-08-02,1.103
2017-08-03,1.105
2017-08-04,1.107
2017-08-05,1.109
2017-08-06,1.111
2017-08-07,1.113
2017-08-08,1.115
2017-08-09,1.117
2017-08-10,1.119
2017-08-11,1.121
2017-08-12,1.123
2017-08-13,1.125
2017-08-14,1.127
2017-08-15,1.129
2017-08-16,1.131
2017-08-17,1.132
2017-08-18,1.134
2017-08-19,1.136
2017-08-20,1.138
2017-08-21,1.140
2017-08-22,1.142
2017-08-23,1.144
2017-08-24,1.145
2017-08-25,1.147
2017-08-26,1.149
2017-08-27,1.151
2017-08-28,1.152
2017-08-29,1.154
2017-08-30,1.156
2017-08-31,1.157
2017-09-01,1.159
2017-09-02,1.161
2017-09-03,1.162
2017-09-04,1.164
2017-09-05,1.165
2017-09-06,1.167
2017-09-07,1.168
2017-09-08,1.170
2017-09-09,1.171
2017-09-10,1.172
2017-09-11,1.174
2017-09-12,1.175
2017-09-13,1.176
2017-09-14,1.178
2017-09-15,1.179
2017-09-16,1.180
2017-09-17,1.181
2017-09-18,1.183
2017-09-19,1.184
2017-09-20,1.185
2017-09-21,1.186
2017-09-22,1.187
2017-09-23,1.188
2017-09-24,1.189
2017-09-25,1.190
2017-09-26,1.190
2017-09-27,1.191
2017-09-28,1.192
2017-09-29,1.193
2017-09-30,1.194
2017-10-01,1.194
2017-10-02,1.195
2017-10-03,1.196
2017-10-04,1.196
2017-10-05,1.197
2017-10-06,1.197
2017-10-07,1.198
2017-10-08,1.198
2017-10-09,1.198
2017-10-10,1.199
2017-10-11,1.199
2017-10-12,1.199
2017-10-13,1.199
2017-10-14,1.200
2017-10-15,1.200
2017-10-16,1.200
2017-10-17,1.200
2017-10-18,1.200
2017-10-19,1.200
2017-10-20,1.200
2017-10-21,1.200
2017-10-22,1.200
2017-10-23,1.200
2017-10-24,1.199
2017-10-25,1.199
2017-10-26,1.199
2017-10-27,1.198
2017-10-28,1.198
2017-10-29,1.198
2017-10-30,1.197
2017-10-31,1.197
2017-11-01,1.196
2017-11-02,1.196
2017-11-03,1.195
2017-11-04,1.194
2017-11-05,1.194
2017-11-06,1.193
2017-11-07,1.192
2017-11-08,1.191
2017-11-09,1.190
2017-11-10,1.190
2017-11-11,1.189
2017-11-12,1.188
2017-11-13,1.187
2017-11-14,1.186
2017-11-15,1.185
2017-11-16,1.184
2017-11-17,1.183
2017-11-18,1.181
2017-11-19,1.180
2017-11-20,1.179
2017-11-21,1.178
2017-11-22,1.177
2017-11-23,1.175
2017-11-24,1.174
2017-11-25,1.173
2017-11-26,1.171
2017-11-27,1.170
2017-11-28,1.168
2017-11-29,1.167
2017-11-30,1.165
2017-12-01,1.164
2017-12-02,1.162
2017-12-03,1.161
2017-12-04,1.159
2017-12-05,1.157
2017-12-06,1.156
2017-12-07,1.154
2017-12-08,1.152
2017-12-09,1.151
2017-12-10,1.149
2017-12-11,1.147
2017-12-12,1.145
2017-12-13,1.144
2017-12-14,1.142
2017-12-15,1.140
2017-12-16,1.138
2017-12-17,1.136
2017-12-18,1.134
2017-12-19,1.133
2017-12-20,1.131
2017-12-21,1.129
2017-12-22,1.127
2017-12-23,1.125
2017-12-24,1.123
2017-12-25,1.121
2017-12-26,1.119
2017-12-27,1.117
2017-12-28,1.115
2017-12-29,1.113
2017-12-30,1.111
2017-12-31,1.109
2018-01-01,0.307
2018-01-02,0.305
2018-01-03,0.303
2018-01-04,0.301
2018-01-05,0.299
2018-01-06,0.297
2018-01-07,0.295
2018-01-08,0.293
2018-01-09,0.291
2018-01-10,0.289
2018-01-11,0.287
2018-01-12,0.285
2018-01-13,0.283
2018-01-14,0.281
2018-01-15,0.279
2018-01-16,0.277
2018-01-17,0.275
2018-01-18,0.273
2018-01-19,0.272
2018-01-20,0.270
2018-01-21,0.268
2018-01-22,0.266
2018-01-23,0.264
2018-01-24,0.262
2018-01-25,0.260
2018-01-26,0.258
2018-01-27,0.257
2018-01-28,0.255
2018-01-29,0.253
2018-01-30,0.251
2018-01-31,0.250
2018-02-01,0.248
2018-02-02,0.246
2018-02-03,0.244
2018-02-04,0.243
2018-02-05,0.241
2018-02-06,0.240
2018-02-07,0.238
2018-02-08,0.236
2018-02-09,0.235
2018-02-10,0.233
2018-02-11,0.232
2018-02-12,0.230
2018-02-13,0.229
2018-02-14,0.228
2018-02-15,0.226
2018-02-16,0.225
2018-02-17,0.224
2018-02-18,0.222
2018-02-19,0.221
2018-02-20,0.220
2018-02-21,0.219
2018-02-22,0.218
2018-02-23,0.216
2018-02-24,0.215
2018-02-25,0.214
2018-02-26,0.213
2018-02-27,0.212
2018-02-28,0.211
2018-03-01,0.210
2018-03-02,0.210
2018-03-03,0.209
2018-03-04,0.208
2018-03-05,0.207
2018-03-06,0.206
2018-03-07,0.206
2018-03-08,0.205
2018-03-09,0.205
2018-03-10,0.204
2018-03-11,0.203
2018-03-12,0.203
2018-03-13,0.202
2018-03-14,0.202
2018-03-15,0.202
2018-03-16,0.201
2018-03-17,0.201
2018-03-18,0.201
2018-03-19,0.201
2018-03-20,0.200
2018-03-21,0.200
2018-03-22,0.200
2018-03-23,0.200
2018-03-24,0.200
2018-03-25,0.200
2018-03-26,0.200
2018-03-27,0.200
2018-03-28,0.200
2018-03-29,0.200
2018-03-30,0.201
2018-03-31,0.201
2018-04-01,0.201
2018-04-02,0.202
2018-04-03,0.202
2018-04-04,0.202
2018-04-05,0.203
2018-04-06,0.203
2018-04-07,0.204
2018-04-08,0.204
2018-04-09,0.205
2018-04-10,0.206
2018-04-11,0.206
2018-04-12,0.207
2018-04-13,0.208
2018-04-14,0.209
2018-04-15,0.209
2018-04-16,0.210
2018-04-17,0.211
2018-04-18,0.212
2018-04-19,0.213
2018-04-20,0.214
2018-04-21,0.215
2018-04-22,0.216
2018-04-23,0.217
2018-04-24,0.218
2018-04-25,0.220
2018-04-26,0.221
2018-04-27,0.222
2018-04-28,0.223
2018-04-29,0.225
2018-04-30,0.226
2018-05-01,0.227
2018-05-02,0.229
2018-05-03,0.230
2018-05-04,0.232
2018-05-05,0.233
2018-05-06,0.235
2018-05-07,0.236
2018-05-08,0.238
2018-05-09,0.239
2018-05-10,0.241
2018-05-11,0.242
2018-05-12,0.244
2018-05-13,0.246
2018-05-14,0.247
2018-05-15,0.249
2018-05-16,0.251
2018-05-17,0.253
2018-05-18,0.254
2018-05-19,0.256
2018-05-20,0.258
2018-05-21,0.260
2018-05-22,0.262
2018-05-23,0.264
2018-05-24,0.265
2018-05-25,0.267
2018-05-26,0.269
2018-05-27,0.271
2018-05-28,0.273
2018-05-29,0.275
2018-05-30,0.277
2018-05-31,0.279
2018-06-01,0.281
2018-06-02,0.283
2018-06-03,0.285
2018-06-04,0.287
2018-06-05,0.289
2018-06-06,0.291
2018-06-07,0.293
2018-06-08,0.295
2018-06-09,0.297
2018-06-10,0.299
2018-06-11,0.301
2018-06-12,0.303
2018-06-13,0.305
2018-06-14,0.307
2018-06-15,0.309
2018-06-16,0.311
2018-06-17,0.313
2018-06-18,0.315
2018-06-19,0.317
2018-06-20,0.319
2018-06-21,0.321
2018-06-22,0.323
2018-06-23,0.324
2018-06-24,0.326
2018-06-25,0.328
2018-06-26,0.330
2018-06-27,0.332
2018-06-28,0.334
2018-06-29,0.336
2018-06-30,0.338
2018-07-01,0.340
2018-07-02,0.341
2018-07-03,0.343
2018-07-04,0.345
2018-07-05,0.347
2018-07-06,0.349
2018-07-07,0.350
2018-07-08,0.352
2018-07-09,0.354
2018-07-10,0.355
2018-07-11,0.357
2018-07-12,0.359
2018-07-13,0.360
2018-07-14,0.362
2018-07-15,0.363
2018-07-16,0.365
2018-07-17,0.366
2018-07-18,0.368
2018-07-19,0.369
2018-07-20,0.371
2018-07-21,0.372
2018-07-22,0.374
2018-07-23,0.375
2018-07-24,0.376
2018-07-25,0.378
2018-07-26,0.379
2018-07-27,0.380
2018-07-28,0.381
2018-07-29,0.382
2018-07-30,0.383
2018-07-31,0.385
2018-08-01,0.386
2018-08-02,0.387
2018-08-03,0.388
2018-08-04,0.389
2018-08-05,0.389
2018-08-06,0.390
2018-08-07,0.391
2018-08-08,0.392
2018-08-09,0.393
2018-08-10,0.393
2018-08-11,0.394
2018-08-12,0.395
2018-08-13,0.395
2018-08-14,0.396
2018-08-15,0.397
2018-08-16,0.397
2018-08-17,0.398
2018-08-18,0.398
2018-08-19,0.398
2018-08-20,0.399
2018-08-21,0.399
2018-08-22,0.399
2018-08-23,0.399
2018-08-24,0.400
2018-08-25,0.400
2018-08-26,0.400
2018-08-27,0.400
2018-08-28,0.400
2018-08-29,0.400
2018-08-30,0.400
2018-08-31,0.400
2018-09-01,0.400
2018-09-02,0.400
2018-09-03,0.399
2018-09-04,0.399
2018-09-05,0.399
2018-09-06,0.398
2018-09-07,0.398
2018-09-08,0.398
2018-09-09,0.397
2018-09-10,0.397
2018-09-11,0.396
2018-09-12,0.396
2018-09-13,0.395
2018-09-14,0.394
2018-09-15,0.394
2018-09-16,0.393
2018-09-17,0.392
2018-09-18,0.391
2018-09-19,0.391
2018-09-20,0.390
2018-09-21,0.389
2018-09-22,0.388
2018-09-23,0.387
2018-09-24,0.386
2018-09-25,0.385
2018-09-26,0.384
2018-09-27,0.383
2018-09-28,0.382
2018-09-29,0.380
2018-09-30,0.379
2018-10-01,0.378
2018-10-02,0.377
2018-10-03,0.375
2018-10-04,0.374
2018-10-05,0.373
2018-10-06,0.371
2018-10-07,0.370
2018-10-08,0.368
2018-10-09,0.367
2018-10-10,0.366
2018-10-11,0.364
2018-10-12,0.362
2018-10-13,0.361
2018-10-14,0.359
2018-10-15,0.358
2018-10-16,0.356
2018-10-17,0.354
2018-10-18,0.353
2018-10-19,0.351
2018-10-20,0.349
2018-10-21,0.347
2018-10-22,0.346
2018-10-23,0.344
2018-10-24,0.342
2018-10-25,0.340
2018-10-26,0.338
2018-10-27,0.337
2018-10-28,0.335
2018-10-29,0.333
2018-10-30,0.331
2018-10-31,0.329
2018-11-01,0.327
2018-11-02,0.325
2018-11-03,0.323
2018-11-04,0.321
2018-11-05,0.319
2018-11-06,0.317
2018-11-07,0.315
2018-11-08,0.313
2018-11-09,0.311
2018-11-10,0.309
2018-11-11,0.307
2018-11-12,0.305
2018-11-13,0.303
2018-11-14,0.301
2018-11-15,0.299
2018-11-16,0.297
2018-11-17,0.295
2018-11-18,0.293
2018-11-19,0.291
2018-11-20,0.289
2018-11-21,0.287
2018-11-22,0.285
2018-11-23,0.284
2018-11-24,0.282
2018-11-25,0.280
2018-11-26,0.278
2018-11-27,0.276
2018-11-28,0.274
2018-11-29,0.272
2018-11-30,0.270
2018-12-01,0.268
2018-12-02,0.266
2018-12-03,0.264
2018-12-04,0.262
2018-12-05,0.261
2018-12-06,0.259
2018-12-07,0.257
2018-12-08,0.255
2018-12-09,0.253
2018-12-10,0.252
2018-12-11,0.250
2018-12-12,0.248
2018-12-13,0.246
2018-12-14,0.245
2018-12-15,0.243
2018-12-16,0.241
2018-12-17,0.240
2018-12-18,0.238
2018-12-19,0.237
2018-12-20,0.235
2018-12-21,0.234
2018-12-22,0.232
2018-12-23,0.231
2018-12-24,0.229
2018-12-25,0.228
2018-12-26,0.227
2018-12-27,0.225
2018-12-28,0.224
2018-12-29,0.223
2018-12-30,0.221
2018-12-31,0.220
2019-01-01,0.204
2019-01-02,0.204
2019-01-03,0.205
2019-01-04,0.205
2019-01-05,0.206
2019-01-06,0.207
2019-01-07,0.207
2019-01-08,0.208
2019-01-09,0.209
2019-01-10,0.209
2019-01-11,0.210
2019-01-12,0.211
2019-01-13,0.212
2019-01-14,0.212
2019-01-15,0.213
2019-01-16,0.214
2019-01-17,0.215
2019-01-18,0.216
2019-01-19,0.217
2019-01-20,0.218
2019-01-21,0.219
2019-01-22,0.220
2019-01-23,0.221
2019-01-24,0.222
2019-01-25,0.223
2019-01-26,0.224
2019-01-27,0.225
2019-01-28,0.226
2019-01-29,0.227
2019-01-30,0.228
2019-01-31,0.229
2019-02-01,0.231
2019-02-02,0.232
2019-02-03,0.233
2019-02-04,0.234
2019-02-05,0.235
2019-02-06,0.236
2019-02-07,0.238
2019-02-08,0.239
2019-02-09,0.240
2019-02-10,0.241
2019-02-11,0.243
2019-02-12,0.244
2019-02-13,0.245
2019-02-14,0.246
2019-02-15,0.248
2019-02-16,0.249
2019-02-17,0.250
2019-02-18,0.251
2019-02-19,0.253
2019-02-20,0.254
2019-02-21,0.255
2019-02-22,0.256
2019-02-23,0.258
2019-02-24,0.259
2019-02-25,0.260
2019-02-26,0.261
2019-02-27,0.262
2019-02-28,0.264
2019-03-01,0.265
2019-03-02,0.266
2019-03-03,0.267
2019-03-04,0.268
2019-03-05,0.270
2019-03-06,0.271
2019-03-07,0.272
2019-03-08,0.273
2019-03-09,0.274
2019-03-10,0.275
2019-03-11,0.276
2019-03-12,0.277
2019-03-13,0.278
2019-03-14,0.279
2019-03-15,0.280
2019-03-16,0.281
2019-03-17,0.282
2019-03-18,0.283
2019-03-19,0.284
2019-03-20,0.285
2019-03-21,0.286
2019-03-22,0.287
2019-03-23,0.288
2019-03-24,0.288
2019-03-25,0.289
2019-03-26,0.290
2019-03-27,0.291
2019-03-28,0.291
2019-03-29,0.292
2019-03-30,0.293
2019-03-31,0.293
2019-04-01,0.294
2019-04-02,0.295
2019-04-03,0.295
2019-04-04,0.296
2019-04-05,0.296
2019-04-06,0.297
2019-04-07,0.297
2019-04-08,0.297
2019-04-09,0.298
2019-04-10,0.298
2019-04-11,0.299
2019-04-12,0.299
2019-04-13,0.299
2019-04-14,0.299
2019-04-15,0.299
2019-04-16,0.300
2019-04-17,0.300
2019-04-18,0.300
2019-04-19,0.300
2019-04-20,0.300
2019-04-21,0.300
2019-04-22,0.300
2019-04-23,0.300
2019-04-24,0.300
2019-04-25,0.300
2019-04-26,0.300
2019-04-27,0.299
2019-04-28,0.299
2019-04-29,0.299
2019-04-30,0.299
2019-05-01,0.298
2019-05-02,0.298
2019-05-03,0.298
2019-05-04,0.297
2019-05-05,0.297
2019-05-06,0.296
2019-05-07,0.296
2019-05-08,0.295
2019-05-09,0.295
2019-05-10,0.294
2019-05-11,0.294
2019-05-12,0.293
2019-05-13,0.292
2019-05-14,0.292
2019-05-15,0.291
2019-05-16,0.290
2019-05-17,0.290
2019-05-18,0.289
2019-05-19,0.288
2019-05-20,0.287
2019-05-21,0.286
2019-05-22,0.286
2019-05-23,0.285
2019-05-24,0.284
2019-05-25,0.283
2019-05-26,0.282
2019-05-27,0.281
2019-05-28,0.280
2019-05-29,0.279
2019-05-30,0.278
2019-05-31,0.277
2019-06-01,0.276
2019-06-02,0.275
2019-06-03,0.274
2019-06-04,0.272
2019-06-05,0.271
2019-06-06,0.270
2019-06-07,0.269
2019-06-08,0.268
2019-06-09,0.267
2019-06-10,0.266
2019-06-11,0.264
2019-06-12,0.263
2019-06-13,0.262
2019-06-14,0.261
2019-06-15,0.259
2019-06-16,0.258
2019-06-17,0.257
2019-06-18,0.256
2019-06-19,0.255
2019-06-20,0.253
2019-06-21,0.252
2019-06-22,0.251
2019-06-23,0.250
2019-06-24,0.248
2019-06-25,0.247
2019-06-26,0.246
2019-06-27,0.245
2019-06-28,0.243
2019-06-29,0.242
2019-06-30,0.241
2019-07-01,0.240
2019-07-02,0.238
2019-07-03,0.237
2019-07-04,0.236
2019-07-05,0.235
2019-07-06,0.234
2019-07-07,0.232
2019-07-08,0.231
2019-07-09,0.230
2019-07-10,0.229
2019-07-11,0.228
2019-07-12,0.227
2019-07-13,0.226
2019-07-14,0.225
2019-07-15,0.223
2019-07-16,0.222
2019-07-17,0.221
2019-07-18,0.220
2019-07-19,0.219
2019-07-20,0.218
2019-07-21,0.217
2019-07-22,0.216
2019-07-23,0.216
2019-07-24,0.215
2019-07-25,0.214
2019-07-26,0.213
2019-07-27,0.212
2019-07-28,0.211
2019-07-29,0.211
2019-07-30,0.210
2019-07-31,0.209
2019-08-01,0.208
2019-08-02,0.208
2019-08-03,0.207
2019-08-04,0.206
2019-08-05,0.206
2019-08-06,0.205
2019-08-07,0.205
2019-08-08,0.204
2019-08-09,0.204
2019-08-10,0.203
2019-08-11,0.203
2019-08-12,0.202
2019-08-13,0.202
2019-08-14,0.202
2019-08-15,0.201
2019-08-16,0.201
2019-08-17,0.201
2019-08-18,0.201
2019-08-19,0.200
2019-08-20,0.200
2019-08-21,0.200
2019-08-22,0.200
2019-08-23,0.200
2019-08-24,0.200
2019-08-25,0.200
2019-08-26,0.200
2019-08-27,0.200
2019-08-28,0.200
2019-08-29,0.200
2019-08-30,0.200
2019-08-31,0.201
2019-09-01,0.201
2019-09-02,0.201
2019-09-03,0.201
2019-09-04,0.202
2019-09-05,0.202
2019-09-06,0.202
2019-09-07,0.203
2019-09-08,0.203
2019-09-09,0.204
2019-09-10,0.204
2019-09-11,0.205
2019-09-12,0.205
2019-09-13,0.206
2019-09-14,0.206
2019-09-15,0.207
2019-09-16,0.208
2019-09-17,0.208
2019-09-18,0.209
2019-09-19,0.210
2019-09-20,0.211
2019-09-21,0.211
2019-09-22,0.212
2019-09-23,0.213
2019-09-24,0.214
2019-09-25,0.215
2019-09-26,0.216
2019-09-27,0.217
2019-09-28,0.218
2019-09-29,0.218
2019-09-30,0.219
2019-10-01,0.220
2019-10-02,0.221
2019-10-03,0.223
2019-10-04,0.224
2019-10-05,0.225
2019-10-06,0.226
2019-10-07,0.227
2019-10-08,0.228
2019-10-09,0.229
2019-10-10,0.230
2019-10-11,0.231
2019-10-12,0.233
2019-10-13,0.234
2019-10-14,0.235
2019-10-15,0.236
2019-10-16,0.237
2019-10-17,0.238
2019-10-18,0.240
2019-10-19,0.241
2019-10-20,0.242
2019-10-21,0.243
2019-10-22,0.245
2019-10-23,0.246
2019-10-24,0.247
2019-10-25,0.248
2019-10-26,0.250
2019-10-27,0.251
2019-10-28,0.252
2019-10-29,0.253
2019-10-30,0.255
2019-10-31,0.256
2019-11-01,0.257
2019-11-02,0.258
2019-11-03,0.260
2019-11-04,0.261
2019-11-05,0.262
2019-11-06,0.263
2019-11-07,0.264
2019-11-08,0.266
2019-11-09,0.267
2019-11-10,0.268
2019-11-11,0.269
2019-11-12,0.270
2019-11-13,0.271
2019-11-14,0.273
2019-11-15,0.274
2019-11-16,0.275
2019-11-17,0.276
2019-11-18,0.277
2019-11-19,0.278
2019-11-20,0.279
2019-11-21,0.280
2019-11-22,0.281
2019-11-23,0.282
2019-11-24,0.283
2019-11-25,0.284
2019-11-26,0.285
2019-11-27,0.286
2019-11-28,0.286
2019-11-29,0.287
2019-11-30,0.288
2019-12-01,0.289
2019-12-02,0.290
2019-12-03,0.290
2019-12-04,0.291
2019-12-05,0.292
2019-12-06,0.293
2019-12-07,0.293
2019-12-08,0.294
2019-12-09,0.294
2019-12-10,0.295
2019-12-11,0.295
2019-12-12,0.296
2019-12-13,0.296
2019-12-14,0.297
2019-12-15,0.297
2019-12-16,0.298
2019-12-17,0.298
2019-12-18,0.298
2019-12-19,0.299
2019-12-20,0.299
2019-12-21,0.299
2019-12-22,0.299
2019-12-23,0.300
2019-12-24,0.300
2019-12-25,0.300
2019-12-26,0.300
2019-12-27,0.300
2019-12-28,0.300
2019-12-29,0.300
2019-12-30,0.300
2019-12-31,0.300
2020-01-01,1.600
2020-01-02,1.600
2020-01-03,1.599
2020-01-04,1.599
2020-01-05,1.599
2020-01-06,1.599
2020-01-07,1.598
2020-01-08,1.598
2020-01-09,1.598
2020-01-10,1.597
2020-01-11,1.597
2020-01-12,1.597
2020-01-13,1.596
2020-01-14,1.596
2020-01-15,1.595
2020-01-16,1.595
2020-01-17,1.594
2020-01-18,1.593
2020-01-19,1.593
2020-01-20,1.592
2020-01-21,1.591
2020-01-22,1.591
2020-01-23,1.590
2020-01-24,1.589
2020-01-25,1.588
2020-01-26,1.588
2020-01-27,1.587
2020-01-28,1.586
2020-01-29,1.585
2020-01-30,1.584
2020-01-31,1.583
2020-02-01,1.582
2020-02-02,1.581
2020-02-03,1.580
2020-02-04,1.579
2020-02-05,1.578
2020-02-06,1.577
2020-02-07,1.576
2020-02-08,1.575
2020-02-09,1.574
2020-02-10,1.573
2020-02-11,1.572
2020-02-12,1.571
2020-02-13,1.569
2020-02-14,1.568
2020-02-15,1.567
2020-02-16,1.566
2020-02-17,1.565
2020-02-18,1.564
2020-02-19,1.562
2020-02-20,1.561
2020-02-21,1.560
2020-02-22,1.559
2020-02-23,1.557
2020-02-24,1.556
2020-02-25,1.555
2020-02-26,1.554
2020-02-27,1.552
2020-02-28,1.551
2020-02-29,1.550
2020-03-01,1.549
2020-03-02,1.547
2020-03-03,1.546
2020-03-04,1.545
2020-03-05,1.544
2020-03-06,1.542
2020-03-07,1.541
2020-03-08,1.540
2020-03-09,1.539
2020-03-10,1.538
2020-03-11,1.536
2020-03-12,1.535
2020-03-13,1.534
2020-03-14,1.533
2020-03-15,1.532
2020-03-16,1.530
2020-03-17,1.529
2020-03-18,1.528
2020-03-19,1.527
2020-03-20,1.526
2020-03-21,1.525
2020-03-22,1.524
2020-03-23,1.523
2020-03-24,1.522
2020-03-25,1.521
2020-03-26,1.520
2020-03-27,1.519
2020-03-28,1.518
2020-03-29,1.517
2020-03-30,1.516
2020-03-31,1.515
2020-04-01,1.514
2020-04-02,1.513
2020-04-03,1.512
2020-04-04,1.512
2020-04-05,1.511
2020-04-06,1.510
2020-04-07,1.509
2020-04-08,1.509
2020-04-09,1.508
2020-04-10,1.507
2020-04-11,1.507
2020-04-12,1.506
2020-04-13,1.505
2020-04-14,1.505
2020-04-15,1.504
2020-04-16,1.504
2020-04-17,1.503
2020-04-18,1.503
2020-04-19,1.503
2020-04-20,1.502
2020-04-21,1.502
2020-04-22,1.501
2020-04-23,1.501
2020-04-24,1.501
2020-04-25,1.501
2020-04-26,1.501
2020-04-27,1.500
2020-04-28,1.500
2020-04-29,1.500
2020-04-30,1.500
2020-05-01,1.500
2020-05-02,1.500
2020-05-03,1.500
2020-05-04,1.500
2020-05-05,1.500
2020-05-06,1.500
2020-05-07,1.500
2020-05-08,1.501
2020-05-09,1.501
2020-05-10,1.501
2020-05-11,1.501
2020-05-12,1.502
2020-05-13,1.502
2020-05-14,1.502
2020-05-15,1.503
2020-05-16,1.503
2020-05-17,1.504
2020-05-18,1.504
2020-05-19,1.505
2020-05-20,1.505
2020-05-21,1.506
2020-05-22,1.506
2020-05-23,1.507
2020-05-24,1.508
2020-05-25,1.508
2020-05-26,1.509
2020-05-27,1.510
2020-05-28,1.510
2020-05-29,1.511
2020-05-30,1.512
2020-05-31,1.513
2020-06-01,1.514
2020-06-02,1.514
2020-06-03,1.515
2020-06-04,1.516
2020-06-05,1.517
2020-06-06,1.518
2020-06-07,1.519
2020-06-08,1.520
2020-06-09,1.521
2020-06-10,1.522
2020-06-11,1.523
2020-06-12,1.524
2020-06-13,1.525
2020-06-14,1.526
2020-06-15,1.528
2020-06-16,1.529
2020-06-17,1.530
2020-06-18,1.531
2020-06-19,1.532
2020-06-20,1.533
2020-06-21,1.534
2020-06-22,1.536
2020-06-23,1.537
2020-06-24,1.538
2020-06-25,1.539
2020-06-26,1.541
2020-06-27,1.542
2020-06-28,1.543
2020-06-29,1.544
2020-06-30,1.545
2020-07-01,1.547
2020-07-02,1.548
2020-07-03,1.549
2020-07-04,1.550
2020-07-05,1.552
2020-07-06,1.553
2020-07-07,1.554
2020-07-08,1.555
2020-07-09,1.557
2020-07-10,1.558
2020-07-11,1.559
2020-07-12,1.560
2020-07-13,1.562
2020-07-14,1.563
2020-07-15,1.564
2020-07-16,1.565
2020-07-17,1.566
2020-07-18,1.568
2020-07-19,1.569
2020-07-20,1.570
2020-07-21,1.571
2020-07-22,1.572
2020-07-23,1.573
2020-07-24,1.574
2020-07-25,1.575
2020-07-26,1.577
2020-07-27,1.578
2020-07-28,1.579
2020-07-29,1.580
2020-07-30,1.581
2020-07-31,1.582
2020-08-01,1.583
2020-08-02,1.584
2020-08-03,1.584
2020-08-04,1.585
2020-08-05,1.586
2020-08-06,1.587
2020-08-07,1.588
2020-08-08,1.589
2020-08-09,1.589
2020-08-10,1.590
2020-08-11,1.591
2020-08-12,1.592
2020-08-13,1.592
2020-08-14,1.593
2020-08-15,1.594
2020-08-16,1.594
2020-08-17,1.595
2020-08-18,1.595
2020-08-19,1.596
2020-08-20,1.596
2020-08-21,1.597
2020-08-22,1.597
2020-08-23,1.598
2020-08-24,1.598
2020-08-25,1.598
2020-08-26,1.599
2020-08-27,1.599
2020-08-28,1.599
2020-08-29,1.599
2020-08-30,1.600
2020-08-31,1.600
2020-09-01,1.600
2020-09-02,1.600
2020-09-03,1.600
2020-09-04,1.600
2020-09-05,1.600
2020-09-06,1.600
2020-09-07,1.600
2020-09-08,1.600
2020-09-09,1.600
2020-09-10,1.600
2020-09-11,1.599
2020-09-12,1.599
2020-09-13,1.599
2020-09-14,1.599
2020-09-15,1.598
2020-09-16,1.598
2020-09-17,1.598
2020-09-18,1.597
2020-09-19,1.597
2020-09-20,1.596
2020-09-21,1.596
2020-09-22,1.595
2020-09-23,1.595
2020-09-24,1.594
2020-09-25,1.594
2020-09-26,1.593
2020-09-27,1.592
2020-09-28,1.592
2020-09-29,1.591
2020-09-30,1.590
2020-10-01,1.589
2020-10-02,1.589
2020-10-03,1.588
2020-10-04,1.587
2020-10-05,1.586
2020-10-06,1.585
2020-10-07,1.584
2020-10-08,1.583
2020-10-09,1.582
2020-10-10,1.582
2020-10-11,1.581
2020-10-12,1.580
2020-10-13,1.579
2020-10-14,1.577
2020-10-15,1.576
2020-10-16,1.575
2020-10-17,1.574
2020-10-18,1.573
2020-10-19,1.572
2020-10-20,1.571
2020-10-21,1.570
2020-10-22,1.569
2020-10-23,1.567
2020-10-24,1.566
2020-10-25,1.565
2020-10-26,1.564
2020-10-27,1.563
2020-10-28,1.561
2020-10-29,1.560
2020-10-30,1.559
2020-10-31,1.558
2020-11-01,1.557
2020-11-02,1.555
2020-11-03,1.554
2020-11-04,1.553
2020-11-05,1.552
2020-11-06,1.550
2020-11-07,1.549
2020-11-08,1.548
2020-11-09,1.547
2020-11-10,1.545
2020-11-11,1.544
2020-11-12,1.543
2020-11-13,1.542
2020-11-14,1.540
2020-11-15,1.539
2020-11-16,1.538
2020-11-17,1.537
2020-11-18,1.536
2020-11-19,1.534
2020-11-20,1.533
2020-11-21,1.532
2020-11-22,1.531
2020-11-23,1.530
2020-11-24,1.529
2020-11-25,1.527
2020-11-26,1.526
2020-11-27,1.525
2020-11-28,1.524
2020-11-29,1.523
2020-11-30,1.522
2020-12-01,1.521
2020-12-02,1.520
2020-12-03,1.519
2020-12-04,1.518
2020-12-05,1.517
2020-12-06,1.516
2020-12-07,1.515
2020-12-08,1.514
2020-12-09,1.514
2020-12-10,1.513
2020-12-11,1.512
2020-12-12,1.511
2020-12-13,1.510
2020-12-14,1.510
2020-12-15,1.509
2020-12-16,1.508
2020-12-17,1.507
2020-12-18,1.507
2020-12-19,1.506
2020-12-20,1.506
2020-12-21,1.505
2020-12-22,1.505
2020-12-23,1.504
2020-12-24,1.504
2020-12-25,1.503
2020-12-26,1.503
2020-12-27,1.502
2020-12-28,1.502
2020-12-29,1.502
2020-12-30,1.501
2020-12-31,1.501
2021-01-01,0.510
2021-01-02,0.508
2021-01-03,0.507
2021-01-04,0.506
2021-01-05,0.505
2021-01-06,0.504
2021-01-07,0.503
2021-01-08,0.501
2021-01-09,0.500
2021-01-10,0.499
2021-01-11,0.498
2021-01-12,0.496
2021-01-13,0.495
2021-01-14,0.494
2021-01-15,0.493
2021-01-16,0.491
2021-01-17,0.490
2021-01-18,0.489
2021-01-19,0.487
2021-01-20,0.486
2021-01-21,0.485
2021-01-22,0.483
2021-01-23,0.482
2021-01-24,0.480
2021-01-25,0.479
2021-01-26,0.478
2021-01-27,0.476
2021-01-28,0.475
2021-01-29,0.473
2021-01-30,0.472
2021-01-31,0.471
2021-02-01,0.469
2021-02-02,0.468
2021-02-03,0.466
2021-02-04,0.465
2021-02-05,0.463
2021-02-06,0.462
2021-02-07,0.460
2021-02-08,0.459
2021-02-09,0.457
2021-02-10,0.456
2021-02-11,0.454
2021-02-12,0.452
2021-02-13,0.451
2021-02-14,0.449
2021-02-15,0.448
2021-02-16,0.446
2021-02-17,0.445
2021-02-18,0.443
2021-02-19,0.442
2021-02-20,0.440
2021-02-21,0.438
2021-02-22,0.437
2021-02-23,0.435
2021-02-24,0.434
2021-02-25,0.432
2021-02-26,0.430
2021-02-27,0.429
2021-02-28,0.427
2021-03-01,0.426
2021-03-02,0.424
2021-03-03,0.422
2021-03-04,0.421
2021-03-05,0.419
2021-03-06,0.417
2021-03-07,0.416
2021-03-08,0.414
2021-03-09,0.412
2021-03-10,0.411
2021-03-11,0.409
2021-03-12,0.408
2021-03-13,0.406
2021-03-14,0.404
2021-03-15,0.403
2021-03-16,0.401
2021-03-17,0.399
2021-03-18,0.398
2021-03-19,0.396
2021-03-20,0.395
2021-03-21,0.393
2021-03-22,0.391
2021-03-23,0.390
2021-03-24,0.388
2021-03-25,0.386
2021-03-26,0.385
2021-03-27,0.383
2021-03-28,0.382
2021-03-29,0.380
2021-03-30,0.378
2021-03-31,0.377
2021-04-01,0.375
2021-04-02,0.374
2021-04-03,0.372
2021-04-04,0.371
2021-04-05,0.369
2021-04-06,0.367
2021-04-07,0.366
2021-04-08,0.364
2021-04-09,0.363
2021-04-10,0.361
2021-04-11,0.360
2021-04-12,0.358
2021-04-13,0.357
2021-04-14,0.355
2021-04-15,0.354
2021-04-16,0.352
2021-04-17,0.351
2021-04-18,0.349
2021-04-19,0.348
2021-04-20,0.346
2021-04-21,0.345
2021-04-22,0.343
2021-04-23,0.342
2021-04-24,0.340
2021-04-25,0.339
2021-04-26,0.338
2021-04-27,0.336
2021-04-28,0.335
2021-04-29,0.333
2021-04-30,0.332
2021-05-01,0.331
2021-05-02,0.329
2021-05-03,0.328
2021-05-04,0.327
2021-05-05,0.325
2021-05-06,0.324
2021-05-07,0.323
2021-05-08,0.321
2021-05-09,0.320
2021-05-10,0.319
2021-05-11,0.318
2021-05-12,0.316
2021-05-13,0.315
2021-05-14,0.314
2021-05-15,0.313
2021-05-16,0.311
2021-05-17,0.310
2021-05-18,0.309
2021-05-19,0.308
2021-05-20,0.307
2021-05-21,0.306
2021-05-22,0.305
2021-05-23,0.303
2021-05-24,0.302
2021-05-25,0.301
2021-05-26,0.300
2021-05-27,0.299
2021-05-28,0.298
2021-05-29,0.297
2021-05-30,0.296
2021-05-31,0.295
2021-06-01,0.294
2021-06-02,0.293
2021-06-03,0.292
2021-06-04,0.291
2021-06-05,0.290
2021-06-06,0.289
2021-06-07,0.288
2021-06-08,0.288
2021-06-09,0.287
2021-06-10,0.286
2021-06-11,0.285
2021-06-12,0.284
2021-06-13,0.283
2021-06-14,0.282
2021-06-15,0.282
2021-06-16,0.281
2021-06-17,0.280
2021-06-18,0.279
2021-06-19,0.279
2021-06-20,0.278
2021-06-21,0.277
2021-06-22,0.276
2021-06-23,0.276
2021-06-24,0.275
2021-06-25,0.274
2021-06-26,0.274
2021-06-27,0.273
2021-06-28,0.273
2021-06-29,0.272
2021-06-30,0.271
2021-07-01,0.271
2021-07-02,0.270
2021-07-03,0.270
2021-07-04,0.269
2021-07-05,0.269
2021-07-06,0.268
2021-07-07,0.268
2021-07-08,0.267
2021-07-09,0.267
2021-07-10,0.266
2021-07-11,0.266
2021-07-12,0.265
2021-07-13,0.265
2021-07-14,0.265
2021-07-15,0.264
2021-07-16,0.264
2021-07-17,0.263
2021-07-18,0.263
2021-07-19,0.263
2021-07-20,0.262
2021-07-21,0.262
2021-07-22,0.262
2021-07-23,0.261
2021-07-24,0.261
2021-07-25,0.261
2021-07-26,0.261
2021-07-27,0.260
2021-07-28,0.260
2021-07-29,0.260
2021-07-30,0.260
2021-07-31,0.259
2021-08-01,0.259
2021-08-02,0.259
2021-08-03,0.259
2021-08-04,0.259
2021-08-05,0.258
2021-08-06,0.258
2021-08-07,0.258
2021-08-08,0.258
2021-08-09,0.258
2021-08-10,0.258
2021-08-11,0.258
2021-08-12,0.257
2021-08-13,0.257
2021-08-14,0.257
2021-08-15,0.257
2021-08-16,0.257
2021-08-17,0.257
2021-08-18,0.257
2021-08-19,0.257
2021-08-20,0.257
2021-08-21,0.257
2021-08-22,0.257
2021-08-23,0.257
2021-08-24,0.257
2021-08-25,0.257
2021-08-26,0.257
2021-08-27,0.257
2021-08-28,0.257
2021-08-29,0.257
2021-08-30,0.257
2021-08-31,0.257
2021-09-01,0.257
2021-09-02,0.257
2021-09-03,0.257
2021-09-04,0.257
2021-09-05,0.257
2021-09-06,0.257
2021-09-07,0.257
2021-09-08,0.257
2021-09-09,0.257
2021-09-10,0.257
2021-09-11,0.257
2021-09-12,0.257
2021-09-13,0.257
2021-09-14,0.257
2021-09-15,0.257
2021-09-16,0.257
2021-09-17,0.257
2021-09-18,0.257
2021-09-19,0.257
2021-09-20,0.257
2021-09-21,0.257
2021-09-22,0.257
2021-09-23,0.257
2021-09-24,0.257
2021-09-25,0.257
2021-09-26,0.257
2021-09-27,0.257
2021-09-28,0.257
2021-09-29,0.257
2021-09-30,0.257
2021-10-01,0.257
2021-10-02,0.257
2021-10-03,0.257
2021-10-04,0.257
2021-10-05,0.257
2021-10-06,0.257
2021-10-07,0.257
2021-10-08,0.257
2021-10-09,0.257
2021-10-10,0.257
2021-10-11,0.257
2021-10-12,0.257
2021-10-13,0.257
2021-10-14,0.257
2021-10-15,0.257
2021-10-16,0.257
2021-10-17,0.257
2021-10-18,0.257
2021-10-19,0.257
2021-10-20,0.257
2021-10-21,0.257
2021-10-22,0.256
2021-10-23,0.256
2021-10-24,0.256
2021-10-25,0.256
2021-10-26,0.256
2021-10-27,0.256
2021-10-28,0.256
2021-10-29,0.255
2021-10-30,0.255
2021-10-31,0.255
2021-11-01,0.255
2021-11-02,0.255
2021-11-03,0.255
2021-11-04,0.254
2021-11-05,0.254
2021-11-06,0.254
2021-11-07,0.254
2021-11-08,0.253
2021-11-09,0.253
2021-11-10,0.253
2021-11-11,0.252
2021-11-12,0.252
2021-11-13,0.252
2021-11-14,0.252
2021-11-15,0.251
2021-11-16,0.251
2021-11-17,0.250
2021-11-18,0.250
2021-11-19,0.250
2021-11-20,0.249
2021-11-21,0.249
2021-11-22,0.248
2021-11-23,0.248
2021-11-24,0.248
2021-11-25,0.247
2021-11-26,0.247
2021-11-27,0.246
2021-11-28,0.246
2021-11-29,0.245
2021-11-30,0.245
2021-12-01,0.244
2021-12-02,0.244
2021-12-03,0.243
2021-12-04,0.242
2021-12-05,0.242
2021-12-06,0.241
2021-12-07,0.241
2021-12-08,0.240
2021-12-09,0.239
2021-12-10,0.239
2021-12-11,0.238
2021-12-12,0.237
2021-12-13,0.237
2021-12-14,0.236
2021-12-15,0.235
2021-12-16,0.234
2021-12-17,0.234
2021-12-18,0.233
2021-12-19,0.232
2021-12-20,0.231
2021-12-21,0.231
2021-12-22,0.230
2021-12-23,0.229
2021-12-24,0.228
2021-12-25,0.227
2021-12-26,0.226
2021-12-27,0.225
2021-12-28,0.224
2021-12-29,0.224
2021-12-30,0.223
2021-12-31,0.222
2022-01-01,0.221
2022-01-02,0.220
2022-01-03,0.219
2022-01-04,0.218
2022-01-05,0.217
2022-01-06,0.216
2022-01-07,0.215
2022-01-08,0.214
2022-01-09,0.212
2022-01-10,0.211
2022-01-11,0.210
2022-01-12,0.209
2022-01-13,0.208
2022-01-14,0.207
2022-01-15,0.206
2022-01-16,0.205
2022-01-17,0.203
2022-01-18,0.202
2022-01-19,0.201
2022-01-20,0.200
2022-01-21,0.199
2022-01-22,0.197
2022-01-23,0.196
2022-01-24,0.195
2022-01-25,0.194
2022-01-26,0.192
2022-01-27,0.191
2022-01-28,0.190
2022-01-29,0.188
2022-01-30,0.187
2022-01-31,0.186
2022-02-01,0.184
2022-02-02,0.183
2022-02-03,0.182
2022-02-04,0.180
2022-02-05,0.179
2022-02-06,0.178
2022-02-07,0.176
2022-02-08,0.175
2022-02-09,0.173
2022-02-10,0.172
2022-02-11,0.170
2022-02-12,0.169
2022-02-13,0.168
2022-02-14,0.166
2022-02-15,0.165
2022-02-16,0.163
2022-02-17,0.162
2022-02-18,0.160
2022-02-19,0.159
2022-02-20,0.157
2022-02-21,0.156
2022-02-22,0.154
2022-02-23,0.153
2022-02-24,0.151
2022-02-25,0.149
2022-02-26,0.148
2022-02-27,0.146
2022-02-28,0.145
2022-03-01,0.143
2022-03-02,0.142
2022-03-03,0.140
2022-03-04,0.138
2022-03-05,0.137
2022-03-06,0.135
2022-03-07,0.134
2022-03-08,0.132
2022-03-09,0.130
2022-03-10,0.129
2022-03-11,0.127
2022-03-12,0.126
2022-03-13,0.124
2022-03-14,0.122
2022-03-15,0.121
2022-03-16,0.119
2022-03-17,0.118
2022-03-18,0.116
2022-03-19,0.114
2022-03-20,0.113
2022-03-21,0.111
2022-03-22,0.109
2022-03-23,0.108
2022-03-24,0.106
2022-03-25,0.104
2022-03-26,0.103
2022-03-27,0.101
2022-03-28,0.100
2022-03-29,0.098
2022-03-30,0.096
2022-03-31,0.095
2022-04-01,0.093
2022-04-02,0.091
2022-04-03,0.090
2022-04-04,0.088
2022-04-05,0.087
2022-04-06,0.085
2022-04-07,0.083
2022-04-08,0.082
2022-04-09,0.080
2022-04-10,0.079
2022-04-11,0.077
2022-04-12,0.075
2022-04-13,0.074
2022-04-14,0.072
2022-04-15,0.071
2022-04-16,0.069
2022-04-17,0.067
2022-04-18,0.066
2022-04-19,0.064
2022-04-20,0.063
2022-04-21,0.061
2022-04-22,0.060
2022-04-23,0.058
2022-04-24,0.057
2022-04-25,0.055
2022-04-26,0.054
2022-04-27,0.052
2022-04-28,0.051
2022-04-29,0.049
2022-04-30,0.048
2022-05-01,0.046
2022-05-02,0.045
2022-05-03,0.043
2022-05-04,0.042
2022-05-05,0.040
2022-05-06,0.039
2022-05-07,0.037
2022-05-08,0.036
2022-05-09,0.035
2022-05-10,0.033
2022-05-11,0.032
2022-05-12,0.030
2022-05-13,0.029
2022-05-14,0.028
2022-05-15,0.026
2022-05-16,0.025
2022-05-17,0.024
2022-05-18,0.022
2022-05-19,0.021
2022-05-20,0.020
2022-05-21,0.019
2022-05-22,0.017
2022-05-23,0.016
2022-05-24,0.015
2022-05-25,0.014
2022-05-26,0.012
2022-05-27,0.011
2022-05-28,0.010
2022-05-29,0.009
2022-05-30,0.008
2022-05-31,0.006
2022-06-01,0.005
2022-06-02,0.004
2022-06-03,0.003
2022-06-04,0.002
2022-06-05,0.001
2022-06-06,-0.000
2022-06-07,-0.001
2022-06-08,-0.002
2022-06-09,-0.003
2022-06-10,-0.004
2022-06-11,-0.005
2022-06-12,-0.006
2022-06-13,-0.007
2022-06-14,-0.008
2022-06-15,-0.009
2022-06-16,-0.010
2022-06-17,-0.011
2022-06-18,-0.012
2022-06-19,-0.013
2022-06-20,-0.014
2022-06-21,-0.015
2022-06-22,-0.016
2022-06-23,-0.017
2022-06-24,-0.017
2022-06-25,-0.018
2022-06-26,-0.019
2022-06-27,-0.020
2022-06-28,-0.021
2022-06-29,-0.021
2022-06-30,-0.022
2022-07-01,-0.023
2022-07-02,-0.024
2022-07-03,-0.024
2022-07-04,-0.025
2022-07-05,-0.026
2022-07-06,-0.026
2022-07-07,-0.027
2022-07-08,-0.028
2022-07-09,-0.028
2022-07-10,-0.029
2022-07-11,-0.030
2022-07-12,-0.030
2022-07-13,-0.031
2022-07-14,-0.031
2022-07-15,-0.032
2022-07-16,-0.032
2022-07-17,-0.033
2022-07-18,-0.033
2022-07-19,-0.034
2022-07-20,-0.034
2022-07-21,-0.035
2022-07-22,-0.035
2022-07-23,-0.036
2022-07-24,-0.036
2022-07-25,-0.037
2022-07-26,-0.037
2022-07-27,-0.037
2022-07-28,-0.038
2022-07-29,-0.038
2022-07-30,-0.038
2022-07-31,-0.039
2022-08-01,-0.039
2022-08-02,-0.040
2022-08-03,-0.040
2022-08-04,-0.040
2022-08-05,-0.040
2022-08-06,-0.041
2022-08-07,-0.041
2022-08-08,-0.041
2022-08-09,-0.041
2022-08-10,-0.042
2022-08-11,-0.042
2022-08-12,-0.042
2022-08-13,-0.042
2022-08-14,-0.043
2022-08-15,-0.043
2022-08-16,-0.043
2022-08-17,-0.043
2022-08-18,-0.043
2022-08-19,-0.043
2022-08-20,-0.044
2022-08-21,-0.044
2022-08-22,-0.044
2022-08-23,-0.044
2022-08-24,-0.044
2022-08-25,-0.044
2022-08-26,-0.044
2022-08-27,-0.044
2022-08-28,-0.044
2022-08-29,-0.045
2022-08-30,-0.045
2022-08-31,-0.045
2022-09-01,-0.045
2022-09-02,-0.045
2022-09-03,-0.045
2022-09-04,-0.045
2022-09-05,-0.045
2022-09-06,-0.045
2022-09-07,-0.045
2022-09-08,-0.045
2022-09-09,-0.045
2022-09-10,-0.045
2022-09-11,-0.045
2022-09-12,-0.045
2022-09-13,-0.045
2022-09-14,-0.045
2022-09-15,-0.045
2022-09-16,-0.045
2022-09-17,-0.045
2022-09-18,-0.045
2022-09-19,-0.045
2022-09-20,-0.045
2022-09-21,-0.045
2022-09-22,-0.045
2022-09-23,-0.045
2022-09-24,-0.045
2022-09-25,-0.045
2022-09-26,-0.045
2022-09-27,-0.045
2022-09-28,-0.045
2022-09-29,-0.045
2022-09-30,-0.045
2022-10-01,-0.044
2022-10-02,-0.044
2022-10-03,-0.044
2022-10-04,-0.044
2022-10-05,-0.044
2022-10-06,-0.044
2022-10-07,-0.044
2022-10-08,-0.044
2022-10-09,-0.044
2022-10-10,-0.044
2022-10-11,-0.044
2022-10-12,-0.044
2022-10-13,-0.044
2022-10-14,-0.044
2022-10-15,-0.044
2022-10-16,-0.044
2022-10-17,-0.044
2022-10-18,-0.044
2022-10-19,-0.044
2022-10-20,-0.044
2022-10-21,-0.044
2022-10-22,-0.044
2022-10-23,-0.044
2022-10-24,-0.044
2022-10-25,-0.044
2022-10-26,-0.044
2022-10-27,-0.044
2022-10-28,-0.045
2022-10-29,-0.045
2022-10-30,-0.045
2022-10-31,-0.045
2022-11-01,-0.045
2022-11-02,-0.045
2022-11-03,-0.045
2022-11-04,-0.045
2022-11-05,-0.045
2022-11-06,-0.045
2022-11-07,-0.046
2022-11-08,-0.046
2022-11-09,-0.046
2022-11-10,-0.046
2022-11-11,-0.046
2022-11-12,-0.046
2022-11-13,-0.047
2022-11-14,-0.047
2022-11-15,-0.047
2022-11-16,-0.047
2022-11-17,-0.047
2022-11-18,-0.048
2022-11-19,-0.048
2022-11-20,-0.048
2022-11-21,-0.048
2022-11-22,-0.049
2022-11-23,-0.049
2022-11-24,-0.049
2022-11-25,-0.050
2022-11-26,-0.050
2022-11-27,-0.050
2022-11-28,-0.051
2022-11-29,-0.051
2022-11-30,-0.051
2022-12-01,-0.052
2022-12-02,-0.052
2022-12-03,-0.053
2022-12-04,-0.053
2022-12-05,-0.053
2022-12-06,-0.054
2022-12-07,-0.054
2022-12-08,-0.055
2022-12-09,-0.055
2022-12-10,-0.056
2022-12-11,-0.056
2022-12-12,-0.057
2022-12-13,-0.057
2022-12-14,-0.058
2022-12-15,-0.059
2022-12-16,-0.059
2022-12-17,-0.060
2022-12-18,-0.060
2022-12-19,-0.061
2022-12-20,-0.062
2022-12-21,-0.062
2022-12-22,-0.063
2022-12-23,-0.064
2022-12-24,-0.064
2022-12-25,-0.065
2022-12-26,-0.066
2022-12-27,-0.066
2022-12-28,-0.067
2022-12-29,-0.068
2022-12-30,-0.069
2022-12-31,-0.069
2023-01-01,-0.070
2023-01-02,-0.071
2023-01-03,-0.072
2023-01-04,-0.073
2023-01-05,-0.074
2023-01-06,-0.074
2023-01-07,-0.075
2023-01-08,-0.076
2023-01-09,-0.077
2023-01-10,-0.078
2023-01-11,-0.079
2023-01-12,-0.080
2023-01-13,-0.081
2023-01-14,-0.082
2023-01-15,-0.083
2023-01-16,-0.084
2023-01-17,-0.085
2023-01-18,-0.086
2023-01-19,-0.087
2023-01-20,-0.088
2023-01-21,-0.089
2023-01-22,-0.090
2023-01-23,-0.091
2023-01-24,-0.092
2023-01-25,-0.093
2023-01-26,-0.095
2023-01-27,-0.096
2023-01-28,-0.097
2023-01-29,-0.098
2023-01-30,-0.099
2023-01-31,-0.100
2023-02-01,-0.102
2023-02-02,-0.103
2023-02-03,-0.104
2023-02-04,-0.105
2023-02-05,-0.107
2023-02-06,-0.108
2023-02-07,-0.109
2023-02-08,-0.110
2023-02-09,-0.112
2023-02-10,-0.113
2023-02-11,-0.114
2023-02-12,-0.116
2023-02-13,-0.117
2023-02-14,-0.118
2023-02-15,-0.120
2023-02-16,-0.121
2023-02-17,-0.123
2023-02-18,-0.124
2023-02-19,-0.125
2023-02-20,-0.127
2023-02-21,-0.128
2023-02-22,-0.130
2023-02-23,-0.131
2023-02-24,-0.132
2023-02-25,-0.134
2023-02-26,-0.135
2023-02-27,-0.137
2023-02-28,-0.138
2023-03-01,-0.140
2023-03-02,-0.141
2023-03-03,-0.143
2023-03-04,-0.144
2023-03-05,-0.146
2023-03-06,-0.147
2023-03-07,-0.149
2023-03-08,-0.151
2023-03-09,-0.152
2023-03-10,-0.154
2023-03-11,-0.155
2023-03-12,-0.157
2023-03-13,-0.158
2023-03-14,-0.160
2023-03-15,-0.161
2023-03-16,-0.163
2023-03-17,-0.165
2023-03-18,-0.166
2023-03-19,-0.168
2023-03-20,-0.169
2023-03-21,-0.171
2023-03-22,-0.173
2023-03-23,-0.174
2023-03-24,-0.176
2023-03-25,-0.178
2023-03-26,-0.179
2023-03-27,-0.181
2023-03-28,-0.182
2023-03-29,-0.184
2023-03-30,-0.186
2023-03-31,-0.187
2023-04-01,-0.189
2023-04-02,-0.191
2023-04-03,-0.192
2023-04-04,-0.194
2023-04-05,-0.195
2023-04-06,-0.197
2023-04-07,-0.199
2023-04-08,-0.200
2023-04-09,-0.202
2023-04-10,-0.204
2023-04-11,-0.205
2023-04-12,-0.207
2023-04-13,-0.208
2023-04-14,-0.210
2023-04-15,-0.212
2023-04-16,-0.213
2023-04-17,-0.215
2023-04-18,-0.217
2023-04-19,-0.218
2023-04-20,-0.220
2023-04-21,-0.221
2023-04-22,-0.223
2023-04-23,-0.225
2023-04-24,-0.226
2023-04-25,-0.228
2023-04-26,-0.229
2023-04-27,-0.231
2023-04-28,-0.233
2023-04-29,-0.234
2023-04-30,-0.236
2023-05-01,-0.237
2023-05-02,-0.239
2023-05-03,-0.240
2023-05-04,-0.242
2023-05-05,-0.243
2023-05-06,-0.245
2023-05-07,-0.246
2023-05-08,-0.248
2023-05-09,-0.249
2023-05-10,-0.251
2023-05-11,-0.252
2023-05-12,-0.254
2023-05-13,-0.255
2023-05-14,-0.257
2023-05-15,-0.258
2023-05-16,-0.260
2023-05-17,-0.261
2023-05-18,-0.263
2023-05-19,-0.264
2023-05-20,-0.265
2023-05-21,-0.267
2023-05-22,-0.268
2023-05-23,-0.270
2023-05-24,-0.271
2023-05-25,-0.272
2023-05-26,-0.274
2023-05-27,-0.275
2023-05-28,-0.276
2023-05-29,-0.278
2023-05-30,-0.279
2023-05-31,-0.280
2023-06-01,-0.282
2023-06-02,-0.283
2023-06-03,-0.284
2023-06-04,-0.285
2023-06-05,-0.287
2023-06-06,-0.288
2023-06-07,-0.289
2023-06-08,-0.290
2023-06-09,-0.292
2023-06-10,-0.293
2023-06-11,-0.294
2023-06-12,-0.295
2023-06-13,-0.296
2023-06-14,-0.297
2023-06-15,-0.298
2023-06-16,-0.300
2023-06-17,-0.301
2023-06-18,-0.302
2023-06-19,-0.303
2023-06-20,-0.304
2023-06-21,-0.305
2023-06-22,-0.306
2023-06-23,-0.307
2023-06-24,-0.308
2023-06-25,-0.309
2023-06-26,-0.310
2023-06-27,-0.311
2023-06-28,-0.312
2023-06-29,-0.313
2023-06-30,-0.314
2023-07-01,-0.315
2023-07-02,-0.315
2023-07-03,-0.316
2023-07-04,-0.317
2023-07-05,-0.318
2023-07-06,-0.319
2023-07-07,-0.320
2023-07-08,-0.321
2023-07-09,-0.321
2023-07-10,-0.322
2023-07-11,-0.323
2023-07-12,-0.324
2023-07-13,-0.324
2023-07-14,-0.325
2023-07-15,-0.326
2023-07-16,-0.327
2023-07-17,-0.327
2023-07-18,-0.328
2023-07-19,-0.329
2023-07-20,-0.329
2023-07-21,-0.330
2023-07-22,-0.330
2023-07-23,-0.331
2023-07-24,-0.332
2023-07-25,-0.332
2023-07-26,-0.333
2023-07-27,-0.333
2023-07-28,-0.334
2023-07-29,-0.334
2023-07-30,-0.335
2023-07-31,-0.335
2023-08-01,-0.336
2023-08-02,-0.336
2023-08-03,-0.337
2023-08-04,-0.337
2023-08-05,-0.338
2023-08-06,-0.338
2023-08-07,-0.338
2023-08-08,-0.339
2023-08-09,-0.339
2023-08-10,-0.340
2023-08-11,-0.340
2023-08-12,-0.340
2023-08-13,-0.341
2023-08-14,-0.341
2023-08-15,-0.341
2023-08-16,-0.342
2023-08-17,-0.342
2023-08-18,-0.342
2023-08-19,-0.342
2023-08-20,-0.343
2023-08-21,-0.343
2023-08-22,-0.343
2023-08-23,-0.343
2023-08-24,-0.344
2023-08-25,-0.344
2023-08-26,-0.344
2023-08-27,-0.344
2023-08-28,-0.344
2023-08-29,-0.345
2023-08-30,-0.345
2023-08-31,-0.345
2023-09-01,-0.345
2023-09-02,-0.345
2023-09-03,-0.345
2023-09-04,-0.345
2023-09-05,-0.346
2023-09-06,-0.346
2023-09-07,-0.346
2023-09-08,-0.346
2023-09-09,-0.346
2023-09-10,-0.346
2023-09-11,-0.346
2023-09-12,-0.346
2023-09-13,-0.346
2023-09-14,-0.346
2023-09-15,-0.346
2023-09-16,-0.346
2023-09-17,-0.346
2023-09-18,-0.346
2023-09-19,-0.346
2023-09-20,-0.346
2023-09-21,-0.346
2023-09-22,-0.346
2023-09-23,-0.346
2023-09-24,-0.346
2023-09-25,-0.346
2023-09-26,-0.346
2023-09-27,-0.346
2023-09-28,-0.346
2023-09-29,-0.346
2023-09-30,-0.346
2023-10-01,-0.346
2023-10-02,-0.346
2023-10-03,-0.346
2023-10-04,-0.346
2023-10-05,-0.346
2023-10-06,-0.346
2023-10-07,-0.346
2023-10-08,-0.346
2023-10-09,-0.346
2023-10-10,-0.346
2023-10-11,-0.346
2023-10-12,-0.346
2023-10-13,-0.346
2023-10-14,-0.346
2023-10-15,-0.346
2023-10-16,-0.346
2023-10-17,-0.346
2023-10-18,-0.346
2023-10-19,-0.346
2023-10-20,-0.346
2023-10-21,-0.346
2023-10-22,-0.346
2023-10-23,-0.346
2023-10-24,-0.346
2023-10-25,-0.346
2023-10-26,-0.346
2023-10-27,-0.346
2023-10-28,-0.346
2023-10-29,-0.346
2023-10-30,-0.346
2023-10-31,-0.346
2023-11-01,-0.346
2023-11-02,-0.346
2023-11-03,-0.346
2023-11-04,-0.346
2023-11-05,-0.346
2023-11-06,-0.346
2023-11-07,-0.346
2023-11-08,-0.346
2023-11-09,-0.346
2023-11-10,-0.346
2023-11-11,-0.346
2023-11-12,-0.346
2023-11-13,-0.346
2023-11-14,-0.346
2023-11-15,-0.347
2023-11-16,-0.347
2023-11-17,-0.347
2023-11-18,-0.347
2023-11-19,-0.347
2023-11-20,-0.347
2023-11-21,-0.347
2023-11-22,-0.348
2023-11-23,-0.348
2023-11-24,-0.348
2023-11-25,-0.348
2023-11-26,-0.348
2023-11-27,-0.348
2023-11-28,-0.349
2023-11-29,-0.349
2023-11-30,-0.349
2023-12-01,-0.349
2023-12-02,-0.350
2023-12-03,-0.350
2023-12-04,-0.350
2023-12-05,-0.351
2023-12-06,-0.351
2023-12-07,-0.351
2023-12-08,-0.351
2023-12-09,-0.352
2023-12-10,-0.352
2023-12-11,-0.353
2023-12-12,-0.353
2023-12-13,-0.353
2023-12-14,-0.354
2023-12-15,-0.354
2023-12-16,-0.355
2023-12-17,-0.355
2023-12-18,-0.355
2023-12-19,-0.356
2023-12-20,-0.356
2023-12-21,-0.357
2023-12-22,-0.357
2023-12-23,-0.358
2023-12-24,-0.358
2023-12-25,-0.359
2023-12-26,-0.359
2023-12-27,-0.360
2023-12-28,-0.361
2023-12-29,-0.361
2023-12-30,-0.362
2023-12-31,-0.362
2024-01-01,-0.461
2024-01-02,-0.461
2024-01-03,-0.461
2024-01-04,-0.460
2024-01-05,-0.460
2024-01-06,-0.460
2024-01-07,-0.460
2024-01-08,-0.460
2024-01-09,-0.459
2024-01-10,-0.459
2024-01-11,-0.459
2024-01-12,-0.459
2024-01-13,-0.458
2024-01-14,-0.458
2024-01-15,-0.458
2024-01-16,-0.458
2024-01-17,-0.457
2024-01-18,-0.457
2024-01-19,-0.457
2024-01-20,-0.457
2024-01-21,-0.456
2024-01-22,-0.456
2024-01-23,-0.456
2024-01-24,-0.456
2024-01-25,-0.455
2024-01-26,-0.455
2024-01-27,-0.455
2024-01-28,-0.454
2024-01-29,-0.454
2024-01-30,-0.454
2024-01-31,-0.453
2024-02-01,-0.453
2024-02-02,-0.453
2024-02-03,-0.452
2024-02-04,-0.452
2024-02-05,-0.452
2024-02-06,-0.451
2024-02-07,-0.451
2024-02-08,-0.451
2024-02-09,-0.450
2024-02-10,-0.450
2024-02-11,-0.449
2024-02-12,-0.449
2024-02-13,-0.449
2024-02-14,-0.448
2024-02-15,-0.448
2024-02-16,-0.447
2024-02-17,-0.447
2024-02-18,-0.447
2024-02-19,-0.446
2024-02-20,-0.446
2024-02-21,-0.445
2024-02-22,-0.445
2024-02-23,-0.444
2024-02-24,-0.444
2024-02-25,-0.444
2024-02-26,-0.443
2024-02-27,-0.443
2024-02-28,-0.442
2024-02-29,-0.442
2024-03-01,-0.441
2024-03-02,-0.441
2024-03-03,-0.440
2024-03-04,-0.440
2024-03-05,-0.439
2024-03-06,-0.439
2024-03-07,-0.438
2024-03-08,-0.438
2024-03-09,-0.437
2024-03-10,-0.437
2024-03-11,-0.436
2024-03-12,-0.436
2024-03-13,-0.435
2024-03-14,-0.435
2024-03-15,-0.434
2024-03-16,-0.434
2024-03-17,-0.433
2024-03-18,-0.433
2024-03-19,-0.432
2024-03-20,-0.432
2024-03-21,-0.431
2024-03-22,-0.430
2024-03-23,-0.430
2024-03-24,-0.429
2024-03-25,-0.429
2024-03-26,-0.428
2024-03-27,-0.428
2024-03-28,-0.427
2024-03-29,-0.426
2024-03-30,-0.426
2024-03-31,-0.425
2024-04-01,-0.425
2024-04-02,-0.424
2024-04-03,-0.423
2024-04-04,-0.423
2024-04-05,-0.422
2024-04-06,-0.422
2024-04-07,-0.421
2024-04-08,-0.420
2024-04-09,-0.420
2024-04-10,-0.419
2024-04-11,-0.418
2024-04-12,-0.418
2024-04-13,-0.417
2024-04-14,-0.417
2024-04-15,-0.416
2024-04-16,-0.415
2024-04-17,-0.415
2024-04-18,-0.414
2024-04-19,-0.413
2024-04-20,-0.413
2024-04-21,-0.412
2024-04-22,-0.411
2024-04-23,-0.411
2024-04-24,-0.410
2024-04-25,-0.409
2024-04-26,-0.409
2024-04-27,-0.408
2024-04-28,-0.407
2024-04-29,-0.407
2024-04-30,-0.406
2024-05-01,-0.405
2024-05-02,-0.405
2024-05-03,-0.404
2024-05-04,-0.403
2024-05-05,-0.403
2024-05-06,-0.402
2024-05-07,-0.401
2024-05-08,-0.400
2024-05-09,-0.400
2024-05-10,-0.399
2024-05-11,-0.398
2024-05-12,-0.398
2024-05-13,-0.397
2024-05-14,-0.396
2024-05-15,-0.396
2024-05-16,-0.395
2024-05-17,-0.394
2024-05-18,-0.393
2024-05-19,-0.393
2024-05-20,-0.392
2024-05-21,-0.391
2024-05-22,-0.391
2024-05-23,-0.390
2024-05-24,-0.389
2024-05-25,-0.388
2024-05-26,-0.388
2024-05-27,-0.387
2024-05-28,-0.386
2024-05-29,-0.385
2024-05-30,-0.385
2024-05-31,-0.384
2024-06-01,-0.383
2024-06-02,-0.383
2024-06-03,-0.382
2024-06-04,-0.381
2024-06-05,-0.380
2024-06-06,-0.380
2024-06-07,-0.379
2024-06-08,-0.378
2024-06-09,-0.377
2024-06-10,-0.377
2024-06-11,-0.376
2024-06-12,-0.375
2024-06-13,-0.374
2024-06-14,-0.374
2024-06-15,-0.373
2024-06-16,-0.372
2024-06-17,-0.371
2024-06-18,-0.371
2024-06-19,-0.370
2024-06-20,-0.369
2024-06-21,-0.368
2024-06-22,-0.368
2024-06-23,-0.367
2024-06-24,-0.366
2024-06-25,-0.366
2024-06-26,-0.365
2024-06-27,-0.364
2024-06-28,-0.363
2024-06-29,-0.363
2024-06-30,-0.362
2024-07-01,-0.361
2024-07-02,-0.360
2024-07-03,-0.360
2024-07-04,-0.359
2024-07-05,-0.358
2024-07-06,-0.357
2024-07-07,-0.357
2024-07-08,-0.356
2024-07-09,-0.355
2024-07-10,-0.355
2024-07-11,-0.354
2024-07-12,-0.353
2024-07-13,-0.352
2024-07-14,-0.352
2024-07-15,-0.351
2024-07-16,-0.350
2024-07-17,-0.349
2024-07-18,-0.349
2024-07-19,-0.348
2024-07-20,-0.347
2024-07-21,-0.347
2024-07-22,-0.346
2024-07-23,-0.345
2024-07-24,-0.344
2024-07-25,-0.344
2024-07-26,-0.343
2024-07-27,-0.342
2024-07-28,-0.342
2024-07-29,-0.341
2024-07-30,-0.340
2024-07-31,-0.340
2024-08-01,-0.339
2024-08-02,-0.338
2024-08-03,-0.337
2024-08-04,-0.337
2024-08-05,-0.336
2024-08-06,-0.335
2024-08-07,-0.335
2024-08-08,-0.334
2024-08-09,-0.333
2024-08-10,-0.333
2024-08-11,-0.332
2024-08-12,-0.331
2024-08-13,-0.331
2024-08-14,-0.330
2024-08-15,-0.329
2024-08-16,-0.329
2024-08-17,-0.328
2024-08-18,-0.327
2024-08-19,-0.327
2024-08-20,-0.326
2024-08-21,-0.326
2024-08-22,-0.325
2024-08-23,-0.324
2024-08-24,-0.324
2024-08-25,-0.323
2024-08-26,-0.322
2024-08-27,-0.322
2024-08-28,-0.321
2024-08-29,-0.320
2024-08-30,-0.320
2024-08-31,-0.319
2024-09-01,-0.319
2024-09-02,-0.318
2024-09-03,-0.317
2024-09-04,-0.317
2024-09-05,-0.316
2024-09-06,-0.316
2024-09-07,-0.315
2024-09-08,-0.315
2024-09-09,-0.314
2024-09-10,-0.313
2024-09-11,-0.313
2024-09-12,-0.312
2024-09-13,-0.312
2024-09-14,-0.311
2024-09-15,-0.311
2024-09-16,-0.310
2024-09-17,-0.309
2024-09-18,-0.309
2024-09-19,-0.308
2024-09-20,-0.308
2024-09-21,-0.307
2024-09-22,-0.307
2024-09-23,-0.306
2024-09-24,-0.306
2024-09-25,-0.305
2024-09-26,-0.305
2024-09-27,-0.304
2024-09-28,-0.304
2024-09-29,-0.303
2024-09-30,-0.303
2024-10-01,-0.302
2024-10-02,-0.302
2024-10-03,-0.301
2024-10-04,-0.301
2024-10-05,-0.300
2024-10-06,-0.300
2024-10-07,-0.299
2024-10-08,-0.299
2024-10-09,-0.298
2024-10-10,-0.298
2024-10-11,-0.298
2024-10-12,-0.297
2024-10-13,-0.297
2024-10-14,-0.296
2024-10-15,-0.296
2024-10-16,-0.295
2024-10-17,-0.295
2024-10-18,-0.295
2024-10-19,-0.294
2024-10-20,-0.294
2024-10-21,-0.293
2024-10-22,-0.293
2024-10-23,-0.293
2024-10-24,-0.292
2024-10-25,-0.292
2024-10-26,-0.291
2024-10-27,-0.291
2024-10-28,-0.291
2024-10-29,-0.290
2024-10-30,-0.290
2024-10-31,-0.290
2024-11-01,-0.289
2024-11-02,-0.289
2024-11-03,-0.289
2024-11-04,-0.288
2024-11-05,-0.288
2024-11-06,-0.288
2024-11-07,-0.287
2024-11-08,-0.287
2024-11-09,-0.287
2024-11-10,-0.286
2024-11-11,-0.286
2024-11-12,-0.286
2024-11-13,-0.286
2024-11-14,-0.285
2024-11-15,-0.285
2024-11-16,-0.285
2024-11-17,-0.284
2024-11-18,-0.284
2024-11-19,-0.284
2024-11-20,-0.284
2024-11-21,-0.283
2024-11-22,-0.283
2024-11-23,-0.283
2024-11-24,-0.283
2024-11-25,-0.282
2024-11-26,-0.282
2024-11-27,-0.282
2024-11-28,-0.282
2024-11-29,-0.282
2024-11-30,-0.281
2024-12-01,-0.281
2024-12-02,-0.281
2024-12-03,-0.281
2024-12-04,-0.281
2024-12-05,-0.280
2024-12-06,-0.280
2024-12-07,-0.280
2024-12-08,-0.280
2024-12-09,-0.280
2024-12-10,-0.280
2024-12-11,-0.280
2024-12-12,-0.279
2024-12-13,-0.279
2024-12-14,-0.279
2024-12-15,-0.279
2024-12-16,-0.279
2024-12-17,-0.279
2024-12-18,-0.279
2024-12-19,-0.279
2024-12-20,-0.278
2024-12-21,-0.278
2024-12-22,-0.278
2024-12-23,-0.278
2024-12-24,-0.278
2024-12-25,-0.278
2024-12-26,-0.278
2024-12-27,-0.278
2024-12-28,-0.278
2024-12-29,-0.278
2024-12-30,-0.278
2024-12-31,-0.278
2025-01-01,-0.278
2025-01-02,-0.277
2025-01-03,-0.277
2025-01-04,-0.277
2025-01-05,-0.277
2025-01-06,-0.277
2025-01-07,-0.277
2025-01-08,-0.277
2025-01-09,-0.277
2025-01-10,-0.277
2025-01-11,-0.277
2025-01-12,-0.277
2025-01-13,-0.277
2025-01-14,-0.277
2025-01-15,-0.277
2025-01-16,-0.277
2025-01-17,-0.277
2025-01-18,-0.277
2025-01-19,-0.277
2025-01-20,-0.278
2025-01-21,-0.278
2025-01-22,-0.278
2025-01-23,-0.278
2025-01-24,-0.278
2025-01-25,-0.278
2025-01-26,-0.278
2025-01-27,-0.278
2025-01-28,-0.278
2025-01-29,-0.278
2025-01-30,-0.278
2025-01-31,-0.278
2025-02-01,-0.278
2025-02-02,-0.278
2025-02-03,-0.278
2025-02-04,-0.279
2025-02-05,-0.279
2025-02-06,-0.279
2025-02-07,-0.279
2025-02-08,-0.279
2025-02-09,-0.279
2025-02-10,-0.279
2025-02-11,-0.279
2025-02-12,-0.279
2025-02-13,-0.280
2025-02-14,-0.280
2025-02-15,-0.280
2025-02-16,-0.280
2025-02-17,-0.280
2025-02-18,-0.280
2025-02-19,-0.280
2025-02-20,-0.281
2025-02-21,-0.281
2025-02-22,-0.281
2025-02-23,-0.281
2025-02-24,-0.281
2025-02-25,-0.281
2025-02-26,-0.282
2025-02-27,-0.282
2025-02-28,-0.282
2025-03-01,-0.282
2025-03-02,-0.282
2025-03-03,-0.282
2025-03-04,-0.283
2025-03-05,-0.283
2025-03-06,-0.283
2025-03-07,-0.283
2025-03-08,-0.283
2025-03-09,-0.284
2025-03-10,-0.284
2025-03-11,-0.284
2025-03-12,-0.284
2025-03-13,-0.284
2025-03-14,-0.285
2025-03-15,-0.285
2025-03-16,-0.285
2025-03-17,-0.285
2025-03-18,-0.285
2025-03-19,-0.286
2025-03-20,-0.286
2025-03-21,-0.286
2025-03-22,-0.286
2025-03-23,-0.287
2025-03-24,-0.287
2025-03-25,-0.287
2025-03-26,-0.287
2025-03-27,-0.287
2025-03-28,-0.288
2025-03-29,-0.288
2025-03-30,-0.288
2025-03-31,-0.288
2025-04-01,-0.289
2025-04-02,-0.289
2025-04-03,-0.289
2025-04-04,-0.289
2025-04-05,-0.290
2025-04-06,-0.290
2025-04-07,-0.290
2025-04-08,-0.290
2025-04-09,-0.291
2025-04-10,-0.291
2025-04-11,-0.291
2025-04-12,-0.291
2025-04-13,-0.292
2025-04-14,-0.292
2025-04-15,-0.292
2025-04-16,-0.292
2025-04-17,-0.293
2025-04-18,-0.293
2025-04-19,-0.293
2025-04-20,-0.293
2025-04-21,-0.294
2025-04-22,-0.294
2025-04-23,-0.294
2025-04-24,-0.294
2025-04-25,-0.295
2025-04-26,-0.295
2025-04-27,-0.295
2025-04-28,-0.296
2025-04-29,-0.296
2025-04-30,-0.296
2025-05-01,-0.296
2025-05-02,-0.297
2025-05-03,-0.297
2025-05-04,-0.297
2025-05-05,-0.297
2025-05-06,-0.298
2025-05-07,-0.298
2025-05-08,-0.298
2025-05-09,-0.298
2025-05-10,-0.299
2025-05-11,-0.299
2025-05-12,-0.299
2025-05-13,-0.299
2025-05-14,-0.300
2025-05-15,-0.300
2025-05-16,-0.300
2025-05-17,-0.300
2025-05-18,-0.301
2025-05-19,-0.301
2025-05-20,-0.301
2025-05-21,-0.301
2025-05-22,-0.302
2025-05-23,-0.302
2025-05-24,-0.302
2025-05-25,-0.302
2025-05-26,-0.303
2025-05-27,-0.303
2025-05-28,-0.303
2025-05-29,-0.303
2025-05-30,-0.304
2025-05-31,-0.304
2025-06-01,-0.304
2025-06-02,-0.304
2025-06-03,-0.305
2025-06-04,-0.305
2025-06-05,-0.305
2025-06-06,-0.305
2025-06-07,-0.305
2025-06-08,-0.306
2025-06-09,-0.306
2025-06-10,-0.306
2025-06-11,-0.306
2025-06-12,-0.306
2025-06-13,-0.307
2025-06-14,-0.307
2025-06-15,-0.307
2025-06-16,-0.307
2025-06-17,-0.308
2025-06-18,-0.308
2025-06-19,-0.308
2025-06-20,-0.308
2025-06-21,-0.308
2025-06-22,-0.308
2025-06-23,-0.309
2025-06-24,-0.309
2025-06-25,-0.309
2025-06-26,-0.309
2025-06-27,-0.309
2025-06-28,-0.310
2025-06-29,-0.310
2025-06-30,-0.310
2025-07-01,-0.310
2025-07-02,-0.310
2025-07-03,-0.310
2025-07-04,-0.310
2025-07-05,-0.311
2025-07-06,-0.311
2025-07-07,-0.311
2025-07-08,-0.311
2025-07-09,-0.311
2025-07-10,-0.311
2025-07-11,-0.311
2025-07-12,-0.312
2025-07-13,-0.312
2025-07-14,-0.312
2025-07-15,-0.312
2025-07-16,-0.312
2025-07-17,-0.312
2025-07-18,-0.312
2025-07-19,-0.312
2025-07-20,-0.313
2025-07-21,-0.313
2025-07-22,-0.313
2025-07-23,-0.313
2025-07-24,-0.313
2025-07-25,-0.313
2025-07-26,-0.313
2025-07-27,-0.313
2025-07-28,-0.313
2025-07-29,-0.313
2025-07-30,-0.313
2025-07-31,-0.313
2025-08-01,-0.313
2025-08-02,-0.313
2025-08-03,-0.313
2025-08-04,-0.314
2025-08-05,-0.314
2025-08-06,-0.314
2025-08-07,-0.314
2025-08-08,-0.314
2025-08-09,-0.314
2025-08-10,-0.314
2025-08-11,-0.314
2025-08-12,-0.314
2025-08-13,-0.314
2025-08-14,-0.314
2025-08-15,-0.314
2025-08-16,-0.314
2025-08-17,-0.314
2025-08-18,-0.314
2025-08-19,-0.314
2025-08-20,-0.314
2025-08-21,-0.314
2025-08-22,-0.314
2025-08-23,-0.313
2025-08-24,-0.313
2025-08-25,-0.313
2025-08-26,-0.313
2025-08-27,-0.313
2025-08-28,-0.313
2025-08-29,-0.313
2025-08-30,-0.313
2025-08-31,-0.313
2025-09-01,-0.313
2025-09-02,-0.313
2025-09-03,-0.313
2025-09-04,-0.313
2025-09-05,-0.312
2025-09-06,-0.312
2025-09-07,-0.312
2025-09-08,-0.312
2025-09-09,-0.312
2025-09-10,-0.312
2025-09-11,-0.312
2025-09-12,-0.312
2025-09-13,-0.311
2025-09-14,-0.311
2025-09-15,-0.311
2025-09-16,-0.311
2025-09-17,-0.311
2025-09-18,-0.311
2025-09-19,-0.311
2025-09-20,-0.310
2025-09-21,-0.310
2025-09-22,-0.310
2025-09-23,-0.310
2025-09-24,-0.310
2025-09-25,-0.309
2025-09-26,-0.309
2025-09-27,-0.309
2025-09-28,-0.309
2025-09-29,-0.309
2025-09-30,-0.308
2025-10-01,-0.308
2025-10-02,-0.308
2025-10-03,-0.308
2025-10-04,-0.307
2025-10-05,-0.307
2025-10-06,-0.307
2025-10-07,-0.307
2025-10-08,-0.306
2025-10-09,-0.306
2025-10-10,-0.306
2025-10-11,-0.305
2025-10-12,-0.305
2025-10-13,-0.305
2025-10-14,-0.305
2025-10-15,-0.304
2025-10-16,-0.304
2025-10-17,-0.304
2025-10-18,-0.303
2025-10-19,-0.303
2025-10-20,-0.303
2025-10-21,-0.302
2025-10-22,-0.302
2025-10-23,-0.302
2025-10-24,-0.301
2025-10-25,-0.301
2025-10-26,-0.301
2025-10-27,-0.300
2025-10-28,-0.300
2025-10-29,-0.300
2025-10-30,-0.299
2025-10-31,-0.299
2025-11-01,-0.298
2025-11-02,-0.298
2025-11-03,-0.298
2025-11-04,-0.297
2025-11-05,-0.297
2025-11-06,-0.296
2025-11-07,-0.296
2025-11-08,-0.296
2025-11-09,-0.295
2025-11-10,-0.295
2025-11-11,-0.294
2025-11-12,-0.294
2025-11-13,-0.293
2025-11-14,-0.293
2025-11-15,-0.293
2025-11-16,-0.292
2025-11-17,-0.292
2025-11-18,-0.291
2025-11-19,-0.291
2025-11-20,-0.290
2025-11-21,-0.290
2025-11-22,-0.289
2025-11-23,-0.289
2025-11-24,-0.288
2025-11-25,-0.288
2025-11-26,-0.287
2025-11-27,-0.287
2025-11-28,-0.286
2025-11-29,-0.286
2025-11-30,-0.285
2025-12-01,-0.285
2025-12-02,-0.284
2025-12-03,-0.284
2025-12-04,-0.283
2025-12-05,-0.283
2025-12-06,-0.282
2025-12-07,-0.281
2025-12-08,-0.281
2025-12-09,-0.280
2025-12-10,-0.280
2025-12-11,-0.279
2025-12-12,-0.279
2025-12-13,-0.278
2025-12-14,-0.278
2025-12-15,-0.277
2025-12-16,-0.276
2025-12-17,-0.276
2025-12-18,-0.275
2025-12-19,-0.275
2025-12-20,-0.274
2025-12-21,-0.273
2025-12-22,-0.273
2025-12-23,-0.272
2025-12-24,-0.272
2025-12-25,-0.271
2025-12-26,-0.270
2025-12-27,-0.270
2025-12-28,-0.269
2025-12-29,-0.269
2025-12-30,-0.268
2025-12-31,-0.267
2026-01-01,-0.267
2026-01-02,-0.266
2026-01-03,-0.265
2026-01-04,-0.265
2026-01-05,-0.264
2026-01-06,-0.263
2026-01-07,-0.263
2026-01-08,-0.262
2026-01-09,-0.261
2026-01-10,-0.261
2026-01-11,-0.260
2026-01-12,-0.260
2026-01-13,-0.259
2026-01-14,-0.258
2026-01-15,-0.258
2026-01-16,-0.257
2026-01-17,-0.256
2026-01-18,-0.255
2026-01-19,-0.255
2026-01-20,-0.254
2026-01-21,-0.253
2026-01-22,-0.253
2026-01-23,-0.252
2026-01-24,-0.251
2026-01-25,-0.251
2026-01-26,-0.250
2026-01-27,-0.249
2026-01-28,-0.249
2026-01-29,-0.248
2026-01-30,-0.247
2026-01-31,-0.246
2026-02-01,-0.246
2026-02-02,-0.245
2026-02-03,-0.244
2026-02-04,-0.244
2026-02-05,-0.243
2026-02-06,-0.242
2026-02-07,-0.241
2026-02-08,-0.241
2026-02-09,-0.240
2026-02-10,-0.239
2026-02-11,-0.239
2026-02-12,-0.238
2026-02-13,-0.237
2026-02-14,-0.236
2026-02-15,-0.236
2026-02-16,-0.235
2026-02-17,-0.234
2026-02-18,-0.233
2026-02-19,-0.233
2026-02-20,-0.232
2026-02-21,-0.231
2026-02-22,-0.231
2026-02-23,-0.230
2026-02-24,-0.229
2026-02-25,-0.228
2026-02-26,-0.228
2026-02-27,-0.227
2026-02-28,-0.226
2026-03-01,-0.225
2026-03-02,-0.225
2026-03-03,-0.224
2026-03-04,-0.223
2026-03-05,-0.222
2026-03-06,-0.222
2026-03-07,-0.221
2026-03-08,-0.220
2026-03-09,-0.219
2026-03-10,-0.219
2026-03-11,-0.218
2026-03-12,-0.217
2026-03-13,-0.216
2026-03-14,-0.216
2026-03-15,-0.215
2026-03-16,-0.214
2026-03-17,-0.214
2026-03-18,-0.213
2026-03-19,-0.212
2026-03-20,-0.211
2026-03-21,-0.211
2026-03-22,-0.210
2026-03-23,-0.209
2026-03-24,-0.208
2026-03-25,-0.208
2026-03-26,-0.207
2026-03-27,-0.206
2026-03-28,-0.205
2026-03-29,-0.205
2026-03-30,-0.204
2026-03-31,-0.203
2026-04-01,-0.203
2026-04-02,-0.202
2026-04-03,-0.201
2026-04-04,-0.200
2026-04-05,-0.200
2026-04-06,-0.199
2026-04-07,-0.198
2026-04-08,-0.197
2026-04-09,-0.197
2026-04-10,-0.196
2026-04-11,-0.195
2026-04-12,-0.195
2026-04-13,-0.194
2026-04-14,-0.193
2026-04-15,-0.193
2026-04-16,-0.192
2026-04-17,-0.191
2026-04-18,-0.190
2026-04-19,-0.190
2026-04-20,-0.189
2026-04-21,-0.188
2026-04-22,-0.188
2026-04-23,-0.187
2026-04-24,-0.186
2026-04-25,-0.186
2026-04-26,-0.185
2026-04-27,-0.184
2026-04-28,-0.184
2026-04-29,-0.183
2026-04-30,-0.182
2026-05-01,-0.182
2026-05-02,-0.181
2026-05-03,-0.180
2026-05-04,-0.180
2026-05-05,-0.179
2026-05-06,-0.178
2026-05-07,-0.178
2026-05-08,-0.177
2026-05-09,-0.176
2026-05-10,-0.176
2026-05-11,-0.175
2026-05-12,-0.174
2026-05-13,-0.174
2026-05-14,-0.173
2026-05-15,-0.172
2026-05-16,-0.172
2026-05-17,-0.171
2026-05-18,-0.171
2026-05-19,-0.170
2026-05-20,-0.169
2026-05-21,-0.169
2026-05-22,-0.168
2026-05-23,-0.167
2026-05-24,-0.167
2026-05-25,-0.166
2026-05-26,-0.166
2026-05-27,-0.165
2026-05-28,-0.165
2026-05-29,-0.164
2026-05-30,-0.163
